timestamp,target_subject,psi,window_size,threshold,alert
2025-11-27T19:01:16.930969,Marvel,10.506968113529807,50,0.25,True
2025-11-27T19:01:26.937116,Marvel,12.685478361111855,50,0.25,True
2025-11-27T19:01:36.945123,Marvel,8.821833122952842,50,0.25,True
2025-11-27T19:01:46.983301,Marvel,11.543527175967679,50,0.25,True
2025-11-29T15:19:55.155080,Marvel,11.748862313418751,50,0.25,True
2025-11-29T15:20:08.498920,Marvel,11.690961612392588,50,0.25,True
2025-11-29T15:34:31.984784,Marvel,10.506968113529807,True
2025-11-29T15:34:32.046937,Marvel,10.506968113529807,True
2025-11-29T15:34:32.075610,Marvel,10.506968113529807,True
2025-11-29T15:34:32.113137,Ricardo,12.429166479979596,True
2025-11-29T15:34:32.140181,Marvel,10.506968113529807,True
2025-11-29T15:34:32.168789,Marvel,10.506968113529807,True
2025-11-29T15:34:32.195369,Marvel,10.506968113529807,True
2025-11-29T15:34:32.228282,Marvel,10.506968113529807,True
2025-11-29T15:34:32.263070,Marvel,10.506968113529807,True
2025-11-29T15:34:32.289149,Marvel,10.506968113529807,True
2025-11-29T15:34:32.316372,Marvel,10.506968113529807,True
2025-11-29T15:34:32.345586,Marvel,10.506968113529807,True
2025-11-29T15:34:32.374237,Ricardo,12.429166479979596,True
2025-11-29T15:34:32.410729,Ricardo,12.429166479979596,True
2025-11-29T15:34:32.446750,Ricardo,12.429166479979596,True
2025-11-29T15:34:32.480799,Ricardo,12.429166479979596,True
2025-11-29T15:34:32.513062,Marvel,10.506968113529807,True
2025-11-29T15:34:32.540118,Marvel,10.506968113529807,True
2025-11-29T15:34:32.568968,Marvel,10.506968113529807,True
2025-11-29T15:34:32.601235,Ricardo,12.429166479979596,True
2025-11-29T15:34:32.637855,Ricardo,12.429166479979596,True
2025-11-29T15:34:32.667929,Ricardo,12.429166479979596,True
2025-11-29T15:34:32.696047,Ricardo,12.429166479979596,True
2025-11-29T15:34:32.730860,Ricardo,12.429166479979596,True
2025-11-29T15:34:32.769282,Marvel,10.518416772290333,True
2025-11-29T15:34:32.797156,Ricardo,12.429166479979596,True
2025-11-29T15:34:32.826163,Ricardo,12.429166479979596,True
2025-11-29T15:34:32.856271,Ricardo,12.429166479979596,True
2025-11-29T15:34:32.885961,Ricardo,12.429166479979596,True
2025-11-29T15:34:32.914123,Ricardo,12.429166479979596,True
2025-11-29T15:34:32.954661,Ricardo,12.429166479979596,True
2025-11-29T15:34:32.982006,Marvel,10.518416772290333,True
2025-11-29T15:34:33.012786,Marvel,10.518416772290333,True
2025-11-29T15:34:33.048718,Ricardo,12.429166479979596,True
2025-11-29T15:34:33.081946,Ricardo,12.429166479979596,True
2025-11-29T15:34:33.111712,Ricardo,12.429166479979596,True
2025-11-29T15:34:33.140065,Ricardo,12.429166479979596,True
2025-11-29T15:34:33.171943,Ricardo,12.429166479979596,True
2025-11-29T15:34:33.204643,Ricardo,12.429166479979596,True
2025-11-29T15:34:33.250654,Ricardo,12.429166479979596,True
2025-11-29T15:34:33.288574,Ricardo,12.429166479979596,True
2025-11-29T15:34:33.329363,Ricardo,12.429166479979596,True
2025-11-29T15:34:33.361045,Ricardo,12.429166479979596,True
2025-11-29T15:34:33.394725,Marvel,10.506968113529807,True
2025-11-29T15:34:33.427671,Ricardo,12.429166479979596,True
2025-11-29T15:34:33.462432,Marvel,10.50644002383883,True
2025-11-29T15:34:33.496751,Marvel,10.50644002383883,True
2025-11-29T15:34:33.526922,Marvel,10.50644002383883,True
2025-11-29T15:34:33.559749,Marvel,10.50644002383883,True
2025-11-29T15:34:33.593304,Marvel,10.513650127268923,True
2025-11-29T15:34:33.622604,Marvel,10.513650127268923,True
2025-11-29T15:34:33.653829,Marvel,10.526770159010589,True
2025-11-29T15:34:33.684155,Marvel,10.526770159010589,True
2025-11-29T15:34:33.712313,Ricardo,12.429166479979596,True
2025-11-29T15:34:33.743379,Ricardo,12.429166479979596,True
2025-11-29T15:34:33.772595,Ricardo,12.429166479979596,True
2025-11-29T15:34:33.802417,Ricardo,12.429166479979596,True
2025-11-29T15:34:33.829879,Ricardo,12.429166479979596,True
2025-11-29T15:34:33.862448,Ricardo,12.429166479979596,True
2025-11-29T15:34:33.891248,Ricardo,12.429166479979596,True
2025-11-29T15:34:33.925025,Ricardo,12.429166479979596,True
2025-11-29T15:34:33.958526,Ricardo,12.429166479979596,True
2025-11-29T15:34:33.988440,Ricardo,12.429166479979596,True
2025-11-29T15:34:34.017728,Ricardo,12.429166479979596,True
2025-11-29T15:34:34.045757,Ricardo,12.429166479979596,True
2025-11-29T15:34:34.076232,Ricardo,12.429166479979596,True
2025-11-29T15:34:34.105833,Ricardo,12.429166479979596,True
2025-11-29T15:34:34.134213,Ricardo,12.429166479979596,True
2025-11-29T15:34:34.163877,Ricardo,12.429166479979596,True
2025-11-29T15:34:34.193179,Ricardo,12.429166479979596,True
2025-11-29T15:34:34.222198,Ricardo,12.429166479979596,True
2025-11-29T15:34:34.251632,Ricardo,12.429166479979596,True
2025-11-29T15:34:34.278910,Ricardo,12.429166479979596,True
2025-11-29T15:34:34.307628,Ricardo,12.429166479979596,True
2025-11-29T15:34:34.334362,Ricardo,12.429166479979596,True
2025-11-29T15:34:34.361365,Ricardo,12.429166479979596,True
2025-11-29T15:34:34.390641,Ricardo,12.429166479979596,True
2025-11-29T15:34:34.420696,Ricardo,12.429166479979596,True
2025-11-29T15:34:34.455625,Ricardo,12.429166479979596,True
2025-11-29T15:34:34.483693,Ricardo,12.429166479979596,True
2025-11-29T15:34:34.512940,Ricardo,12.429166479979596,True
2025-11-29T15:34:34.557690,Ricardo,12.429166479979596,True
2025-11-29T15:34:34.583634,Ricardo,12.429166479979596,True
2025-11-29T15:34:34.639785,Ricardo,12.429166479979596,True
2025-11-29T15:34:34.710701,Ricardo,12.429166479979596,True
2025-11-29T15:34:34.738511,Ricardo,12.429166479979596,True
2025-11-29T15:34:34.769788,Ricardo,12.429166479979596,True
2025-11-29T15:34:34.797856,Ricardo,12.429166479979596,True
2025-11-29T15:34:34.859716,Ricardo,12.429166479979596,True
2025-11-29T15:34:34.889420,Marvel,10.526770159010589,True
2025-11-29T15:34:34.927238,Marvel,10.526770159010589,True
2025-11-29T15:34:34.954487,Ricardo,12.429166479979596,True
2025-11-29T15:34:35.000978,Marvel,10.526770159010589,True
2025-11-29T15:34:35.027801,Ricardo,12.429166479979596,True
2025-11-29T15:34:35.211502,Ricardo,12.429166479979596,True
2025-11-29T15:34:35.361816,Ricardo,12.429166479979596,True
2025-11-29T15:34:35.448788,Ricardo,12.429166479979596,True
2025-11-29T15:34:35.494044,Ricardo,12.429166479979596,True
2025-11-29T15:34:35.524620,Ricardo,12.429166479979596,True
2025-11-29T15:34:35.614165,Ricardo,12.429166479979596,True
2025-11-29T15:34:35.640025,Ricardo,12.429166479979596,True
2025-11-29T15:34:35.805392,Ricardo,12.429166479979596,True
2025-11-29T15:34:35.838530,Ricardo,12.429166479979596,True
2025-11-29T15:34:35.959773,Ricardo,12.429166479979596,True
2025-11-29T15:34:36.084418,Ricardo,12.429166479979596,True
2025-11-29T15:34:36.114645,Marvel,10.526770159010589,True
2025-11-29T15:34:36.152031,Marvel,10.526770159010589,True
2025-11-29T15:34:36.184571,Marvel,10.526770159010589,True
2025-11-29T15:34:36.212325,Marvel,10.526770159010589,True
2025-11-29T15:34:36.243127,Marvel,10.526770159010589,True
2025-11-29T15:34:36.303604,Marvel,10.526770159010589,True
2025-11-29T15:34:36.335712,Marvel,10.526770159010589,True
2025-11-29T15:34:36.362306,Marvel,10.526770159010589,True
2025-11-29T15:34:36.420271,Marvel,10.526770159010589,True
2025-11-29T15:34:36.458302,Marvel,10.526770159010589,True
2025-11-29T15:34:36.934640,Marvel,10.526770159010589,True
2025-11-29T15:34:37.001830,Marvel,10.526770159010589,True
2025-11-29T15:34:37.035039,Marvel,10.526770159010589,True
2025-11-29T15:34:37.217911,Jeniffer,11.561538276029479,True
2025-11-29T15:34:37.256150,Jeniffer,11.561538276029479,True
2025-11-29T15:34:37.285834,Jeniffer,11.561538276029479,True
2025-11-29T15:34:37.321256,Jeniffer,11.561538276029479,True
2025-11-29T15:34:37.348857,Jeniffer,11.561538276029479,True
2025-11-29T15:34:37.377663,Jeniffer,11.561538276029479,True
2025-11-29T15:34:37.404337,Jeniffer,11.561538276029479,True
2025-11-29T15:34:37.444808,Jeniffer,11.561538276029479,True
2025-11-29T15:34:37.477306,Jeniffer,11.561538276029479,True
2025-11-29T15:34:37.504389,Jeniffer,11.561538276029479,True
2025-11-29T15:34:37.529373,Jeniffer,11.561538276029479,True
2025-11-29T15:34:37.567277,Jeniffer,11.561538276029479,True
2025-11-29T15:34:37.597326,Jeniffer,11.561538276029479,True
2025-11-29T15:34:37.624696,Marvel,10.526770159010589,True
2025-11-29T15:34:37.653441,Jeniffer,11.561538276029479,True
2025-11-29T15:34:37.687012,Marvel,10.526770159010589,True
2025-11-29T15:34:37.731308,Marvel,10.526770159010589,True
2025-11-29T15:34:37.758463,Marvel,10.526770159010589,True
2025-11-29T15:34:37.791513,Marvel,10.526770159010589,True
2025-11-29T15:34:37.818612,Marvel,10.526770159010589,True
2025-11-29T15:34:37.846080,Marvel,10.526770159010589,True
2025-11-29T15:34:37.878195,Marvel,10.526770159010589,True
2025-11-29T15:34:37.913824,Marvel,10.526770159010589,True
2025-11-29T15:34:37.940729,Marvel,10.526770159010589,True
2025-11-29T15:34:37.985952,Marvel,10.526770159010589,True
2025-11-29T15:34:38.020309,Marvel,10.526770159010589,True
2025-11-29T15:34:38.048566,Marvel,10.526770159010589,True
2025-11-29T15:34:38.082183,Marvel,10.526770159010589,True
2025-11-29T15:34:38.108663,Marvel,10.526770159010589,True
2025-11-29T15:34:38.136374,Marvel,10.526770159010589,True
2025-11-29T15:34:38.162985,Marvel,10.526770159010589,True
2025-11-29T15:34:38.192847,Marvel,10.526770159010589,True
2025-11-29T15:34:38.223962,Marvel,10.526770159010589,True
2025-11-29T15:34:38.251904,Marvel,10.526770159010589,True
2025-11-29T15:34:38.289392,Marvel,10.526770159010589,True
2025-11-29T15:34:38.315122,Marvel,10.526770159010589,True
2025-11-29T15:34:38.353119,Marvel,10.526770159010589,True
2025-11-29T15:34:38.380905,Marvel,10.526770159010589,True
2025-11-29T15:34:38.416416,Marvel,10.526770159010589,True
2025-11-29T15:34:38.444088,Marvel,10.513650127268923,True
2025-11-29T15:34:38.478264,Marvel,10.50644002383883,True
2025-11-29T15:34:38.506007,Marvel,10.506968113529807,True
2025-11-29T15:34:38.538153,Marvel,10.518416772290333,True
2025-11-29T15:34:38.646429,Marvel,10.547368941218709,True
2025-11-29T15:34:38.674448,Marvel,10.612938988699812,True
2025-11-29T15:34:38.702736,Marvel,10.612938988699812,True
2025-11-29T15:34:38.740813,Marvel,11.543527175967679,True
2025-11-29T15:34:38.767656,Marvel,11.543527175967679,True
2025-11-29T15:34:38.793441,Marvel,11.543527175967679,True
2025-11-29T15:34:38.820820,Marvel,11.543527175967679,True
2025-11-29T15:34:38.851577,Marvel,11.543527175967679,True
2025-11-29T15:34:38.889748,Marvel,11.543527175967679,True
2025-11-29T15:34:38.918279,Marvel,11.543527175967679,True
2025-11-29T15:34:38.944196,Marvel,11.543527175967679,True
2025-11-29T15:34:38.980667,Marvel,11.543527175967679,True
2025-11-29T15:34:39.011922,Marvel,11.543527175967679,True
2025-11-29T15:34:39.037990,Marvel,11.543527175967679,True
2025-11-29T15:34:39.075800,Marvel,11.543527175967679,True
2025-11-29T15:34:39.108584,Marvel,11.543527175967679,True
2025-11-29T15:34:39.141741,Marvel,11.543527175967679,True
2025-11-29T15:34:39.180499,Marvel,11.543527175967679,True
2025-11-29T15:34:39.211689,Marvel,11.543527175967679,True
2025-11-29T15:34:39.237460,Marvel,11.543527175967679,True
2025-11-29T15:34:39.354182,Marvel,11.543527175967679,True
2025-11-29T15:34:39.390629,Marvel,11.543527175967679,True
2025-11-29T15:34:39.420128,Marvel,11.543527175967679,True
2025-11-29T15:34:39.448857,Marvel,11.543527175967679,True
2025-11-29T15:34:39.477147,Marvel,11.543527175967679,True
2025-11-29T15:34:39.506808,Marvel,11.543527175967679,True
2025-11-29T15:34:39.543596,Marvel,11.543527175967679,True
2025-11-29T15:34:39.575245,Marvel,11.543527175967679,True
2025-11-29T15:34:39.645973,Marvel,11.543527175967679,True
2025-11-29T15:34:39.676251,Marvel,11.543527175967679,True
2025-11-29T15:34:39.700426,Marvel,11.543527175967679,True
2025-11-29T15:34:41.084155,Felix,9.35246219103204,True
2025-11-29T15:34:41.119477,Felix,9.367203519321937,True
2025-11-29T15:34:41.149127,Felix,9.38602623475936,True
2025-11-29T15:34:41.178704,Felix,9.312248645677084,True
2025-11-29T15:34:41.208563,Felix,9.312248645677084,True
2025-11-29T15:34:41.249492,Felix,9.312248645677084,True
2025-11-29T15:34:41.279463,Felix,9.312248645677084,True
2025-11-29T15:34:41.311706,Felix,9.312248645677084,True
2025-11-29T15:34:41.345427,Felix,9.312248645677084,True
2025-11-29T15:34:41.374734,Felix,9.312248645677084,True
2025-11-29T15:34:41.404052,Felix,9.312248645677084,True
2025-11-29T15:34:41.439107,Felix,9.312248645677084,True
2025-11-29T15:34:41.472186,Felix,9.312248645677084,True
2025-11-29T15:34:41.501488,Felix,9.312248645677084,True
2025-11-29T15:34:41.530728,Felix,9.312248645677084,True
2025-11-29T15:34:41.562605,Felix,9.312248645677084,True
2025-11-29T15:34:41.591545,Felix,9.312248645677084,True
2025-11-29T15:34:41.624012,Felix,9.312248645677084,True
2025-11-29T15:34:41.652387,Felix,9.312248645677084,True
2025-11-29T15:34:41.679349,Felix,9.312248645677084,True
2025-11-29T15:34:41.709311,Felix,9.312248645677084,True
2025-11-29T15:34:41.747726,Felix,9.312248645677084,True
2025-11-29T15:34:41.773574,Felix,9.312248645677084,True
2025-11-29T15:34:41.812094,Felix,9.312248645677084,True
2025-11-29T15:34:41.843264,Felix,9.312248645677084,True
2025-11-29T15:34:41.871213,Felix,9.312248645677084,True
2025-11-29T15:34:41.898105,Felix,9.312248645677084,True
2025-11-29T15:34:41.943221,Felix,9.312248645677084,True
2025-11-29T15:34:41.969298,Felix,9.293425930239657,True
2025-11-29T15:34:41.997774,Felix,9.27868460194976,True
2025-11-29T15:34:42.023851,Felix,9.27868460194976,True
2025-11-29T15:34:42.052706,Felix,9.27868460194976,True
2025-11-29T15:34:42.085225,Felix,9.26887214362079,True
2025-11-29T15:34:42.115282,Felix,9.265225712484913,True
2025-11-29T15:34:42.151492,Felix,9.265225712484913,True
2025-11-29T15:34:42.183591,Felix,9.265225712484913,True
2025-11-29T15:34:42.214693,Felix,9.265225712484913,True
2025-11-29T15:34:42.246384,Felix,9.269688583511197,True
2025-11-29T15:34:42.273530,Felix,9.269688583511197,True
2025-11-29T15:34:42.306640,Felix,9.269688583511197,True
2025-11-29T15:34:42.347180,Felix,9.269688583511197,True
2025-11-29T15:34:42.371925,Felix,9.269688583511197,True
2025-11-29T15:34:42.401916,Felix,9.269688583511197,True
2025-11-29T15:34:42.446271,Felix,9.269688583511197,True
2025-11-29T15:34:42.475979,Felix,9.269688583511197,True
2025-11-29T15:34:42.504885,Felix,9.269688583511197,True
2025-11-29T15:34:42.532568,Felix,9.28565873743555,True
2025-11-29T15:34:42.564592,Felix,9.28565873743555,True
2025-11-29T15:34:42.590863,Felix,9.28565873743555,True
2025-11-29T15:34:42.627784,Felix,9.320203156397362,True
2025-11-29T15:34:42.654713,Felix,9.393980745479642,True
2025-11-29T15:34:42.683766,Felix,9.467758334561918,True
2025-11-29T15:34:42.722602,Felix,10.49028433513875,True
2025-11-29T15:34:42.753644,Felix,11.512810335715578,True
2025-11-29T15:34:42.780917,Felix,11.512810335715578,True
2025-11-29T15:34:42.822698,Felix,11.512810335715578,True
2025-11-29T15:34:42.854105,Felix,11.512810335715578,True
2025-11-29T15:34:42.879430,Felix,11.512810335715578,True
2025-11-29T15:34:42.911710,Felix,11.512810335715578,True
2025-11-29T15:34:42.942346,Felix,11.512810335715578,True
2025-11-29T15:34:42.969784,Felix,11.512810335715578,True
2025-11-29T15:34:42.997783,Felix,11.512810335715578,True
2025-11-29T15:34:43.027881,Felix,11.512810335715578,True
2025-11-29T15:34:43.054014,Felix,11.512810335715578,True
2025-11-29T15:34:43.095850,Felix,11.512810335715578,True
2025-11-29T15:34:43.121135,Felix,11.512810335715578,True
2025-11-29T15:34:43.159818,Felix,11.512810335715578,True
2025-11-29T15:34:43.188680,Felix,11.512810335715578,True
2025-11-29T15:34:43.226236,Felix,11.512810335715578,True
2025-11-29T15:34:43.258463,Felix,11.512810335715578,True
2025-11-29T15:34:43.294481,Felix,11.512810335715578,True
2025-11-29T15:34:43.325641,Felix,11.512810335715578,True
2025-11-29T15:34:43.351935,Felix,11.512810335715578,True
2025-11-29T15:34:43.377899,Felix,11.512810335715578,True
2025-11-29T15:34:43.419968,Felix,11.512810335715578,True
2025-11-29T15:34:43.450414,Felix,10.49028433513875,True
2025-11-29T15:34:43.480222,Felix,10.49028433513875,True
2025-11-29T15:34:43.509768,Felix,10.49028433513875,True
2025-11-29T15:34:43.540924,Felix,10.49028433513875,True
2025-11-29T15:34:43.569101,Felix,10.49028433513875,True
2025-11-29T15:34:43.598931,Felix,10.49028433513875,True
2025-11-29T15:34:43.625829,Felix,10.49028433513875,True
2025-11-29T15:34:43.658203,Felix,10.49028433513875,True
2025-11-29T15:34:43.687647,Felix,10.49028433513875,True
2025-11-29T15:34:43.715681,Felix,10.49028433513875,True
2025-11-29T15:34:43.751820,Felix,10.49028433513875,True
2025-11-29T15:34:43.785506,Felix,10.49028433513875,True
2025-11-29T15:34:43.817462,Felix,10.49028433513875,True
2025-11-29T15:34:43.846459,Felix,10.49028433513875,True
2025-11-29T15:34:43.883221,Felix,10.49028433513875,True
2025-11-29T15:34:43.910773,Felix,10.49028433513875,True
2025-11-29T15:34:43.947264,Felix,10.49028433513875,True
2025-11-29T15:34:43.974512,Felix,10.49028433513875,True
2025-11-29T15:34:44.000032,Felix,10.49028433513875,True
2025-11-29T15:34:44.038405,Felix,10.49028433513875,True
2025-11-29T15:34:44.070969,Felix,10.49028433513875,True
2025-11-29T15:34:44.102659,Felix,10.49028433513875,True
2025-11-29T15:34:44.138375,Felix,10.49028433513875,True
2025-11-29T15:34:44.162883,Felix,10.49028433513875,True
2025-11-29T15:34:44.192295,Felix,10.49028433513875,True
2025-11-29T15:34:44.220567,Felix,10.49028433513875,True
2025-11-29T15:34:44.256136,Felix,10.49028433513875,True
2025-11-29T15:34:44.282298,Felix,10.49028433513875,True
2025-11-29T15:34:44.328672,Felix,10.49028433513875,True
2025-11-29T15:34:44.355214,Felix,10.49028433513875,True
2025-11-29T15:34:44.384388,Felix,10.49028433513875,True
2025-11-29T15:34:44.416741,Felix,10.41650674605647,True
2025-11-29T15:34:44.448972,Felix,10.41650674605647,True
2025-11-29T15:34:44.478326,Felix,10.41650674605647,True
2025-11-29T15:34:44.505930,Felix,10.41650674605647,True
2025-11-29T15:34:44.535790,Felix,10.41650674605647,True
2025-11-29T15:34:44.564054,Felix,10.41650674605647,True
2025-11-29T15:34:44.604153,Felix,10.41650674605647,True
2025-11-29T15:34:44.634257,Felix,10.41650674605647,True
2025-11-29T15:34:44.662190,Felix,10.41650674605647,True
2025-11-29T15:34:44.693368,Felix,10.381962327094659,True
2025-11-29T15:34:44.720651,Felix,10.365992173170305,True
2025-11-29T15:34:44.753488,Felix,10.365992173170305,True
2025-11-29T15:34:44.784026,Felix,10.365992173170305,True
2025-11-29T15:34:44.816937,Felix,10.365992173170305,True
2025-11-29T15:34:44.860815,Felix,10.365992173170305,True
2025-11-29T15:34:44.888762,Felix,10.365992173170305,True
2025-11-29T15:34:44.917238,Felix,10.365992173170305,True
2025-11-29T15:34:44.950550,Felix,10.365992173170305,True
2025-11-29T15:34:44.980998,Felix,10.365992173170305,True
2025-11-29T15:34:45.011276,Felix,10.381962327094659,True
2025-11-29T15:34:45.036833,Felix,10.381962327094659,True
2025-11-29T15:34:45.074378,Felix,10.381962327094659,True
2025-11-29T15:34:45.103914,Felix,10.365992173170305,True
2025-11-29T15:34:45.138054,Felix,10.361529302144021,True
2025-11-29T15:34:45.166636,Felix,10.361529302144021,True
2025-11-29T15:34:45.202716,Felix,10.361529302144021,True
2025-11-29T15:34:45.231003,Felix,10.361529302144021,True
2025-11-29T15:34:45.258888,Felix,10.365175733279898,True
2025-11-29T15:34:45.290374,Felix,10.374988191608868,True
2025-11-29T15:34:45.316367,Felix,10.374988191608868,True
2025-11-29T15:34:45.348386,Felix,10.374988191608868,True
2025-11-29T15:34:45.376717,Felix,10.389729519898765,True
2025-11-29T15:34:45.414775,Felix,10.389729519898765,True
2025-11-29T15:34:45.449131,Felix,10.389729519898765,True
2025-11-29T15:34:45.476084,Felix,10.389729519898765,True
2025-11-29T15:34:45.503349,Felix,10.389729519898765,True
2025-11-29T15:34:45.530922,Felix,10.389729519898765,True
2025-11-29T15:34:45.570272,Felix,10.389729519898765,True
2025-11-29T15:34:45.597138,Felix,10.389729519898765,True
2025-11-29T15:34:45.636208,Felix,10.389729519898765,True
2025-11-29T15:34:45.662158,Felix,10.389729519898765,True
2025-11-29T15:34:45.695442,Felix,10.389729519898765,True
2025-11-29T15:34:45.731335,Felix,10.389729519898765,True
2025-11-29T15:34:45.759371,Felix,10.389729519898765,True
2025-11-29T15:34:45.795687,Felix,10.389729519898765,True
2025-11-29T15:34:45.820867,Felix,10.389729519898765,True
2025-11-29T15:34:45.855096,Felix,10.389729519898765,True
2025-11-29T15:34:45.881970,Felix,10.389729519898765,True
2025-11-29T15:34:45.915497,Felix,10.389729519898765,True
2025-11-29T15:34:45.940769,Felix,10.389729519898765,True
2025-11-29T15:34:45.982550,Felix,10.374988191608868,True
2025-11-29T15:34:46.019245,Felix,10.374988191608868,True
2025-11-29T15:34:46.049158,Felix,10.374988191608868,True
2025-11-29T15:34:46.075840,Felix,10.374988191608868,True
2025-11-29T15:34:46.102239,Felix,10.374988191608868,True
2025-11-29T15:34:46.133122,Felix,10.374988191608868,True
2025-11-29T15:34:46.172096,Felix,10.389729519898765,True
2025-11-29T15:34:46.210459,Felix,10.389729519898765,True
2025-11-29T15:34:46.241426,Felix,10.389729519898765,True
2025-11-29T15:34:46.273587,Felix,10.389729519898765,True
2025-11-29T15:34:46.302271,Felix,10.389729519898765,True
2025-11-29T15:34:46.330272,Felix,10.389729519898765,True
2025-11-29T15:34:46.361702,Felix,10.408552235336188,True
2025-11-29T15:34:46.390955,Felix,10.430844020200016,True
2025-11-29T15:34:46.418497,Felix,10.456144185387732,True
2025-11-29T15:34:46.463126,Felix,10.484094925373565,True
2025-11-29T15:34:46.490568,Felix,10.51441113334841,True
2025-11-29T15:34:46.520152,Felix,10.54686079723663,True
2025-11-29T15:34:46.548048,Felix,10.581251759877642,True
2025-11-29T15:34:46.579686,Felix,10.617422480301268,True
2025-11-29T15:34:46.617955,Felix,10.617422480301268,True
2025-11-29T15:34:46.646012,Felix,10.617422480301268,True
2025-11-29T15:34:46.675584,Felix,10.581251759877642,True
2025-11-29T15:34:46.700883,Felix,10.54686079723663,True
2025-11-29T15:34:46.743890,Felix,10.54686079723663,True
2025-11-29T15:34:46.772838,Felix,10.54686079723663,True
2025-11-29T15:34:46.799141,Felix,10.54686079723663,True
2025-11-29T15:34:46.826662,Felix,10.51441113334841,True
2025-11-29T15:34:46.861382,Felix,10.484094925373565,True
2025-11-29T15:34:46.898147,Felix,10.484094925373565,True
2025-11-29T15:34:46.933259,Felix,10.484094925373565,True
2025-11-29T15:34:46.961568,Marvel,11.543527175967679,True
2025-11-29T15:34:46.988177,Felix,10.456144185387732,True
2025-11-29T15:34:47.020934,Felix,10.456144185387732,True
2025-11-29T15:34:47.052083,Felix,10.456144185387732,True
2025-11-29T15:34:47.079048,Felix,10.456144185387732,True
2025-11-29T15:34:47.107842,Felix,10.456144185387732,True
2025-11-29T15:34:47.135162,Felix,10.456144185387732,True
2025-11-29T15:34:47.173081,Felix,10.456144185387732,True
2025-11-29T15:34:47.211147,Felix,10.456144185387732,True
2025-11-29T15:34:47.238877,Felix,10.456144185387732,True
2025-11-29T15:34:47.267116,Felix,10.456144185387732,True
2025-11-29T15:34:47.303156,Felix,10.456144185387732,True
2025-11-29T15:34:47.334914,Felix,10.456144185387732,True
2025-11-29T15:34:47.360760,Felix,10.456144185387732,True
2025-11-29T15:34:47.393169,Felix,10.456144185387732,True
2025-11-29T15:34:47.421560,Felix,10.456144185387732,True
2025-11-29T15:34:47.449836,Felix,10.456144185387732,True
2025-11-29T15:34:47.486385,Felix,10.456144185387732,True
2025-11-29T15:34:47.519087,Marvel,11.543527175967679,True
2025-11-29T15:34:47.550217,Marvel,11.543527175967679,True
2025-11-29T15:34:47.582138,Felix,10.456144185387732,True
2025-11-29T15:34:47.607345,Felix,10.456144185387732,True
2025-11-29T15:34:47.641655,Felix,10.456144185387732,True
2025-11-29T15:34:47.681912,Felix,10.456144185387732,True
2025-11-29T15:34:47.710034,Felix,10.456144185387732,True
2025-11-29T15:34:47.738387,Marvel,11.543527175967679,True
2025-11-29T15:34:47.766450,Marvel,11.543527175967679,True
2025-11-29T15:34:47.802602,Marvel,11.543527175967679,True
2025-11-29T15:34:47.829273,Marvel,11.543527175967679,True
2025-11-29T15:34:47.866543,Marvel,11.543527175967679,True
2025-11-29T15:34:47.894096,Marvel,11.543527175967679,True
2025-11-29T15:34:47.921205,Marvel,11.543527175967679,True
2025-11-29T15:34:47.957295,Marvel,11.543527175967679,True
2025-11-29T15:34:47.993804,Marvel,11.543527175967679,True
2025-11-29T15:34:48.021605,Marvel,11.543527175967679,True
2025-11-29T15:34:48.048508,Marvel,11.543527175967679,True
2025-11-29T15:34:48.086199,Marvel,11.543527175967679,True
2025-11-29T15:34:48.113029,Jeniffer,11.561538276029479,True
2025-11-29T15:34:48.147311,Jeniffer,11.561538276029479,True
2025-11-29T15:34:48.176673,Jeniffer,11.561538276029479,True
2025-11-29T15:34:48.204994,Ricardo,12.429166479979596,True
2025-11-29T15:34:48.232587,Ricardo,12.429166479979596,True
2025-11-29T15:34:48.269513,Ricardo,12.429166479979596,True
2025-11-29T15:34:48.307296,Marvel,11.543527175967679,True
2025-11-29T15:34:48.338916,Ricardo,12.429166479979596,True
2025-11-29T15:34:48.370267,Ricardo,12.429166479979596,True
2025-11-29T15:34:48.399387,Ricardo,12.429166479979596,True
2025-11-29T15:34:48.433062,Marvel,11.543527175967679,True
2025-11-29T15:34:48.461769,Marvel,11.543527175967679,True
2025-11-29T15:34:48.490478,Jeniffer,11.561538276029479,True
2025-11-29T15:34:48.521877,Jeniffer,11.561538276029479,True
2025-11-29T15:34:48.550608,Jeniffer,11.561538276029479,True
2025-11-29T15:34:48.582360,Jeniffer,11.561538276029479,True
2025-11-29T15:34:48.618983,Jeniffer,11.561538276029479,True
2025-11-29T15:34:48.648167,Ricardo,12.429166479979596,True
2025-11-29T15:34:48.676044,Jeniffer,11.561538276029479,True
2025-11-29T15:34:48.706092,Marvel,11.543527175967679,True
2025-11-29T15:34:48.748193,Marvel,11.543527175967679,True
2025-11-29T15:34:48.774416,Marvel,11.543527175967679,True
2025-11-29T15:34:48.806029,Marvel,11.543527175967679,True
2025-11-29T15:34:48.832368,Ricardo,12.429166479979596,True
2025-11-29T15:34:48.861816,Marvel,11.543527175967679,True
2025-11-29T15:34:48.890819,Ricardo,12.429166479979596,True
2025-11-29T15:34:48.934940,Jeniffer,11.561538276029479,True
2025-11-29T15:34:48.968800,Jeniffer,11.561538276029479,True
2025-11-29T15:34:48.997346,Ricardo,12.429166479979596,True
2025-11-29T15:34:49.033389,Marvel,11.543527175967679,True
2025-11-29T15:34:49.061024,Marvel,11.543527175967679,True
2025-11-29T15:34:49.089241,Ricardo,12.429166479979596,True
2025-11-29T15:34:49.118199,Marvel,11.543527175967679,True
2025-11-29T15:34:49.150274,Marvel,11.543527175967679,True
2025-11-29T15:34:50.570328,Ricardo,12.429166479979596,True
2025-11-29T15:34:52.537615,Jeniffer,11.561538276029479,True
2025-11-29T15:34:52.600357,Ricardo,12.429166479979596,True
2025-11-29T15:34:52.646737,Ricardo,12.429166479979596,True
2025-11-29T15:34:52.752755,Marvel,11.543527175967679,True
2025-11-29T15:34:52.781373,Jeniffer,11.561538276029479,True
2025-11-29T15:34:52.814316,Jeniffer,11.561538276029479,True
2025-11-29T15:34:52.841874,Marvel,11.543527175967679,True
2025-11-29T15:34:54.205044,Hansen,6.926908093370292,True
2025-11-29T15:34:54.232951,Hansen,6.957224301345136,True
2025-11-29T15:34:54.258858,Hansen,6.989673965233354,True
2025-11-29T15:34:54.294912,Hansen,7.0240649278743685,True
2025-11-29T15:34:54.326251,Hansen,7.094780067259805,True
2025-11-29T15:34:54.355139,Hansen,7.220665590530972,True
2025-11-29T15:34:54.391950,Hansen,8.28100451653986,True
2025-11-29T15:34:54.419125,Hansen,9.342867213347521,True
2025-11-29T15:34:54.444547,Hansen,9.469530699682313,True
2025-11-29T15:34:54.470460,Hansen,10.54569198319004,True
2025-11-29T15:34:54.510125,Hansen,10.532814199124061,True
2025-11-29T15:34:54.537822,Hansen,10.522016311522457,True
2025-11-29T15:34:54.565927,Hansen,10.513247117090184,True
2025-11-29T15:34:54.602171,Hansen,10.506466447447604,True
2025-11-29T15:34:54.632027,Hansen,10.501644077401583,True
2025-11-29T15:34:54.669244,Hansen,10.501644077401583,True
2025-11-29T15:34:54.695940,Hansen,10.498758940126425,True
2025-11-29T15:34:54.723290,Hansen,10.497798598519744,True
2025-11-29T15:34:54.761373,Hansen,10.498758940126425,True
2025-11-29T15:34:54.790010,Hansen,10.501644077401583,True
2025-11-29T15:34:54.831499,Hansen,10.506466447447604,True
2025-11-29T15:34:54.855956,Hansen,10.506466447447604,True
2025-11-29T15:34:54.882323,Hansen,10.513247117090184,True
2025-11-29T15:34:54.939201,Hansen,10.506466447447604,True
2025-11-29T15:34:54.971848,Hansen,10.513247117090184,True
2025-11-29T15:34:55.005502,Hansen,10.513247117090184,True
2025-11-29T15:34:55.032240,Hansen,10.522016311522457,True
2025-11-29T15:34:55.057665,Hansen,10.532814199124061,True
2025-11-29T15:34:55.086981,Hansen,10.54569198319004,True
2025-11-29T15:34:55.114803,Hansen,10.560713375619905,True
2025-11-29T15:34:55.141287,Hansen,10.577956561795308,True
2025-11-29T15:34:55.181757,Hansen,10.597516815739272,True
2025-11-29T15:34:55.209418,Hansen,10.597516815739272,True
2025-11-29T15:34:55.250668,Hansen,10.619509999798716,True
2025-11-29T15:34:55.284859,Hansen,10.64407729991133,True
2025-11-29T15:34:55.308977,Hansen,10.64407729991133,True
2025-11-29T15:34:55.350339,Hansen,10.64407729991133,True
2025-11-29T15:34:55.377074,Hansen,10.671391735014918,True
2025-11-29T15:34:55.415289,Hansen,10.701667290729148,True
2025-11-29T15:34:55.441866,Hansen,10.735172065804342,True
2025-11-29T15:34:55.469608,Hansen,10.735172065804342,True
2025-11-29T15:34:55.496356,Hansen,10.772247792839181,True
2025-11-29T15:34:55.524192,Hansen,10.772247792839181,True
2025-11-29T15:34:55.551968,Hansen,10.772247792839181,True
2025-11-29T15:34:55.594997,Hansen,10.813339948655663,True
2025-11-29T15:34:55.635013,Hansen,10.859046432514504,True
2025-11-29T15:34:55.663749,Hansen,10.910201042465985,True
2025-11-29T15:34:55.690393,Hansen,10.968027930441437,True
2025-11-29T15:34:55.715577,Hansen,10.968027930441437,True
2025-11-29T15:34:55.742742,Hansen,10.968027930441437,True
2025-11-29T15:34:55.768860,Hansen,10.968027930441437,True
2025-11-29T15:34:55.799750,Hansen,10.968027930441437,True
2025-11-29T15:34:55.834164,Hansen,10.968027930441437,True
2025-11-29T15:34:55.863865,Hansen,10.910201042465985,True
2025-11-29T15:34:55.888893,Hansen,10.910201042465985,True
2025-11-29T15:34:55.936259,Hansen,10.910201042465985,True
2025-11-29T15:34:55.961362,Hansen,10.910201042465985,True
2025-11-29T15:34:55.990815,Hansen,10.910201042465985,True
2025-11-29T15:34:56.026407,Hansen,10.968027930441437,True
2025-11-29T15:34:56.055020,Hansen,10.968027930441437,True
2025-11-29T15:34:56.083134,Hansen,10.968027930441437,True
2025-11-29T15:34:56.111029,Hansen,10.968027930441437,True
2025-11-29T15:34:56.145440,Hansen,10.910201042465985,True
2025-11-29T15:34:56.173296,Hansen,10.859046432514504,True
2025-11-29T15:34:56.205579,Hansen,10.859046432514504,True
2025-11-29T15:34:56.235765,Hansen,10.859046432514504,True
2025-11-29T15:34:56.269237,Hansen,10.859046432514504,True
2025-11-29T15:34:56.301293,Hansen,10.859046432514504,True
2025-11-29T15:34:56.330320,Hansen,10.859046432514504,True
2025-11-29T15:34:56.360066,Hansen,10.859046432514504,True
2025-11-29T15:34:56.398040,Hansen,10.859046432514504,True
2025-11-29T15:34:56.432116,Hansen,10.859046432514504,True
2025-11-29T15:34:56.464149,Hansen,10.859046432514504,True
2025-11-29T15:34:56.494595,Hansen,10.910201042465985,True
2025-11-29T15:34:56.529476,Hansen,10.910201042465985,True
2025-11-29T15:34:56.562090,Hansen,10.910201042465985,True
2025-11-29T15:34:56.590692,Hansen,10.910201042465985,True
2025-11-29T15:34:56.626809,Hansen,10.859046432514504,True
2025-11-29T15:34:56.654232,Hansen,10.859046432514504,True
2025-11-29T15:34:56.694456,Hansen,10.859046432514504,True
2025-11-29T15:34:56.737967,Hansen,10.859046432514504,True
2025-11-29T15:34:56.768086,Hansen,10.859046432514504,True
2025-11-29T15:34:56.797827,Hansen,10.859046432514504,True
2025-11-29T15:34:56.826941,Hansen,10.859046432514504,True
2025-11-29T15:34:56.855331,Hansen,10.813339948655663,True
2025-11-29T15:34:56.884951,Hansen,10.813339948655663,True
2025-11-29T15:34:56.912204,Hansen,10.813339948655663,True
2025-11-29T15:34:56.955132,Hansen,10.813339948655663,True
2025-11-29T15:34:56.990354,Hansen,10.813339948655663,True
2025-11-29T15:34:57.023520,Hansen,10.772247792839181,True
2025-11-29T15:34:57.055828,Hansen,10.772247792839181,True
2025-11-29T15:34:57.087708,Hansen,10.735172065804342,True
2025-11-29T15:34:57.116752,Hansen,10.701667290729148,True
2025-11-29T15:34:57.147626,Hansen,10.671391735014918,True
2025-11-29T15:34:57.174274,Hansen,10.64407729991133,True
2025-11-29T15:34:57.201868,Hansen,10.619509999798716,True
2025-11-29T15:34:57.230629,Hansen,10.597516815739272,True
2025-11-29T15:34:57.256989,Hansen,10.597516815739272,True
2025-11-29T15:34:57.283612,Hansen,9.540599852521428,True
2025-11-29T15:34:57.309843,Hansen,9.41109128907156,True
2025-11-29T15:34:57.340260,Hansen,9.39042614010511,True
2025-11-29T15:34:57.370204,Hansen,9.372238771868044,True
2025-11-29T15:34:57.399850,Hansen,9.356416414369207,True
2025-11-29T15:34:57.435381,Hansen,9.284059069975338,True
2025-11-29T15:34:57.462897,Hansen,9.26898609815488,True
2025-11-29T15:34:57.498467,Hansen,9.26898609815488,True
2025-11-29T15:34:57.531401,Hansen,9.200908010041637,True
2025-11-29T15:34:57.560328,Hansen,9.14514597355112,True
2025-11-29T15:34:57.588732,Hansen,9.134025574391943,True
2025-11-29T15:34:57.618668,Hansen,9.134025574391943,True
2025-11-29T15:34:57.652995,Hansen,9.125204156432662,True
2025-11-29T15:34:57.680532,Hansen,9.118630708310512,True
2025-11-29T15:34:57.714425,Hansen,9.125204156432662,True
2025-11-29T15:34:57.756017,Hansen,9.134025574391943,True
2025-11-29T15:34:57.782541,Hansen,9.134025574391943,True
2025-11-29T15:34:57.808915,Hansen,9.134025574391943,True
2025-11-29T15:34:57.848444,Hansen,9.134025574391943,True
2025-11-29T15:34:57.877804,Hansen,9.134025574391943,True
2025-11-29T15:34:57.903563,Hansen,9.125204156432662,True
2025-11-29T15:34:57.939567,Hansen,9.125204156432662,True
2025-11-29T15:34:57.965880,Hansen,9.125204156432662,True
2025-11-29T15:34:57.996383,Hansen,9.118630708310512,True
2025-11-29T15:34:58.024536,Hansen,9.118630708310512,True
2025-11-29T15:34:58.054217,Hansen,9.118630708310512,True
2025-11-29T15:34:58.093932,Hansen,9.118630708310512,True
2025-11-29T15:34:58.128868,Hansen,9.118630708310512,True
2025-11-29T15:34:58.161477,Hansen,9.118630708310512,True
2025-11-29T15:34:58.188573,Hansen,9.125204156432662,True
2025-11-29T15:34:58.218851,Hansen,9.118630708310512,True
2025-11-29T15:34:58.246075,Hansen,9.11426833190075,True
2025-11-29T15:34:58.274317,Hansen,9.11426833190075,True
2025-11-29T15:34:58.304556,Hansen,9.11426833190075,True
2025-11-29T15:34:58.339306,Hansen,9.11426833190075,True
2025-11-29T15:34:58.366618,Hansen,9.11426833190075,True
2025-11-29T15:34:58.396533,Hansen,9.11426833190075,True
2025-11-29T15:34:58.432733,Hansen,9.112093048173357,True
2025-11-29T15:34:58.467605,Hansen,9.112093048173357,True
2025-11-29T15:34:58.495833,Hansen,9.11426833190075,True
2025-11-29T15:34:58.529251,Hansen,9.118630708310512,True
2025-11-29T15:34:58.555499,Hansen,9.118630708310512,True
2025-11-29T15:34:58.586662,Hansen,9.125204156432662,True
2025-11-29T15:34:58.635776,Hansen,9.125204156432662,True
2025-11-29T15:34:58.664199,Hansen,9.125204156432662,True
2025-11-29T15:34:58.693331,Hansen,9.125204156432662,True
2025-11-29T15:34:58.722130,Hansen,9.125204156432662,True
2025-11-29T15:34:58.750687,Hansen,9.080189129795482,True
2025-11-29T15:34:58.780801,Hansen,9.042300471958072,True
2025-11-29T15:34:58.813491,Hansen,9.016284301383049,True
2025-11-29T15:34:58.845029,Hansen,9.016284301383049,True
2025-11-29T15:35:00.991389,Hansen,9.016284301383049,True
2025-11-29T15:35:01.018241,Hansen,8.98841323727143,True
2025-11-29T15:35:01.049114,Hansen,8.965070296791271,True
2025-11-29T15:35:01.078937,Hansen,8.965070296791271,True
2025-11-29T15:35:01.109640,Hansen,8.98841323727143,True
2025-11-29T15:35:01.139076,Hansen,8.983536010792363,True
2025-11-29T15:35:01.176229,Hansen,8.981105524621626,True
2025-11-29T15:35:01.221827,Hansen,9.005621548940816,True
2025-11-29T15:35:01.252499,Hansen,9.03539871647257,True
2025-11-29T15:35:01.284912,Hansen,9.03539871647257,True
2025-11-29T15:35:01.313125,Hansen,9.03769470205994,True
2025-11-29T15:35:01.343125,Hansen,9.03769470205994,True
2025-11-29T15:35:01.371381,Hansen,9.03769470205994,True
2025-11-29T15:35:01.398351,Hansen,9.03769470205994,True
2025-11-29T15:35:01.434308,Hansen,9.03769470205994,True
2025-11-29T15:35:01.462573,Hansen,9.03769470205994,True
2025-11-29T15:35:01.493378,Hansen,9.03769470205994,True
2025-11-29T15:35:01.525635,Hansen,9.03769470205994,True
2025-11-29T15:35:01.557582,Hansen,9.03769470205994,True
2025-11-29T15:35:01.594487,Hansen,9.042300471958072,True
2025-11-29T15:35:01.623399,Hansen,9.042300471958072,True
2025-11-29T15:35:01.651511,Hansen,9.042300471958072,True
2025-11-29T15:35:01.681773,Hansen,9.049244089259531,True
2025-11-29T15:35:01.717014,Hansen,9.042300471958072,True
2025-11-29T15:35:01.749400,Hansen,9.042300471958072,True
2025-11-29T15:35:01.779612,Hansen,9.042300471958072,True
2025-11-29T15:35:01.806264,Hansen,9.042300471958072,True
2025-11-29T15:35:01.840095,Hansen,9.042300471958072,True
2025-11-29T15:35:01.888337,Hansen,9.042300471958072,True
2025-11-29T15:35:01.920566,Hansen,9.049244089259531,True
2025-11-29T15:35:01.952944,Hansen,9.058568850801763,True
2025-11-29T15:35:01.981861,Hansen,9.058568850801763,True
2025-11-29T15:35:02.009282,Hansen,9.058568850801763,True
2025-11-29T15:35:02.046165,Hansen,9.058568850801763,True
2025-11-29T15:35:02.173407,Hansen,9.058568850801763,True
2025-11-29T15:35:02.209593,Hansen,9.070334842193905,True
2025-11-29T15:35:02.241828,Hansen,9.084621217160283,True
2025-11-29T15:35:02.275545,Hansen,9.101529419983502,True
2025-11-29T15:35:02.304132,Hansen,9.12118769028417,True
2025-11-29T15:35:02.333677,Hansen,9.12118769028417,True
2025-11-29T15:35:02.362239,Hansen,9.12118769028417,True
2025-11-29T15:35:02.392066,Hansen,9.12118769028417,True
2025-11-29T15:35:02.420667,Hansen,9.12118769028417,True
2025-11-29T15:35:02.448256,Hansen,9.143757379561844,True
2025-11-29T15:35:02.474304,Hansen,9.169441922506905,True
2025-11-29T15:35:02.503570,Hansen,9.198499845979882,True
2025-11-29T15:35:02.531797,Hansen,9.213987552838631,True
2025-11-29T15:35:02.557981,Hansen,9.238291861688584,True
2025-11-29T15:35:02.586166,Hansen,9.273070940689713,True
2025-11-29T15:35:02.614206,Hansen,9.34409720622153,True
2025-11-29T15:35:02.641684,Hansen,9.434372599550933,True
2025-11-29T15:35:02.671562,Hansen,9.540599852521428,True
2025-11-29T15:35:02.700410,Hansen,10.597516815739272,True
2025-11-29T15:35:02.728244,Hansen,10.597516815739272,True
2025-11-29T15:35:02.754442,Hansen,10.597516815739272,True
2025-11-29T15:35:02.783186,Hansen,10.577956561795308,True
2025-11-29T15:35:02.810900,Hansen,10.577956561795308,True
2025-11-29T15:35:02.837533,Hansen,10.560713375619905,True
2025-11-29T15:35:02.865962,Hansen,10.577956561795308,True
2025-11-29T15:35:02.894776,Hansen,10.577956561795308,True
2025-11-29T15:35:02.921135,Hansen,10.577956561795308,True
2025-11-29T15:35:02.946730,Hansen,10.597516815739272,True
2025-11-29T15:35:02.973374,Hansen,10.619509999798716,True
2025-11-29T15:35:03.002990,Hansen,10.619509999798716,True
2025-11-29T15:35:03.030625,Hansen,10.619509999798716,True
2025-11-29T15:35:03.056521,Hansen,10.597516815739272,True
2025-11-29T15:35:03.085263,Hansen,10.577956561795308,True
2025-11-29T15:35:03.112270,Hansen,10.560713375619905,True
2025-11-29T15:35:03.139761,Hansen,10.54569198319004,True
2025-11-29T15:35:03.167071,Hansen,10.532814199124061,True
2025-11-29T15:35:03.195036,Hansen,10.522016311522457,True
2025-11-29T15:35:03.223871,Hansen,10.522016311522457,True
2025-11-29T15:35:03.253096,Hansen,10.522016311522457,True
2025-11-29T15:35:03.281845,Hansen,10.522016311522457,True
2025-11-29T15:35:03.309422,Hansen,10.522016311522457,True
2025-11-29T15:35:03.344454,Hansen,10.513247117090184,True
2025-11-29T15:35:03.376747,Hansen,10.506466447447604,True
2025-11-29T15:35:03.405649,Hansen,10.501644077401583,True
2025-11-29T15:35:03.430176,Hansen,10.501644077401583,True
2025-11-29T15:35:03.466502,Hansen,10.501644077401583,True
2025-11-29T15:35:03.513899,Hansen,9.429539160000552,True
2025-11-29T15:35:03.540675,Hansen,9.427571481776535,True
2025-11-29T15:35:03.568688,Hansen,9.427571481776535,True
2025-11-29T15:35:03.594666,Hansen,9.429539160000552,True
2025-11-29T15:35:03.632116,Hansen,9.429539160000552,True
2025-11-29T15:35:03.659822,Hansen,9.429539160000552,True
2025-11-29T15:35:03.689706,Hansen,9.429539160000552,True
2025-11-29T15:35:03.716005,Hansen,9.429539160000552,True
2025-11-29T15:35:03.753158,Hansen,9.433483351480767,True
2025-11-29T15:35:03.780978,Hansen,9.433483351480767,True
2025-11-29T15:35:03.812127,Hansen,9.433483351480767,True
2025-11-29T15:35:03.839956,Hansen,9.433483351480767,True
2025-11-29T15:35:03.866355,Hansen,9.433483351480767,True
2025-11-29T15:35:03.908517,Hansen,9.439421951049123,True
2025-11-29T15:35:03.933300,Hansen,9.447382376756739,True
2025-11-29T15:35:03.982093,Hansen,9.457402301294717,True
2025-11-29T15:35:04.007476,Hansen,9.457402301294717,True
2025-11-29T15:35:04.039928,Hansen,9.457402301294717,True
2025-11-29T15:35:04.080401,Hansen,9.457402301294717,True
2025-11-29T15:35:04.109149,Hansen,9.457402301294717,True
2025-11-29T15:35:04.136791,Hansen,9.469530699682313,True
2025-11-29T15:35:04.163419,Hansen,9.457402301294717,True
2025-11-29T15:35:04.191199,Hansen,9.447382376756739,True
2025-11-29T15:35:04.228460,Hansen,9.447382376756739,True
2025-11-29T15:35:04.263808,Hansen,9.439421951049123,True
2025-11-29T15:35:04.290936,Hansen,9.433483351480767,True
2025-11-29T15:35:04.317676,Hansen,9.433483351480767,True
2025-11-29T15:35:04.357127,Hansen,9.429539160000552,True
2025-11-29T15:35:04.391703,Hansen,9.429539160000552,True
2025-11-29T15:35:04.419699,Hansen,9.429539160000552,True
2025-11-29T15:35:04.448657,Hansen,9.433483351480767,True
2025-11-29T15:35:04.475113,Hansen,9.433483351480767,True
2025-11-29T15:35:04.500877,Hansen,9.433483351480767,True
2025-11-29T15:35:04.537205,Hansen,9.433483351480767,True
2025-11-29T15:35:04.570652,Hansen,9.439421951049123,True
2025-11-29T15:35:04.598608,Hansen,9.439421951049123,True
2025-11-29T15:35:04.624670,Hansen,9.433483351480767,True
2025-11-29T15:35:04.650570,Hansen,9.433483351480767,True
2025-11-29T15:35:04.680469,Hansen,9.433483351480767,True
2025-11-29T15:35:04.749077,Hansen,9.433483351480767,True
2025-11-29T15:35:04.777471,Hansen,9.433483351480767,True
2025-11-29T15:35:04.806174,Hansen,9.439421951049123,True
2025-11-29T15:35:04.839168,Hansen,9.447382376756739,True
2025-11-29T15:35:04.868965,Hansen,9.447382376756739,True
2025-11-29T15:35:04.895805,Hansen,9.457402301294717,True
2025-11-29T15:35:04.922467,Hansen,9.457402301294717,True
2025-11-29T15:35:04.948819,Hansen,9.457402301294717,True
2025-11-29T15:35:04.976733,Hansen,9.457402301294717,True
2025-11-29T15:35:05.002629,Hansen,9.469530699682313,True
2025-11-29T15:35:05.030614,Hansen,9.483829286382381,True
2025-11-29T15:35:05.059048,Hansen,10.560713375619905,True
2025-11-29T15:35:05.090517,Hansen,10.560713375619905,True
2025-11-29T15:35:05.121075,Hansen,10.560713375619905,True
2025-11-29T15:35:05.152772,Hansen,10.560713375619905,True
2025-11-29T15:35:05.187378,Hansen,9.500374449611016,True
2025-11-29T15:35:05.214159,Hansen,9.519259840794849,True
2025-11-29T15:35:05.267740,Hansen,9.540599852521428,True
2025-11-29T15:35:05.295956,Hansen,9.564534335333668,True
2025-11-29T15:35:05.322516,Hansen,9.564534335333668,True
2025-11-29T15:35:05.351051,Hansen,9.564534335333668,True
2025-11-29T15:35:05.377591,Hansen,9.564534335333668,True
2025-11-29T15:35:05.408477,Hansen,9.564534335333668,True
2025-11-29T15:35:05.438438,Hansen,9.564534335333668,True
2025-11-29T15:35:05.476732,Hansen,9.564534335333668,True
2025-11-29T15:35:05.509492,Hansen,9.564534335333668,True
2025-11-29T15:35:05.539227,Hansen,9.540599852521428,True
2025-11-29T15:35:05.565672,Hansen,9.540599852521428,True
2025-11-29T15:35:05.590456,Hansen,9.540599852521428,True
2025-11-29T15:35:05.627803,Hansen,9.519259840794849,True
2025-11-29T15:35:05.658826,Hansen,9.519259840794849,True
2025-11-29T15:35:05.686331,Hansen,9.500374449611016,True
2025-11-29T15:35:05.720444,Hansen,9.500374449611016,True
2025-11-29T15:35:05.767365,Hansen,9.519259840794849,True
2025-11-29T15:35:05.795414,Hansen,9.519259840794849,True
2025-11-29T15:35:05.821806,Hansen,9.540599852521428,True
2025-11-29T15:35:05.846681,Hansen,9.540599852521428,True
2025-11-29T15:35:05.872712,Hansen,9.564534335333668,True
2025-11-29T15:35:05.901881,Hansen,9.564534335333668,True
2025-11-29T15:35:05.936056,Hansen,9.564534335333668,True
2025-11-29T15:35:05.964416,Hansen,9.564534335333668,True
2025-11-29T15:35:06.002354,Hansen,9.540599852521428,True
2025-11-29T15:35:06.028755,Hansen,9.564534335333668,True
2025-11-29T15:35:06.056847,Hansen,9.564534335333668,True
2025-11-29T15:35:06.111336,Hansen,9.591235091359657,True
2025-11-29T15:35:06.139492,Hansen,9.591235091359657,True
2025-11-29T15:35:06.170086,Hansen,9.564534335333668,True
2025-11-29T15:35:06.197850,Hansen,9.564534335333668,True
2025-11-29T15:35:06.225567,Hansen,9.564534335333668,True
2025-11-29T15:35:06.254008,Hansen,9.564534335333668,True
2025-11-29T15:35:06.279879,Hansen,9.564534335333668,True
2025-11-29T15:35:06.307865,Hansen,9.564534335333668,True
2025-11-29T15:35:06.335066,Hansen,9.540599852521428,True
2025-11-29T15:35:06.369148,Hansen,9.540599852521428,True
2025-11-29T15:35:06.397157,Hansen,9.540599852521428,True
2025-11-29T15:35:06.432936,Hansen,9.540599852521428,True
2025-11-29T15:35:06.463465,Hansen,9.540599852521428,True
2025-11-29T15:35:06.511150,Hansen,9.540599852521428,True
2025-11-29T15:35:06.546177,Hansen,9.540599852521428,True
2025-11-29T15:35:06.582013,Hansen,9.540599852521428,True
2025-11-29T15:35:06.610051,Hansen,9.540599852521428,True
2025-11-29T15:35:06.637892,Hansen,9.540599852521428,True
2025-11-29T15:35:06.666730,Hansen,9.540599852521428,True
2025-11-29T15:35:06.695854,Hansen,9.540599852521428,True
2025-11-29T15:35:06.724079,Hansen,9.540599852521428,True
2025-11-29T15:35:06.751440,Hansen,10.619509999798716,True
2025-11-29T15:35:06.779290,Hansen,10.619509999798716,True
2025-11-29T15:35:06.805972,Hansen,10.619509999798716,True
2025-11-29T15:35:06.833223,Hansen,10.619509999798716,True
2025-11-29T15:35:06.861712,Hansen,10.619509999798716,True
2025-11-29T15:35:06.896350,Hansen,10.619509999798716,True
2025-11-29T15:35:06.927125,Hansen,10.619509999798716,True
2025-11-29T15:35:06.954864,Hansen,10.619509999798716,True
2025-11-29T15:35:06.996291,Hansen,10.619509999798716,True
2025-11-29T15:35:07.026565,Hansen,10.619509999798716,True
2025-11-29T15:35:07.062608,Hansen,10.619509999798716,True
2025-11-29T15:35:07.089681,Hansen,10.64407729991133,True
2025-11-29T15:35:07.116545,Hansen,10.64407729991133,True
2025-11-29T15:35:07.155247,Hansen,10.64407729991133,True
2025-11-29T15:35:07.183218,Hansen,10.671391735014918,True
2025-11-29T15:35:07.210476,Hansen,10.701667290729148,True
2025-11-29T15:35:07.238379,Hansen,10.735172065804342,True
2025-11-29T15:35:07.277120,Hansen,10.772247792839181,True
2025-11-29T15:35:07.325320,Hansen,10.772247792839181,True
2025-11-29T15:35:07.350298,Hansen,10.772247792839181,True
2025-11-29T15:35:07.381394,Hansen,10.772247792839181,True
2025-11-29T15:35:07.415120,Hansen,10.813339948655663,True
2025-11-29T15:35:07.443519,Hansen,10.813339948655663,True
2025-11-29T15:35:07.467549,Hansen,10.859046432514504,True
2025-11-29T15:35:07.495317,Hansen,10.910201042465985,True
2025-11-29T15:35:07.536444,Hansen,10.968027930441437,True
2025-11-29T15:35:07.578657,Hansen,11.034457996523841,True
2025-11-29T15:35:07.614560,Hansen,11.034457996523841,True
2025-11-29T15:35:07.644298,Hansen,11.112877432514907,True
2025-11-29T15:35:07.671226,Hansen,11.112877432514907,True
2025-11-29T15:35:07.699192,Hansen,11.112877432514907,True
2025-11-29T15:35:07.725931,Hansen,11.210341977172373,True
2025-11-29T15:35:07.754387,Hansen,11.347499800962535,True
2025-11-29T15:35:07.780184,Hansen,11.347499800962535,True
2025-11-29T15:35:07.811100,Hansen,10.26159356567782,True
2025-11-29T15:35:07.855326,Hansen,10.124895850899886,True
2025-11-29T15:35:07.882895,Hansen,10.02790214987137,True
2025-11-29T15:35:07.908817,Hansen,11.112877432514907,True
2025-11-29T15:35:07.935875,Hansen,11.112877432514907,True
2025-11-29T15:35:07.964163,Hansen,11.112877432514907,True
2025-11-29T15:35:07.996908,Hansen,11.112877432514907,True
2025-11-29T15:35:08.038672,Hansen,11.112877432514907,True
2025-11-29T15:35:08.065411,Hansen,11.112877432514907,True
2025-11-29T15:35:08.092347,Hansen,11.112877432514907,True
2025-11-29T15:35:08.119954,Hansen,11.112877432514907,True
2025-11-29T15:35:08.145629,Hansen,11.112877432514907,True
2025-11-29T15:35:08.174899,Hansen,11.112877432514907,True
2025-11-29T15:35:08.214095,Hansen,11.112877432514907,True
2025-11-29T15:35:08.242776,Hansen,11.112877432514907,True
2025-11-29T15:35:08.268781,Hansen,11.112877432514907,True
2025-11-29T15:35:08.302023,Hansen,11.112877432514907,True
2025-11-29T15:35:08.331502,Hansen,11.112877432514907,True
2025-11-29T15:35:08.362959,Hansen,11.112877432514907,True
2025-11-29T15:35:08.387482,Hansen,11.112877432514907,True
2025-11-29T15:35:08.437235,Hansen,11.112877432514907,True
2025-11-29T15:35:08.462344,Hansen,11.112877432514907,True
2025-11-29T15:35:08.489718,Hansen,10.02790214987137,True
2025-11-29T15:35:08.526056,Hansen,10.02790214987137,True
2025-11-29T15:35:08.553326,Hansen,10.02790214987137,True
2025-11-29T15:35:08.580151,Hansen,9.89215736573297,True
2025-11-29T15:35:08.636347,Hansen,9.89215736573297,True
2025-11-29T15:35:08.680117,Hansen,9.79613962765983,True
2025-11-29T15:35:08.709071,Hansen,9.719202405455022,True
2025-11-29T15:35:08.741182,Hansen,9.654291722280004,True
2025-11-29T15:35:08.777365,Hansen,9.598023282161972,True
2025-11-29T15:35:08.806497,Hansen,9.548468228592277,True
2025-11-29T15:35:08.836015,Hansen,9.504404616619262,True
2025-11-29T15:35:08.865056,Hansen,9.504404616619262,True
2025-11-29T15:35:08.893583,Hansen,9.504404616619262,True
2025-11-29T15:35:08.920446,Hansen,9.465001036356622,True
2025-11-29T15:35:08.947743,Hansen,9.429662178142017,True
2025-11-29T15:35:08.975216,Hansen,9.397945379328903,True
2025-11-29T15:35:09.001856,Hansen,9.397945379328903,True
2025-11-29T15:35:09.033197,Hansen,9.36951197261428,True
2025-11-29T15:35:09.064016,Hansen,9.36951197261428,True
2025-11-29T15:35:09.091711,Hansen,9.34409720622153,True
2025-11-29T15:35:09.119076,Hansen,9.34409720622153,True
2025-11-29T15:35:09.145487,Hansen,9.34409720622153,True
2025-11-29T15:35:09.172722,Hansen,9.34409720622153,True
2025-11-29T15:35:09.215945,Hansen,9.34409720622153,True
2025-11-29T15:35:09.241454,Hansen,9.34409720622153,True
2025-11-29T15:35:09.273227,Hansen,9.34409720622153,True
2025-11-29T15:35:09.302714,Hansen,9.34409720622153,True
2025-11-29T15:35:09.344923,Hansen,9.34409720622153,True
2025-11-29T15:35:09.372583,Hansen,9.434372599550933,True
2025-11-29T15:35:09.399926,Hansen,9.564534335333668,True
2025-11-29T15:35:09.430688,Hansen,10.64407729991133,True
2025-11-29T15:35:09.456764,Hansen,10.64407729991133,True
2025-11-29T15:35:09.483307,Hansen,10.64407729991133,True
2025-11-29T15:35:09.524357,Hansen,9.564534335333668,True
2025-11-29T15:35:09.559715,Hansen,9.434372599550933,True
2025-11-29T15:35:09.587697,Hansen,9.34409720622153,True
2025-11-29T15:35:09.632798,Hansen,9.273070940689713,True
2025-11-29T15:35:09.660621,Hansen,9.214249981002734,True
2025-11-29T15:35:09.686515,Hansen,9.214249981002734,True
2025-11-29T15:35:09.719259,Hansen,9.164261129207716,True
2025-11-29T15:35:09.748770,Hansen,9.12118769028417,True
2025-11-29T15:35:09.776412,Hansen,9.083821084385178,True
2025-11-29T15:35:09.801406,Hansen,9.051344634358372,True
2025-11-29T15:35:09.834408,Hansen,9.023179323832192,True
2025-11-29T15:35:09.866236,Hansen,9.023179323832192,True
2025-11-29T15:35:09.896618,Hansen,9.023179323832192,True
2025-11-29T15:35:09.931899,Hansen,9.023179323832192,True
2025-11-29T15:35:09.961590,Hansen,8.998900572195708,True
2025-11-29T15:35:09.990047,Hansen,8.998900572195708,True
2025-11-29T15:35:10.017628,Hansen,8.998900572195708,True
2025-11-29T15:35:10.044684,Hansen,9.018163281045066,True
2025-11-29T15:35:10.076592,Hansen,9.018163281045066,True
2025-11-29T15:35:10.110899,Hansen,8.996535104206698,True
2025-11-29T15:35:10.153594,Hansen,8.998900572195708,True
2025-11-29T15:35:10.178207,Hansen,8.998900572195708,True
2025-11-29T15:35:10.206465,Hansen,9.023179323832192,True
2025-11-29T15:35:10.233155,Hansen,9.051344634358372,True
2025-11-29T15:35:10.258717,Hansen,9.083821084385178,True
2025-11-29T15:35:10.301019,Hansen,9.12118769028417,True
2025-11-29T15:35:10.336719,Hansen,9.164261129207716,True
2025-11-29T15:35:10.373903,Hansen,9.214249981002734,True
2025-11-29T15:35:10.408310,Hansen,9.164261129207716,True
2025-11-29T15:35:10.443196,Hansen,9.164261129207716,True
2025-11-29T15:35:10.469273,Hansen,9.164261129207716,True
2025-11-29T15:35:10.498273,Hansen,9.214249981002734,True
2025-11-29T15:35:10.524063,Hansen,9.273070940689713,True
2025-11-29T15:35:10.553018,Hansen,9.273070940689713,True
2025-11-29T15:35:10.579809,Hansen,9.34409720622153,True
2025-11-29T15:35:10.610495,Hansen,9.34409720622153,True
2025-11-29T15:35:10.637854,Hansen,9.434372599550933,True
2025-11-29T15:35:10.673376,Hansen,9.434372599550933,True
2025-11-29T15:35:10.703908,Hansen,9.434372599550933,True
2025-11-29T15:35:10.733129,Hansen,9.434372599550933,True
2025-11-29T15:35:10.765597,Hansen,9.434372599550933,True
2025-11-29T15:35:10.796319,Hansen,9.434372599550933,True
2025-11-29T15:35:10.825433,Hansen,9.434372599550933,True
2025-11-29T15:35:10.874919,Hansen,9.434372599550933,True
2025-11-29T15:35:10.913892,Hansen,9.434372599550933,True
2025-11-29T15:35:10.944278,Hansen,9.434372599550933,True
2025-11-29T15:35:10.975249,Hansen,9.434372599550933,True
2025-11-29T15:35:11.001162,Hansen,9.434372599550933,True
2025-11-29T15:35:11.035534,Hansen,9.434372599550933,True
2025-11-29T15:35:11.079064,Hansen,9.434372599550933,True
2025-11-29T15:35:11.109414,Hansen,9.460440538276547,True
2025-11-29T15:35:11.136231,Hansen,9.489506762291548,True
2025-11-29T15:35:11.166606,Hansen,9.521837240182258,True
2025-11-29T15:35:11.194906,Hansen,9.557771751018496,True
2025-11-29T15:35:11.224927,Hansen,9.597753975843982,True
2025-11-29T15:35:11.253622,Hansen,9.597753975843982,True
2025-11-29T15:35:11.282376,Hansen,9.642380159452753,True
2025-11-29T15:35:11.310815,Hansen,9.692482572377692,True
2025-11-29T15:35:11.336753,Hansen,9.749283953390545,True
2025-11-29T15:35:11.364272,Hansen,9.814713892697284,True
2025-11-29T15:35:11.390251,Hansen,9.89215736573297,True
2025-11-29T15:35:11.418843,Hansen,9.89215736573297,True
2025-11-29T15:35:11.447721,Hansen,9.89215736573297,True
2025-11-29T15:35:11.481926,Hansen,9.89215736573297,True
2025-11-29T15:35:11.507479,Hansen,9.988668979750898,True
2025-11-29T15:35:11.538443,Hansen,9.988668979750898,True
2025-11-29T15:35:11.567618,Hansen,9.988668979750898,True
2025-11-29T15:35:11.608763,Hansen,9.988668979750898,True
2025-11-29T15:35:11.648737,Hansen,9.988668979750898,True
2025-11-29T15:35:11.678417,Hansen,10.124895850899886,True
2025-11-29T15:35:11.708864,Hansen,11.210341977172373,True
2025-11-29T15:35:11.734178,Hansen,11.210341977172373,True
2025-11-29T15:35:11.764016,Hansen,11.210341977172373,True
2025-11-29T15:35:11.794923,Hansen,11.210341977172373,True
2025-11-29T15:35:11.840595,Hansen,11.210341977172373,True
2025-11-29T15:35:11.868788,Hansen,11.210341977172373,True
2025-11-29T15:35:11.909431,Hansen,11.210341977172373,True
2025-11-29T15:35:11.948762,Hansen,11.210341977172373,True
2025-11-29T15:35:11.976329,Hansen,11.347499800962535,True
2025-11-29T15:35:12.006593,Hansen,11.347499800962535,True
2025-11-29T15:35:12.035945,Hansen,12.43385588583866,True
2025-11-29T15:35:12.064670,Hansen,12.43385588583866,True
2025-11-29T15:35:12.095263,Hansen,12.43385588583866,True
2025-11-29T15:35:12.125115,Hansen,12.43385588583866,True
2025-11-29T15:35:12.156878,Hansen,12.43385588583866,True
2025-11-29T15:35:12.184738,Hansen,12.43385588583866,True
2025-11-29T15:35:12.212229,Hansen,12.43385588583866,True
2025-11-29T15:35:12.238852,Hansen,12.43385588583866,True
2025-11-29T15:35:12.267281,Hansen,12.43385588583866,True
2025-11-29T15:35:12.293024,Hansen,11.347499800962535,True
2025-11-29T15:35:12.325606,Hansen,11.347499800962535,True
2025-11-29T15:35:12.358349,Hansen,11.347499800962535,True
2025-11-29T15:35:12.384044,Hansen,11.347499800962535,True
2025-11-29T15:35:12.412060,Hansen,11.347499800962535,True
2025-11-29T15:35:12.446338,Hansen,11.347499800962535,True
2025-11-29T15:35:12.478684,Hansen,11.347499800962535,True
2025-11-29T15:35:12.509258,Hansen,11.347499800962535,True
2025-11-29T15:35:12.533773,Hansen,11.347499800962535,True
2025-11-29T15:35:12.597011,Hansen,11.347499800962535,True
2025-11-29T15:35:12.642429,Hansen,11.347499800962535,True
2025-11-29T15:35:12.667012,Hansen,11.347499800962535,True
2025-11-29T15:35:12.713765,Hansen,11.347499800962535,True
2025-11-29T15:35:12.741705,Hansen,11.347499800962535,True
2025-11-29T15:35:12.767211,Hansen,11.347499800962535,True
2025-11-29T15:35:12.797457,Hansen,11.347499800962535,True
2025-11-29T15:35:12.825485,Hansen,11.347499800962535,True
2025-11-29T15:35:12.855872,Hansen,11.210341977172373,True
2025-11-29T15:35:12.884191,Hansen,11.210341977172373,True
2025-11-29T15:35:12.913273,Hansen,11.210341977172373,True
2025-11-29T15:35:12.942514,Hansen,11.210341977172373,True
2025-11-29T15:35:12.971794,Hansen,11.210341977172373,True
2025-11-29T15:35:12.998684,Hansen,11.112877432514907,True
2025-11-29T15:35:13.052945,Hansen,11.112877432514907,True
2025-11-29T15:35:13.081629,Hansen,11.112877432514907,True
2025-11-29T15:35:13.109749,Hansen,11.112877432514907,True
2025-11-29T15:35:13.136796,Hansen,11.112877432514907,True
2025-11-29T15:35:13.166019,Hansen,11.112877432514907,True
2025-11-29T15:35:13.191545,Hansen,11.112877432514907,True
2025-11-29T15:35:13.218945,Hansen,11.034457996523841,True
2025-11-29T15:35:13.248965,Hansen,11.034457996523841,True
2025-11-29T15:35:13.276725,Hansen,10.968027930441437,True
2025-11-29T15:35:13.303044,Hansen,10.910201042465985,True
2025-11-29T15:35:13.345444,Hansen,10.910201042465985,True
2025-11-29T15:35:13.371744,Hansen,9.826707973608702,True
2025-11-29T15:35:13.400399,Hansen,8.743734160883141,True
2025-11-29T15:35:13.427344,Hansen,8.610041700546955,True
2025-11-29T15:35:13.453765,Hansen,8.610041700546955,True
2025-11-29T15:35:13.479352,Hansen,8.610041700546955,True
2025-11-29T15:35:13.507168,Hansen,8.476896599566011,True
2025-11-29T15:35:13.535150,Jeniffer,11.561538276029479,True
2025-11-29T15:35:13.560758,Jeniffer,11.561538276029479,True
2025-11-29T15:35:13.601004,Ricardo,12.429166479979596,True
2025-11-29T15:35:13.623980,Jeniffer,11.561538276029479,True
2025-11-29T15:35:13.678607,Jeniffer,11.561538276029479,True
2025-11-29T15:35:13.712346,Jeniffer,11.561538276029479,True
2025-11-29T15:35:13.737647,Hansen,8.383547240341287,True
2025-11-29T15:35:13.766535,Hansen,7.302794944064395,True
2025-11-29T15:35:13.792980,Hansen,7.229194147061611,True
2025-11-29T15:35:13.818622,Jeniffer,11.561538276029479,True
2025-11-29T15:35:13.846487,Jeniffer,11.561538276029479,True
2025-11-29T15:35:13.871796,Jeniffer,11.561538276029479,True
2025-11-29T15:35:13.906921,Jeniffer,11.561538276029479,True
2025-11-29T15:35:13.940405,Jeniffer,11.561538276029479,True
2025-11-29T15:35:13.978008,Jeniffer,11.561538276029479,True
2025-11-29T15:35:14.004796,Hansen,7.167714312034493,True
2025-11-29T15:35:14.053704,Jeniffer,11.561538276029479,True
2025-11-29T15:35:14.080455,Jeniffer,11.561538276029479,True
2025-11-29T15:35:14.104505,Hansen,7.114976596469914,True
2025-11-29T15:35:14.130371,Hansen,7.06905808043129,True
2025-11-29T15:35:14.157532,Hansen,7.0287432971137225,True
2025-11-29T15:35:14.187568,Jeniffer,11.561538276029479,True
2025-11-29T15:35:14.234381,Ricardo,12.429166479979596,True
2025-11-29T15:35:14.268660,Ricardo,12.429166479979596,True
2025-11-29T15:35:14.295510,Ricardo,12.429166479979596,True
2025-11-29T15:35:14.321753,Hansen,6.974385208453029,True
2025-11-29T15:35:14.348999,Hansen,6.939572640959559,True
2025-11-29T15:35:14.385797,Ricardo,12.429166479979596,True
2025-11-29T15:35:14.413481,Marvel,11.543527175967679,True
2025-11-29T15:35:14.442846,Marvel,11.543527175967679,True
2025-11-29T15:35:14.467483,Hansen,6.908978528570868,True
2025-11-29T15:35:14.499619,Hansen,6.930632262622707,True
2025-11-29T15:35:14.539117,Marvel,11.543527175967679,True
2025-11-29T15:35:14.571942,Marvel,11.543527175967679,True
2025-11-29T15:35:14.598544,Marvel,11.543527175967679,True
2025-11-29T15:35:14.628136,Marvel,11.543527175967679,True
2025-11-29T15:35:14.652591,Marvel,11.543527175967679,True
2025-11-29T15:35:14.676557,Marvel,11.543527175967679,True
2025-11-29T15:35:14.709020,Marvel,11.543527175967679,True
2025-11-29T15:35:14.733819,Marvel,11.543527175967679,True
2025-11-29T15:35:14.774985,Marvel,11.543527175967679,True
2025-11-29T15:35:14.811773,Marvel,11.543527175967679,True
2025-11-29T15:35:14.879065,Marvel,11.543527175967679,True
2025-11-29T15:35:14.909237,Hansen,6.9064750684196525,True
2025-11-29T15:35:14.937579,Marvel,11.543527175967679,True
2025-11-29T15:35:14.964600,Marvel,11.543527175967679,True
2025-11-29T15:35:14.992981,Marvel,11.543527175967679,True
2025-11-29T15:35:15.019929,Marvel,11.543527175967679,True
2025-11-29T15:35:15.045852,Marvel,11.543527175967679,True
2025-11-29T15:35:15.075975,Hansen,6.855175902955421,True
2025-11-29T15:35:15.110207,Marvel,11.543527175967679,True
2025-11-29T15:35:15.153380,Marvel,11.543527175967679,True
2025-11-29T15:35:15.178993,Marvel,11.543527175967679,True
2025-11-29T15:35:15.207177,Marvel,11.543527175967679,True
2025-11-29T15:35:15.234515,Marvel,11.543527175967679,True
2025-11-29T15:35:15.259547,Ricardo,12.429166479979596,True
2025-11-29T15:35:15.285424,Ricardo,12.429166479979596,True
2025-11-29T15:35:15.328471,Ricardo,12.429166479979596,True
2025-11-29T15:35:15.355235,Ricardo,12.429166479979596,True
2025-11-29T15:35:15.381155,Ricardo,12.429166479979596,True
2025-11-29T15:35:15.406879,Ricardo,12.429166479979596,True
2025-11-29T15:35:16.059483,Ricardo,12.429166479979596,True
2025-11-29T15:35:16.157214,Jeniffer,11.561538276029479,True
2025-11-29T15:35:17.357064,Marvel,11.543527175967679,True
2025-11-29T15:35:17.488189,Jeniffer,11.561538276029479,True
2025-11-29T15:35:17.532899,Jeniffer,11.561538276029479,True
2025-11-29T15:35:17.576229,Jeniffer,11.561538276029479,True
2025-11-29T15:35:17.616203,Marvel,11.543527175967679,True
2025-11-29T15:35:17.643544,Marvel,11.543527175967679,True
2025-11-29T15:35:17.668795,Jeniffer,11.561538276029479,True
2025-11-29T15:35:17.696119,Jeniffer,11.561538276029479,True
2025-11-29T15:35:17.724288,Marvel,11.543527175967679,True
2025-11-29T15:35:17.751553,Jeniffer,9.868563770300547,True
2025-11-29T15:35:17.781289,Jeniffer,9.738359856705618,True
2025-11-29T15:35:17.808334,Jeniffer,9.666567918061276,True
2025-11-29T15:35:17.842844,Jeniffer,9.621202446831482,True
2025-11-29T15:35:17.869735,Jeniffer,9.591646826575598,True
2025-11-29T15:35:17.895271,Jeniffer,9.572921974783227,True
2025-11-29T15:35:17.924067,Jeniffer,9.562241208648393,True
2025-11-29T15:35:17.950333,Jeniffer,9.557863931621334,True
2025-11-29T15:35:17.979914,Jeniffer,9.558617932206348,True
2025-11-29T15:35:18.017834,Jeniffer,9.563669170217665,True
2025-11-29T15:35:18.052896,Jeniffer,9.572398810943106,True
2025-11-29T15:35:18.082218,Jeniffer,9.584332279987645,True
2025-11-29T15:35:18.108983,Jeniffer,9.5990957949756,True
2025-11-29T15:35:18.143310,Jeniffer,9.616388414911585,True
2025-11-29T15:35:18.172043,Jeniffer,9.63596334031148,True
2025-11-29T15:35:18.198562,Jeniffer,9.65761498018395,True
2025-11-29T15:35:18.238208,Jeniffer,9.68116975168626,True
2025-11-29T15:35:18.266671,Jeniffer,9.706479374519105,True
2025-11-29T15:35:18.298955,Jeniffer,9.733415879490687,True
2025-11-29T15:35:18.326648,Jeniffer,9.76186782370711,True
2025-11-29T15:35:18.370522,Jeniffer,9.79173737337711,True
2025-11-29T15:35:18.397892,Jeniffer,9.822938022347781,True
2025-11-29T15:35:18.425346,Jeniffer,9.85539278437839,True
2025-11-29T15:35:18.450453,Jeniffer,9.889032743824194,True
2025-11-29T15:35:18.478837,Ricardo,12.429166479979596,True
2025-11-29T15:35:18.567835,Felix,10.456144185387732,True
2025-11-29T15:35:18.592557,Jeniffer,9.923795881213902,True
2025-11-29T15:35:18.639769,Jeniffer,9.959626112301425,True
2025-11-29T15:35:18.682875,Jeniffer,9.996472494784781,True
2025-11-29T15:35:18.718502,Jeniffer,10.034288568088076,True
2025-11-29T15:35:18.744656,Jeniffer,10.073031799756237,True
2025-11-29T15:35:18.772323,Jeniffer,10.11266311802476,True
2025-11-29T15:35:18.798105,Jeniffer,10.153146514613757,True
2025-11-29T15:35:18.839665,Jeniffer,10.194448705181692,True
2025-11-29T15:35:18.864031,Jeniffer,10.236538837455951,True
2025-11-29T15:35:18.890585,Jeniffer,10.279388239044781,True
2025-11-29T15:35:18.917911,Jeniffer,10.322970198478837,True
2025-11-29T15:35:18.960449,Jeniffer,10.367259774239528,True
2025-11-29T15:35:18.986777,Hansen,6.835035015540258,True
2025-11-29T15:35:19.015004,Felix,10.456144185387732,True
2025-11-29T15:35:19.040986,Felix,10.456144185387732,True
2025-11-29T15:35:19.067388,Felix,10.430844020200016,True
2025-11-29T15:35:19.099829,Felix,10.430844020200016,True
2025-11-29T15:35:19.128713,Felix,10.430844020200016,True
2025-11-29T15:35:19.155986,Felix,10.408552235336188,True
2025-11-29T15:35:19.192643,Felix,10.389729519898765,True
2025-11-29T15:35:19.219146,Jeniffer,10.412233627485834,True
2025-11-29T15:35:19.252725,Jeniffer,10.412233627485834,True
2025-11-29T15:35:19.289158,Jeniffer,10.457869874950134,True
2025-11-29T15:35:19.314225,Jeniffer,10.504147959081326,True
2025-11-29T15:35:19.344966,Jeniffer,10.5510485330033,True
2025-11-29T15:35:19.383037,Jeniffer,10.598553358253954,True
2025-11-29T15:35:19.408465,Jeniffer,10.646645213593938,True
2025-11-29T15:35:19.440793,Jeniffer,10.695307813440005,True
2025-11-29T15:35:19.469555,Jeniffer,10.744525734696827,True
2025-11-29T15:35:19.497701,Jeniffer,10.7942843509427,True
2025-11-29T15:35:19.532799,Jeniffer,10.844569773075582,True
2025-11-29T15:35:19.569657,Jeniffer,10.89536879565224,True
2025-11-29T15:35:19.602664,Jeniffer,10.946668848259387,True
2025-11-29T15:35:19.638722,Jeniffer,10.9984579513451,True
2025-11-29T15:35:19.677851,Jeniffer,10.9984579513451,True
2025-11-29T15:35:19.704611,Jeniffer,10.9984579513451,True
2025-11-29T15:35:19.732815,Jeniffer,10.9984579513451,True
2025-11-29T15:35:19.769327,Jeniffer,10.9984579513451,True
2025-11-29T15:35:19.796594,Jeniffer,10.9984579513451,True
2025-11-29T15:35:19.823592,Jeniffer,10.9984579513451,True
2025-11-29T15:35:19.849752,Jeniffer,10.9984579513451,True
2025-11-29T15:35:19.877642,Jeniffer,10.09284722237248,True
2025-11-29T15:35:19.925726,Jeniffer,10.09284722237248,True
2025-11-29T15:35:19.967828,Jeniffer,10.09284722237248,True
2025-11-29T15:35:19.998922,Jeniffer,10.09284722237248,True
2025-11-29T15:35:20.026755,Jeniffer,10.09284722237248,True
2025-11-29T15:35:20.056889,Jeniffer,10.09284722237248,True
2025-11-29T15:35:20.084093,Jeniffer,9.982968464828268,True
2025-11-29T15:35:20.114423,Jeniffer,9.982968464828268,True
2025-11-29T15:35:20.141718,Jeniffer,9.982968464828268,True
2025-11-29T15:35:20.167446,Jeniffer,9.982968464828268,True
2025-11-29T15:35:20.198087,Jeniffer,9.982968464828268,True
2025-11-29T15:35:20.223267,Jeniffer,9.982968464828268,True
2025-11-29T15:35:20.254757,Jeniffer,9.982968464828268,True
2025-11-29T15:35:20.282038,Jeniffer,9.982968464828268,True
2025-11-29T15:35:20.308138,Jeniffer,9.982968464828268,True
2025-11-29T15:35:20.359798,Jeniffer,9.982968464828268,True
2025-11-29T15:35:20.397792,Jeniffer,9.982968464828268,True
2025-11-29T15:35:20.424685,Jeniffer,9.982968464828268,True
2025-11-29T15:35:20.453916,Jeniffer,9.908029206227482,True
2025-11-29T15:35:20.479406,Jeniffer,9.908029206227482,True
2025-11-29T15:35:20.507933,Jeniffer,9.908029206227482,True
2025-11-29T15:35:20.535419,Jeniffer,9.908029206227482,True
2025-11-29T15:35:20.561262,Jeniffer,9.908029206227482,True
2025-11-29T15:35:20.589836,Jeniffer,9.908029206227482,True
2025-11-29T15:35:20.623586,Jeniffer,9.908029206227482,True
2025-11-29T15:35:20.661166,Jeniffer,9.908029206227482,True
2025-11-29T15:35:20.696207,Jeniffer,9.908029206227482,True
2025-11-29T15:35:20.733024,Jeniffer,9.908029206227482,True
2025-11-29T15:35:20.762749,Jeniffer,9.908029206227482,True
2025-11-29T15:35:20.792561,Jeniffer,9.908029206227482,True
2025-11-29T15:35:20.822371,Jeniffer,9.95882822880414,True
2025-11-29T15:35:20.848621,Jeniffer,9.95882822880414,True
2025-11-29T15:35:20.892590,Jeniffer,9.95882822880414,True
2025-11-29T15:35:20.923968,Jeniffer,9.95882822880414,True
2025-11-29T15:35:20.952780,Jeniffer,9.95882822880414,True
2025-11-29T15:35:20.982347,Jeniffer,9.95882822880414,True
2025-11-29T15:35:21.010711,Jeniffer,9.95882822880414,True
2025-11-29T15:35:21.037672,Jeniffer,9.95882822880414,True
2025-11-29T15:35:21.069849,Jeniffer,9.95882822880414,True
2025-11-29T15:35:21.113633,Jeniffer,9.95882822880414,True
2025-11-29T15:35:21.157171,Jeniffer,9.95882822880414,True
2025-11-29T15:35:21.185576,Jeniffer,9.95882822880414,True
2025-11-29T15:35:21.214364,Jeniffer,9.95882822880414,True
2025-11-29T15:35:21.240206,Jeniffer,9.900500184646535,True
2025-11-29T15:35:21.268629,Jeniffer,9.900500184646535,True
2025-11-29T15:35:21.295613,Jeniffer,9.900500184646535,True
2025-11-29T15:35:21.337691,Jeniffer,9.900500184646535,True
2025-11-29T15:35:21.366122,Jeniffer,9.853117381811819,True
2025-11-29T15:35:21.392239,Jeniffer,9.853117381811819,True
2025-11-29T15:35:21.420003,Jeniffer,9.853117381811819,True
2025-11-29T15:35:21.457923,Jeniffer,9.900500184646535,True
2025-11-29T15:35:21.486817,Jeniffer,9.900500184646535,True
2025-11-29T15:35:21.516419,Jeniffer,9.900500184646535,True
2025-11-29T15:35:21.543212,Jeniffer,9.900500184646535,True
2025-11-29T15:35:21.568999,Jeniffer,9.900500184646535,True
2025-11-29T15:35:21.595998,Jeniffer,9.900500184646535,True
2025-11-29T15:35:21.623758,Jeniffer,9.900500184646535,True
2025-11-29T15:35:21.648953,Jeniffer,9.853117381811819,True
2025-11-29T15:35:21.685403,Jeniffer,9.853117381811819,True
2025-11-29T15:35:21.716604,Jeniffer,9.813690320450934,True
2025-11-29T15:35:21.755628,Jeniffer,9.813690320450934,True
2025-11-29T15:35:21.782499,Jeniffer,9.813690320450934,True
2025-11-29T15:35:21.817087,Jeniffer,9.813690320450934,True
2025-11-29T15:35:21.843991,Jeniffer,9.813690320450934,True
2025-11-29T15:35:21.868501,Jeniffer,9.780500466656084,True
2025-11-29T15:35:21.903450,Jeniffer,9.752451149446202,True
2025-11-29T15:35:21.932126,Jeniffer,9.752451149446202,True
2025-11-29T15:35:21.956842,Jeniffer,9.728791491273793,True
2025-11-29T15:35:22.003930,Jeniffer,9.752451149446202,True
2025-11-29T15:35:22.030614,Jeniffer,9.728791491273793,True
2025-11-29T15:35:22.059867,Jeniffer,9.708980890617141,True
2025-11-29T15:35:22.086929,Jeniffer,9.692615416015503,True
2025-11-29T15:35:22.122319,Jeniffer,9.692615416015503,True
2025-11-29T15:35:22.152147,Jeniffer,9.692615416015503,True
2025-11-29T15:35:22.189641,Jeniffer,9.692615416015503,True
2025-11-29T15:35:22.218782,Jeniffer,9.692615416015503,True
2025-11-29T15:35:22.245655,Jeniffer,9.679384692622516,True
2025-11-29T15:35:22.275377,Jeniffer,9.669045129396833,True
2025-11-29T15:35:22.306378,Jeniffer,9.669045129396833,True
2025-11-29T15:35:22.349063,Jeniffer,9.661402504043853,True
2025-11-29T15:35:22.384709,Jeniffer,9.656300203251504,True
2025-11-29T15:35:22.411336,Jeniffer,9.653611037395915,True
2025-11-29T15:35:22.438436,Jeniffer,9.653231402738628,True
2025-11-29T15:35:22.464344,Jeniffer,9.655077038061744,True
2025-11-29T15:35:22.495993,Jeniffer,9.65907989784911,True
2025-11-29T15:35:22.536177,Jeniffer,9.65907989784911,True
2025-11-29T15:35:22.562729,Jeniffer,9.665185830286696,True
2025-11-29T15:35:22.603952,Jeniffer,9.665185830286696,True
2025-11-29T15:35:22.633203,Jeniffer,9.673352852313492,True
2025-11-29T15:35:22.658917,Jeniffer,9.673352852313492,True
2025-11-29T15:35:22.701730,Jeniffer,9.673352852313492,True
2025-11-29T15:35:22.731528,Jeniffer,9.683549881196775,True
2025-11-29T15:35:22.767877,Jeniffer,9.69575582708286,True
2025-11-29T15:35:22.793891,Jeniffer,9.69575582708286,True
2025-11-29T15:35:22.827458,Jeniffer,9.709958982191402,True
2025-11-29T15:35:22.856169,Jeniffer,9.709958982191402,True
2025-11-29T15:35:22.884007,Jeniffer,9.726156664981477,True
2025-11-29T15:35:22.911251,Jeniffer,8.820307125216976,True
2025-11-29T15:35:22.941288,Jeniffer,8.820307125216976,True
2025-11-29T15:35:22.968019,Jeniffer,8.837571901704862,True
2025-11-29T15:35:22.995012,Jeniffer,8.856893509720553,True
2025-11-29T15:35:23.022491,Jeniffer,8.856893509720553,True
2025-11-29T15:35:23.061579,Jeniffer,8.765860042752877,True
2025-11-29T15:35:23.088253,Jeniffer,8.788513747208667,True
2025-11-29T15:35:23.116927,Jeniffer,8.8133538514674,True
2025-11-29T15:35:23.160020,Jeniffer,8.760761671226849,True
2025-11-29T15:35:23.185396,Jeniffer,8.760761671226849,True
2025-11-29T15:35:23.213955,Jeniffer,8.760761671226849,True
2025-11-29T15:35:23.253604,Jeniffer,8.726296144674322,True
2025-11-29T15:35:23.285593,Jeniffer,8.726296144674322,True
2025-11-29T15:35:23.312406,Jeniffer,8.726296144674322,True
2025-11-29T15:35:23.338077,Jeniffer,8.726296144674322,True
2025-11-29T15:35:23.368808,Jeniffer,8.726296144674322,True
2025-11-29T15:35:23.394876,Jeniffer,8.726296144674322,True
2025-11-29T15:35:23.431730,Jeniffer,8.69852299571717,True
2025-11-29T15:35:23.467377,Jeniffer,8.673120586507132,True
2025-11-29T15:35:23.500478,Jeniffer,8.673120586507132,True
2025-11-29T15:35:23.531127,Jeniffer,8.650028568715637,True
2025-11-29T15:35:23.562786,Jeniffer,8.650028568715637,True
2025-11-29T15:35:23.598324,Jeniffer,8.629201303808713,True
2025-11-29T15:35:23.626605,Jeniffer,8.61060652824742,True
2025-11-29T15:35:23.656565,Jeniffer,8.594224468503846,True
2025-11-29T15:35:23.681029,Jeniffer,8.594224468503846,True
2025-11-29T15:35:23.708802,Jeniffer,8.594224468503846,True
2025-11-29T15:35:23.747607,Jeniffer,8.594224468503846,True
2025-11-29T15:35:23.774914,Jeniffer,8.594224468503846,True
2025-11-29T15:35:23.807469,Jeniffer,8.580047345342109,True
2025-11-29T15:35:23.842539,Jeniffer,8.568079236134313,True
2025-11-29T15:35:23.869460,Jeniffer,8.568079236134313,True
2025-11-29T15:35:23.897662,Hansen,6.817905762604276,True
2025-11-29T15:35:23.935547,Marvel,11.543527175967679,True
2025-11-29T15:35:23.964993,Hansen,6.803635267472229,True
2025-11-29T15:35:24.612968,Jeniffer,8.521489907107728,True
2025-11-29T15:35:25.567902,Jeniffer,8.476184856752427,True
2025-11-29T15:35:25.582601,Jeniffer,8.432249089155054,True
2025-11-29T15:35:25.616584,Jeniffer,8.389779322223509,True
2025-11-29T15:35:25.648682,Jeniffer,8.348886528645043,True
2025-11-29T15:35:25.680219,Marvel,11.543527175967679,True
2025-11-29T15:35:25.710730,Marvel,11.543527175967679,True
2025-11-29T15:35:25.743031,Marvel,11.543527175967679,True
2025-11-29T15:35:25.772650,Marvel,11.543527175967679,True
2025-11-29T15:35:25.805449,Marvel,11.543527175967679,True
2025-11-29T15:35:25.836258,Jeniffer,8.309699253676701,True
2025-11-29T15:35:25.864213,Jeniffer,8.273869022589178,True
2025-11-29T15:35:25.892086,Jeniffer,8.236537794695852,True
2025-11-29T15:35:25.919615,Marvel,11.543527175967679,True
2025-11-29T15:35:25.948502,Marvel,11.543527175967679,True
2025-11-29T15:35:25.975416,Marvel,11.543527175967679,True
2025-11-29T15:35:26.002575,Marvel,11.543527175967679,True
2025-11-29T15:35:26.032110,Jeniffer,8.201774657306144,True
2025-11-29T15:35:26.057933,Marvel,11.543527175967679,True
2025-11-29T15:35:26.084801,Marvel,11.543527175967679,True
2025-11-29T15:35:26.112647,Marvel,11.543527175967679,True
2025-11-29T15:35:26.141028,Marvel,11.543527175967679,True
2025-11-29T15:35:26.169775,Marvel,10.612938988699812,True
2025-11-29T15:35:26.196833,Marvel,10.612938988699812,True
2025-11-29T15:35:26.224671,Marvel,10.612938988699812,True
2025-11-29T15:35:26.250431,Jeniffer,8.16647797306753,True
2025-11-29T15:35:26.279857,Marvel,10.612938988699812,True
2025-11-29T15:35:26.315258,Jeniffer,8.132838013621726,True
2025-11-29T15:35:26.349671,Jeniffer,8.100383251591115,True
2025-11-29T15:35:26.377372,Jeniffer,8.06733589085291,True
2025-11-29T15:35:26.411985,Jeniffer,8.036800791532574,True
2025-11-29T15:35:26.439340,Jeniffer,8.009106566938573,True
2025-11-29T15:35:26.467029,Jeniffer,7.984674369770994,True
2025-11-29T15:35:26.503635,Marvel,10.612938988699812,True
2025-11-29T15:35:26.538603,Marvel,10.612938988699812,True
2025-11-29T15:35:26.565851,Marvel,10.612938988699812,True
2025-11-29T15:35:26.596228,Marvel,10.612938988699812,True
2025-11-29T15:35:26.625154,Marvel,10.612938988699812,True
2025-11-29T15:35:26.650034,Marvel,10.612938988699812,True
2025-11-29T15:35:26.698276,Jeniffer,7.953473720800324,True
2025-11-29T15:35:26.724033,Jeniffer,7.93286043816414,True
2025-11-29T15:35:26.755261,Marvel,10.612938988699812,True
2025-11-29T15:35:26.780435,Jeniffer,7.940389459745087,True
2025-11-29T15:35:26.810414,Marvel,10.612938988699812,True
2025-11-29T15:35:26.854970,Marvel,10.612938988699812,True
2025-11-29T15:35:26.881264,Marvel,10.612938988699812,True
2025-11-29T15:35:26.916490,Marvel,10.612938988699812,True
2025-11-29T15:35:26.943064,Jeniffer,7.910519910075086,True
2025-11-29T15:35:26.976444,Marvel,10.612938988699812,True
2025-11-29T15:35:27.007566,Marvel,10.612938988699812,True
2025-11-29T15:35:27.037169,Marvel,10.612938988699812,True
2025-11-29T15:35:27.066487,Marvel,10.612938988699812,True
2025-11-29T15:35:27.092153,Marvel,10.612938988699812,True
2025-11-29T15:35:27.119120,Marvel,10.612938988699812,True
2025-11-29T15:35:27.152130,Jeniffer,7.8944918426131165,True
2025-11-29T15:35:27.195755,Marvel,10.612938988699812,True
2025-11-29T15:35:27.222158,Marvel,10.612938988699812,True
2025-11-29T15:35:27.256249,Jeniffer,7.884160287728126,True
2025-11-29T15:35:27.289561,Jeniffer,7.855708343511704,True
2025-11-29T15:35:27.316041,Marvel,10.612938988699812,True
2025-11-29T15:35:27.342359,Marvel,10.612938988699812,True
2025-11-29T15:35:27.372373,Marvel,10.612938988699812,True
2025-11-29T15:35:27.407519,Marvel,10.612938988699812,True
2025-11-29T15:35:27.434552,Marvel,10.612938988699812,True
2025-11-29T15:35:27.462313,Jeniffer,7.879848579535832,True
2025-11-29T15:35:27.499804,Jeniffer,7.876945960237667,True
2025-11-29T15:35:27.527994,Jeniffer,7.884474981818613,True
2025-11-29T15:35:27.563003,Jeniffer,7.943053686755681,True
2025-11-29T15:35:27.593821,Marvel,10.612938988699812,True
2025-11-29T15:35:27.639539,Marvel,10.612938988699812,True
2025-11-29T15:35:27.666467,Marvel,10.612938988699812,True
2025-11-29T15:35:27.694045,Marvel,10.612938988699812,True
2025-11-29T15:35:27.721013,Marvel,10.612938988699812,True
2025-11-29T15:35:27.746609,Marvel,10.612938988699812,True
2025-11-29T15:35:27.783069,Marvel,10.612938988699812,True
2025-11-29T15:35:27.821911,Marvel,10.612938988699812,True
2025-11-29T15:35:27.849473,Marvel,10.612938988699812,True
2025-11-29T15:35:27.890773,Marvel,10.612938988699812,True
2025-11-29T15:35:27.915917,Jeniffer,7.967193922779809,True
2025-11-29T15:35:27.943657,Marvel,10.612938988699812,True
2025-11-29T15:35:27.972563,Jeniffer,8.025772627716876,True
2025-11-29T15:35:28.002186,Marvel,10.612938988699812,True
2025-11-29T15:35:28.039897,Marvel,10.612938988699812,True
2025-11-29T15:35:28.066770,Marvel,10.612938988699812,True
2025-11-29T15:35:28.096726,Marvel,10.612938988699812,True
2025-11-29T15:35:28.124041,Marvel,10.612938988699812,True
2025-11-29T15:35:28.162336,Marvel,10.612938988699812,True
2025-11-29T15:35:28.190268,Marvel,10.612938988699812,True
2025-11-29T15:35:28.218939,Marvel,10.612938988699812,True
2025-11-29T15:35:28.265898,Marvel,10.612938988699812,True
2025-11-29T15:35:28.294449,Jeniffer,8.87959425360378,True
2025-11-29T15:35:28.320730,Jeniffer,9.733415879490687,True
2025-11-29T15:35:28.369067,Marvel,10.612938988699812,True
2025-11-29T15:35:28.398988,Jeniffer,9.706479374519105,True
2025-11-29T15:35:28.427757,Jeniffer,9.68116975168626,True
2025-11-29T15:35:28.455717,Jeniffer,9.65761498018395,True
2025-11-29T15:35:28.485410,Jeniffer,9.63596334031148,True
2025-11-29T15:35:28.515884,Jeniffer,9.616388414911585,True
2025-11-29T15:35:28.543575,Jeniffer,9.5990957949756,True
2025-11-29T15:35:28.571586,Jeniffer,9.584332279987645,True
2025-11-29T15:35:28.597693,Jeniffer,9.572398810943106,True
2025-11-29T15:35:28.634934,Jeniffer,9.563669170217665,True
2025-11-29T15:35:28.666524,Jeniffer,9.558617932206348,True
2025-11-29T15:35:28.698668,Jeniffer,9.557863931621334,True
2025-11-29T15:35:28.728159,Jeniffer,9.562241208648393,True
2025-11-29T15:35:28.756103,Jeniffer,9.572921974783227,True
2025-11-29T15:35:28.783959,Jeniffer,9.591646826575598,True
2025-11-29T15:35:28.834836,Jeniffer,9.621202446831482,True
2025-11-29T15:35:28.862698,Jeniffer,9.666567918061276,True
2025-11-29T15:35:28.889561,Jeniffer,9.738359856705618,True
2025-11-29T15:35:28.921318,Jeniffer,9.868563770300547,True
2025-11-29T15:35:28.950732,Jeniffer,11.561538276029479,True
2025-11-29T15:35:28.992981,Jeniffer,11.561538276029479,True
2025-11-29T15:35:29.023270,Jeniffer,11.561538276029479,True
2025-11-29T15:35:29.049895,Jeniffer,11.561538276029479,True
2025-11-29T15:35:29.076904,Marvel,10.612938988699812,True
2025-11-29T15:35:29.108720,Jeniffer,11.561538276029479,True
2025-11-29T15:35:29.136499,Jeniffer,11.561538276029479,True
2025-11-29T15:35:29.169224,Jeniffer,11.561538276029479,True
2025-11-29T15:35:29.202432,Jeniffer,11.561538276029479,True
2025-11-29T15:35:29.238790,Jeniffer,11.561538276029479,True
2025-11-29T15:35:29.271875,Jeniffer,11.561538276029479,True
2025-11-29T15:35:29.301221,Jeniffer,11.561538276029479,True
2025-11-29T15:35:29.331090,Jeniffer,11.561538276029479,True
2025-11-29T15:35:29.359407,Jeniffer,11.561538276029479,True
2025-11-29T15:35:29.384471,Jeniffer,11.561538276029479,True
2025-11-29T15:35:29.412008,Jeniffer,11.561538276029479,True
2025-11-29T15:35:29.451185,Jeniffer,11.561538276029479,True
2025-11-29T15:35:29.484340,Marvel,11.543527175967679,True
2025-11-29T15:35:29.515665,Jeniffer,11.561538276029479,True
2025-11-29T15:35:29.543423,Jeniffer,11.561538276029479,True
2025-11-29T15:35:29.572801,Jeniffer,11.561538276029479,True
2025-11-29T15:35:29.607049,Jeniffer,11.561538276029479,True
2025-11-29T15:35:29.646976,Marvel,11.543527175967679,True
2025-11-29T15:35:29.678093,Marvel,11.543527175967679,True
2025-11-29T15:35:29.707105,Jeniffer,11.561538276029479,True
2025-11-29T15:35:29.734688,Marvel,11.543527175967679,True
2025-11-29T15:35:29.771886,Marvel,11.543527175967679,True
2025-11-29T15:35:29.800335,Marvel,11.543527175967679,True
2025-11-29T15:35:29.828186,Marvel,11.543527175967679,True
2025-11-29T15:35:29.855517,Marvel,11.543527175967679,True
2025-11-29T15:35:29.883500,Jeniffer,11.561538276029479,True
2025-11-29T15:35:29.914625,Jeniffer,11.561538276029479,True
2025-11-29T15:35:29.944868,Jeniffer,11.561538276029479,True
2025-11-29T15:35:29.978814,Marvel,11.543527175967679,True
2025-11-29T15:35:30.006149,Marvel,11.543527175967679,True
2025-11-29T15:35:30.041502,Marvel,11.543527175967679,True
2025-11-29T15:35:30.069667,Marvel,11.543527175967679,True
2025-11-29T15:35:30.100037,Marvel,11.543527175967679,True
2025-11-29T15:35:30.149431,Jeniffer,11.561538276029479,True
2025-11-29T15:35:30.187494,Marvel,11.543527175967679,True
2025-11-29T15:35:30.218868,Marvel,11.543527175967679,True
2025-11-29T15:35:30.247629,Marvel,11.543527175967679,True
2025-11-29T15:35:30.278298,Marvel,11.543527175967679,True
2025-11-29T15:35:30.305088,Marvel,11.543527175967679,True
2025-11-29T15:35:30.332477,Marvel,11.543527175967679,True
2025-11-29T15:35:30.373564,Marvel,11.543527175967679,True
2025-11-29T15:35:30.402000,Marvel,11.543527175967679,True
2025-11-29T15:35:30.433252,Marvel,11.543527175967679,True
2025-11-29T15:35:30.462654,Marvel,11.543527175967679,True
2025-11-29T15:35:30.490713,Marvel,11.543527175967679,True
2025-11-29T15:35:30.517100,Marvel,11.543527175967679,True
2025-11-29T15:35:30.557926,Marvel,11.543527175967679,True
2025-11-29T15:35:30.585683,Marvel,11.543527175967679,True
2025-11-29T15:35:30.617186,Marvel,11.543527175967679,True
2025-11-29T15:35:30.644531,Marvel,11.543527175967679,True
2025-11-29T15:35:30.671962,Marvel,11.543527175967679,True
2025-11-29T15:35:30.699981,Jeniffer,11.561538276029479,True
2025-11-29T15:35:30.727782,Marvel,11.543527175967679,True
2025-11-29T15:35:30.792854,Marvel,11.543527175967679,True
2025-11-29T15:35:30.824549,Marvel,11.543527175967679,True
2025-11-29T15:35:30.852818,Marvel,11.543527175967679,True
2025-11-29T15:35:30.884202,Marvel,11.543527175967679,True
2025-11-29T15:35:30.914977,Marvel,11.543527175967679,True
2025-11-29T15:35:30.941123,Marvel,11.543527175967679,True
2025-11-29T15:35:30.969312,Marvel,11.543527175967679,True
2025-11-29T15:35:30.997125,Marvel,11.543527175967679,True
2025-11-29T15:35:31.024672,Marvel,11.543527175967679,True
2025-11-29T15:35:31.050116,Marvel,11.543527175967679,True
2025-11-29T15:35:31.097106,Marvel,11.543527175967679,True
2025-11-29T15:35:31.125073,Marvel,11.543527175967679,True
2025-11-29T15:35:31.152592,Marvel,11.543527175967679,True
2025-11-29T15:35:31.184468,Marvel,11.543527175967679,True
2025-11-29T15:35:31.211428,Marvel,11.543527175967679,True
2025-11-29T15:35:31.237885,Marvel,11.543527175967679,True
2025-11-29T15:35:31.270159,Marvel,11.543527175967679,True
2025-11-29T15:35:31.300330,Marvel,11.543527175967679,True
2025-11-29T15:35:31.328810,Marvel,11.543527175967679,True
2025-11-29T15:35:31.357063,Marvel,11.543527175967679,True
2025-11-29T15:35:31.385009,Marvel,11.543527175967679,True
2025-11-29T15:35:31.418514,Marvel,11.543527175967679,True
2025-11-29T15:35:31.445587,Marvel,11.543527175967679,True
2025-11-29T15:35:31.476540,Marvel,11.543527175967679,True
2025-11-29T15:35:31.519567,Marvel,11.543527175967679,True
2025-11-29T15:35:31.547268,Jeniffer,11.561538276029479,True
2025-11-29T15:35:31.574393,Jeniffer,11.561538276029479,True
2025-11-29T15:35:31.602599,Jeniffer,11.561538276029479,True
2025-11-29T15:35:31.642508,Jeniffer,11.561538276029479,True
2025-11-29T15:35:31.669147,Jeniffer,11.561538276029479,True
2025-11-29T15:35:31.710283,Jeniffer,11.561538276029479,True
2025-11-29T15:35:31.736736,Ricardo,12.429166479979596,True
2025-11-29T15:35:31.765690,Jeniffer,11.561538276029479,True
2025-11-29T15:35:31.792577,Ricardo,12.429166479979596,True
2025-11-29T15:35:31.828599,Ricardo,12.429166479979596,True
2025-11-29T15:35:31.856111,Jeniffer,11.561538276029479,True
2025-11-29T15:35:35.902313,Marvel,11.543527175967679,True
2025-11-29T15:35:35.955158,Jeniffer,11.561538276029479,True
2025-11-29T15:35:35.987142,Jeniffer,11.561538276029479,True
2025-11-29T15:35:36.030072,Jeniffer,11.561538276029479,True
2025-11-29T15:35:36.073090,Jeniffer,11.561538276029479,True
2025-11-29T15:35:36.116383,Jeniffer,11.561538276029479,True
2025-11-29T15:35:36.161533,Marvel,11.543527175967679,True
2025-11-29T15:35:36.192825,Jeniffer,11.561538276029479,True
2025-11-29T15:35:36.219104,Marvel,11.543527175967679,True
2025-11-29T15:35:36.247876,Jeniffer,11.561538276029479,True
2025-11-29T15:35:36.274561,Jeniffer,11.561538276029479,True
2025-11-29T15:35:36.301137,Marvel,11.543527175967679,True
2025-11-29T15:35:36.326279,Marvel,11.543527175967679,True
2025-11-29T15:35:36.355100,Felix,10.389729519898765,True
2025-11-29T15:35:36.381352,Felix,10.374988191608868,True
2025-11-29T15:35:36.407868,Felix,10.365175733279898,True
2025-11-29T15:35:36.433646,Felix,10.361529302144021,True
2025-11-29T15:35:36.460111,Felix,10.365992173170305,True
2025-11-29T15:35:36.489757,Felix,10.381962327094659,True
2025-11-29T15:35:36.516934,Felix,10.41650674605647,True
2025-11-29T15:35:36.545196,Felix,10.49028433513875,True
2025-11-29T15:35:36.574759,Felix,11.512810335715578,True
2025-11-29T15:35:36.599288,Felix,11.512810335715578,True
2025-11-29T15:35:36.625711,Felix,11.512810335715578,True
2025-11-29T15:35:36.650589,Felix,11.512810335715578,True
2025-11-29T15:35:36.676606,Felix,11.512810335715578,True
2025-11-29T15:35:36.713349,Felix,11.512810335715578,True
2025-11-29T15:35:36.741973,Felix,11.512810335715578,True
2025-11-29T15:35:36.769225,Felix,11.512810335715578,True
2025-11-29T15:35:36.808676,Felix,11.512810335715578,True
2025-11-29T15:35:36.836619,Felix,11.512810335715578,True
2025-11-29T15:35:36.871840,Felix,11.512810335715578,True
2025-11-29T15:35:36.897552,Felix,11.512810335715578,True
2025-11-29T15:35:36.929989,Felix,11.512810335715578,True
2025-11-29T15:35:36.957361,Felix,11.512810335715578,True
2025-11-29T15:35:36.988434,Felix,11.512810335715578,True
2025-11-29T15:35:37.017035,Felix,11.512810335715578,True
2025-11-29T15:35:37.043589,Felix,11.512810335715578,True
2025-11-29T15:35:37.079350,Marvel,11.543527175967679,True
2025-11-29T15:35:37.111680,Marvel,11.543527175967679,True
2025-11-29T15:35:37.148548,Felix,11.512810335715578,True
2025-11-29T15:35:37.182929,Marvel,10.612938988699812,True
2025-11-29T15:35:37.217644,Marvel,10.547368941218709,True
2025-11-29T15:35:37.244299,Marvel,10.547368941218709,True
2025-11-29T15:35:37.271425,Felix,11.512810335715578,True
2025-11-29T15:35:37.297197,Felix,11.512810335715578,True
2025-11-29T15:35:37.337686,Felix,11.512810335715578,True
2025-11-29T15:35:37.371744,Marvel,10.547368941218709,True
2025-11-29T15:35:37.419256,Marvel,10.547368941218709,True
2025-11-29T15:35:37.453945,Marvel,10.547368941218709,True
2025-11-29T15:35:37.483803,Marvel,10.547368941218709,True
2025-11-29T15:35:37.516551,Marvel,10.547368941218709,True
2025-11-29T15:35:37.573431,Marvel,10.547368941218709,True
2025-11-29T15:35:37.602510,Marvel,10.547368941218709,True
2025-11-29T15:35:37.628781,Marvel,10.547368941218709,True
2025-11-29T15:35:37.656739,Felix,11.512810335715578,True
2025-11-29T15:35:37.685735,Marvel,10.518416772290333,True
2025-11-29T15:35:37.712627,Jeniffer,11.561538276029479,True
2025-11-29T15:35:37.742608,Marvel,10.518416772290333,True
2025-11-29T15:35:37.767323,Felix,11.512810335715578,True
2025-11-29T15:35:37.793978,Felix,11.512810335715578,True
2025-11-29T15:35:37.819773,Felix,11.512810335715578,True
2025-11-29T15:35:37.846552,Felix,11.512810335715578,True
2025-11-29T15:35:37.874113,Felix,11.512810335715578,True
2025-11-29T15:35:37.905377,Marvel,10.518416772290333,True
2025-11-29T15:35:37.933313,Marvel,10.506968113529807,True
2025-11-29T15:35:37.958476,Marvel,10.506968113529807,True
2025-11-29T15:35:37.990679,Marvel,10.506968113529807,True
2025-11-29T15:35:38.038062,Marvel,10.506968113529807,True
2025-11-29T15:35:38.073355,Marvel,10.506968113529807,True
2025-11-29T15:35:38.107686,Marvel,10.506968113529807,True
2025-11-29T15:35:38.135937,Marvel,10.506968113529807,True
2025-11-29T15:35:38.162844,Marvel,10.506968113529807,True
2025-11-29T15:35:38.194622,Marvel,10.506968113529807,True
2025-11-29T15:35:38.227174,Marvel,10.506968113529807,True
2025-11-29T15:35:38.254352,Marvel,10.506968113529807,True
2025-11-29T15:35:38.282816,Marvel,10.506968113529807,True
2025-11-29T15:35:38.309429,Marvel,10.506968113529807,True
2025-11-29T15:35:38.338656,Marvel,10.506968113529807,True
2025-11-29T15:35:38.367716,Marvel,10.506968113529807,True
2025-11-29T15:35:38.398050,Felix,11.512810335715578,True
2025-11-29T15:35:38.426556,Felix,11.512810335715578,True
2025-11-29T15:35:38.458771,Marvel,10.506968113529807,True
2025-11-29T15:35:38.487457,Jeniffer,11.561538276029479,True
2025-11-29T15:35:38.515547,Felix,11.512810335715578,True
2025-11-29T15:35:38.542703,Felix,11.512810335715578,True
2025-11-29T15:35:38.570723,Felix,11.512810335715578,True
2025-11-29T15:35:38.598690,Felix,11.512810335715578,True
2025-11-29T15:35:38.626244,Marvel,10.50644002383883,True
2025-11-29T15:35:38.659507,Marvel,10.513650127268923,True
2025-11-29T15:35:38.685768,Felix,11.512810335715578,True
2025-11-29T15:35:38.717772,Felix,11.512810335715578,True
2025-11-29T15:35:38.745235,Felix,11.512810335715578,True
2025-11-29T15:35:38.771834,Felix,11.512810335715578,True
2025-11-29T15:35:38.799334,Felix,11.512810335715578,True
2025-11-29T15:35:38.838081,Felix,11.512810335715578,True
2025-11-29T15:35:38.873423,Marvel,10.526770159010589,True
2025-11-29T15:35:38.903118,Marvel,10.544631612647704,True
2025-11-29T15:35:38.930269,Marvel,10.566431286550818,True
2025-11-29T15:35:38.957856,Marvel,10.591587097880348,True
2025-11-29T15:35:38.989633,Marvel,10.61965992284419,True
2025-11-29T15:35:39.031216,Marvel,10.650307878944199,True
2025-11-29T15:35:39.065510,Marvel,10.68325795149398,True
2025-11-29T15:35:39.092684,Marvel,10.718287527816045,True
2025-11-29T15:35:39.132010,Marvel,10.755211901975754,True
2025-11-29T15:35:39.158583,Felix,11.512810335715578,True
2025-11-29T15:35:39.192995,Felix,11.512810335715578,True
2025-11-29T15:35:39.231673,Marvel,10.793875539823992,True
2025-11-29T15:35:39.256946,Marvel,10.83414580177774,True
2025-11-29T15:35:39.285148,Marvel,10.875908323548655,True
2025-11-29T15:35:39.311539,Marvel,10.919063546203025,True
2025-11-29T15:35:39.346789,Marvel,10.963524062126275,True
2025-11-29T15:35:39.381989,Marvel,11.009212552425973,True
2025-11-29T15:35:39.407293,Marvel,11.056060161076754,True
2025-11-29T15:35:39.448016,Marvel,11.104005196949286,True
2025-11-29T15:35:39.497445,Marvel,11.152992085680042,True
2025-11-29T15:35:39.526806,Marvel,11.152992085680042,True
2025-11-29T15:35:39.555368,Marvel,11.152992085680042,True
2025-11-29T15:35:39.584767,Marvel,11.202970514483601,True
2025-11-29T15:35:39.611824,Felix,11.512810335715578,True
2025-11-29T15:35:39.639607,Felix,11.512810335715578,True
2025-11-29T15:35:39.663692,Marvel,11.253894727790504,True
2025-11-29T15:35:39.699242,Felix,11.512810335715578,True
2025-11-29T15:35:39.728456,Felix,11.512810335715578,True
2025-11-29T15:35:39.752668,Felix,11.512810335715578,True
2025-11-29T15:35:39.783937,Felix,11.512810335715578,True
2025-11-29T15:35:39.809548,Marvel,11.305722942101545,True
2025-11-29T15:35:39.836134,Marvel,11.358416856034646,True
2025-11-29T15:35:39.862336,Marvel,11.411941237093249,True
2025-11-29T15:35:39.889879,Marvel,11.466263570802548,True
2025-11-29T15:35:39.937965,Marvel,11.521353760949541,True
2025-11-29T15:35:39.964282,Felix,11.512810335715578,True
2025-11-29T15:35:39.997775,Marvel,11.577183872006653,True
2025-11-29T15:35:40.024464,Marvel,11.63372790661495,True
2025-11-29T15:35:40.063143,Marvel,11.63372790661495,True
2025-11-29T15:35:40.091278,Marvel,11.690961612392588,True
2025-11-29T15:35:40.126427,Marvel,11.748862313418751,True
2025-11-29T15:35:40.151885,Marvel,11.748862313418751,True
2025-11-29T15:35:40.186844,Marvel,11.807408762596811,True
2025-11-29T15:35:40.212899,Felix,11.512810335715578,True
2025-11-29T15:35:40.248019,Marvel,11.86658101177726,True
2025-11-29T15:35:40.272276,Marvel,11.926360297061613,True
2025-11-29T15:35:40.308595,Marvel,11.986728937143246,True
2025-11-29T15:35:40.334729,Marvel,12.047670242893014,True
2025-11-29T15:35:40.364585,Marvel,12.10916843668404,True
2025-11-29T15:35:40.419781,Marvel,12.171208580184754,True
2025-11-29T15:35:40.452229,Marvel,12.233776509542393,True
2025-11-29T15:35:40.485981,Marvel,12.296858777039159,True
2025-11-29T15:35:40.516798,Marvel,12.360442598436139,True
2025-11-29T15:35:40.546698,Marvel,12.424515805331245,True
2025-11-29T15:35:40.575289,Marvel,12.489066801950594,True
2025-11-29T15:35:40.601169,Marvel,12.554084525871406,True
2025-11-29T15:35:40.632865,Marvel,12.619558412240856,True
2025-11-29T15:35:40.659658,Felix,11.512810335715578,True
2025-11-29T15:35:40.685649,Marvel,12.685478361111855,True
2025-11-29T15:35:40.723365,Marvel,12.685478361111855,True
2025-11-29T15:35:40.750649,Marvel,12.685478361111855,True
2025-11-29T15:35:40.779216,Marvel,12.685478361111855,True
2025-11-29T15:35:40.816193,Marvel,12.685478361111855,True
2025-11-29T15:35:40.844715,Marvel,12.685478361111855,True
2025-11-29T15:35:40.883866,Marvel,12.685478361111855,True
2025-11-29T15:35:40.913272,Marvel,12.685478361111855,True
2025-11-29T15:35:40.952919,Marvel,12.685478361111855,True
2025-11-29T15:35:40.983451,Marvel,12.685478361111855,True
2025-11-29T15:35:41.010092,Marvel,12.685478361111855,True
2025-11-29T15:35:41.040047,Marvel,12.685478361111855,True
2025-11-29T15:35:41.065645,Marvel,12.685478361111855,True
2025-11-29T15:35:41.112563,Marvel,12.685478361111855,True
2025-11-29T15:35:41.150417,Marvel,12.685478361111855,True
2025-11-29T15:35:41.192064,Marvel,12.685478361111855,True
2025-11-29T15:35:41.220075,Marvel,12.685478361111855,True
2025-11-29T15:35:41.246743,Marvel,12.685478361111855,True
2025-11-29T15:35:41.274987,Marvel,12.685478361111855,True
2025-11-29T15:35:41.326080,Marvel,12.685478361111855,True
2025-11-29T15:35:41.354273,Marvel,12.685478361111855,True
2025-11-29T15:35:41.381427,Marvel,12.685478361111855,True
2025-11-29T15:35:41.407769,Marvel,12.685478361111855,True
2025-11-29T15:35:41.435535,Marvel,12.685478361111855,True
2025-11-29T15:35:41.468104,Marvel,12.685478361111855,True
2025-11-29T15:35:41.500787,Felix,11.512810335715578,True
2025-11-29T15:35:41.530329,Marvel,12.685478361111855,True
2025-11-29T15:35:41.557403,Marvel,12.685478361111855,True
2025-11-29T15:35:41.604640,Marvel,12.685478361111855,True
2025-11-29T15:35:41.633742,Marvel,12.685478361111855,True
2025-11-29T15:35:41.677629,Marvel,12.685478361111855,True
2025-11-29T15:35:41.706676,Marvel,12.685478361111855,True
2025-11-29T15:35:41.733806,Marvel,12.685478361111855,True
2025-11-29T15:35:41.762401,Marvel,12.685478361111855,True
2025-11-29T15:35:41.791883,Felix,11.512810335715578,True
2025-11-29T15:35:41.819263,Felix,11.512810335715578,True
2025-11-29T15:35:41.848806,Felix,11.512810335715578,True
2025-11-29T15:35:41.874790,Felix,11.512810335715578,True
2025-11-29T15:35:41.905932,Marvel,12.685478361111855,True
2025-11-29T15:35:41.934086,Felix,11.512810335715578,True
2025-11-29T15:35:41.969969,Marvel,12.685478361111855,True
2025-11-29T15:35:42.000642,Felix,11.512810335715578,True
2025-11-29T15:35:42.029176,Felix,11.512810335715578,True
2025-11-29T15:35:42.062215,Felix,11.512810335715578,True
2025-11-29T15:35:42.093050,Felix,11.512810335715578,True
2025-11-29T15:35:42.121926,Felix,11.512810335715578,True
2025-11-29T15:35:42.151204,Felix,11.512810335715578,True
2025-11-29T15:35:42.197259,Felix,11.512810335715578,True
2025-11-29T15:35:42.226494,Felix,11.512810335715578,True
2025-11-29T15:35:42.258519,Felix,11.512810335715578,True
2025-11-29T15:35:42.286276,Felix,11.512810335715578,True
2025-11-29T15:35:42.312378,Felix,11.512810335715578,True
2025-11-29T15:35:42.341037,Felix,11.512810335715578,True
2025-11-29T15:35:42.396783,Felix,11.512810335715578,True
2025-11-29T15:35:42.430559,Felix,11.512810335715578,True
2025-11-29T15:35:42.459934,Felix,11.512810335715578,True
2025-11-29T15:35:42.488630,Felix,11.512810335715578,True
2025-11-29T15:35:42.515972,Felix,11.512810335715578,True
2025-11-29T15:35:42.544280,Felix,11.512810335715578,True
2025-11-29T15:35:42.573355,Felix,11.512810335715578,True
2025-11-29T15:35:42.602642,Felix,11.512810335715578,True
2025-11-29T15:35:42.628437,Felix,11.512810335715578,True
2025-11-29T15:35:42.657422,Felix,11.512810335715578,True
2025-11-29T15:35:42.686147,Felix,11.512810335715578,True
2025-11-29T15:35:42.713088,Felix,11.512810335715578,True
2025-11-29T15:35:42.741630,Marvel,12.685478361111855,True
2025-11-29T15:35:42.777065,Felix,11.512810335715578,True
2025-11-29T15:35:42.832783,Felix,11.512810335715578,True
2025-11-29T15:35:42.865490,Felix,11.512810335715578,True
2025-11-29T15:35:42.895223,Felix,11.512810335715578,True
2025-11-29T15:35:42.925209,Felix,11.512810335715578,True
2025-11-29T15:35:42.951506,Felix,11.512810335715578,True
2025-11-29T15:35:42.981049,Felix,11.512810335715578,True
2025-11-29T15:35:43.020868,Felix,11.512810335715578,True
2025-11-29T15:35:43.049230,Felix,11.512810335715578,True
2025-11-29T15:35:43.080310,Felix,11.512810335715578,True
2025-11-29T15:35:43.109547,Felix,11.512810335715578,True
2025-11-29T15:35:43.138139,Felix,11.512810335715578,True
2025-11-29T15:35:43.167577,Felix,11.512810335715578,True
2025-11-29T15:35:43.192016,Felix,11.512810335715578,True
2025-11-29T15:35:43.220889,Felix,11.512810335715578,True
2025-11-29T15:35:43.247117,Felix,11.512810335715578,True
2025-11-29T15:35:43.277878,Felix,11.512810335715578,True
2025-11-29T15:35:43.310295,Felix,11.512810335715578,True
2025-11-29T15:35:43.352279,Felix,11.512810335715578,True
2025-11-29T15:35:43.380502,Felix,11.512810335715578,True
2025-11-29T15:35:43.408815,Felix,11.512810335715578,True
2025-11-29T15:35:43.444246,Felix,11.512810335715578,True
2025-11-29T15:35:43.470506,Felix,11.512810335715578,True
2025-11-29T15:35:43.497882,Felix,11.512810335715578,True
2025-11-29T15:35:43.556770,Felix,11.512810335715578,True
2025-11-29T15:35:43.586391,Felix,11.512810335715578,True
2025-11-29T15:35:43.611080,Felix,11.512810335715578,True
2025-11-29T15:35:43.636252,Felix,11.512810335715578,True
2025-11-29T15:35:43.676137,Felix,11.512810335715578,True
2025-11-29T15:35:43.701152,Felix,11.512810335715578,True
2025-11-29T15:35:43.740646,Felix,11.512810335715578,True
2025-11-29T15:35:43.768028,Felix,11.512810335715578,True
2025-11-29T15:35:43.798415,Felix,11.512810335715578,True
2025-11-29T15:35:43.827358,Felix,11.512810335715578,True
2025-11-29T15:35:43.854617,Felix,11.512810335715578,True
2025-11-29T15:35:43.883166,Felix,11.512810335715578,True
2025-11-29T15:35:43.912891,Felix,11.512810335715578,True
2025-11-29T15:35:43.938915,Felix,11.512810335715578,True
2025-11-29T15:35:43.969120,Felix,11.512810335715578,True
2025-11-29T15:35:43.994728,Felix,11.512810335715578,True
2025-11-29T15:35:44.027605,Felix,11.512810335715578,True
2025-11-29T15:35:44.063620,Felix,11.512810335715578,True
2025-11-29T15:35:44.092492,Felix,11.512810335715578,True
2025-11-29T15:35:44.118196,Felix,11.512810335715578,True
2025-11-29T15:35:44.159218,Felix,11.512810335715578,True
2025-11-29T15:35:44.185095,Felix,11.512810335715578,True
2025-11-29T15:35:44.213487,Felix,11.512810335715578,True
2025-11-29T15:35:44.250326,Felix,11.512810335715578,True
2025-11-29T15:35:44.279080,Felix,11.512810335715578,True
2025-11-29T15:35:44.310075,Felix,11.512810335715578,True
2025-11-29T15:35:44.337354,Felix,11.512810335715578,True
2025-11-29T15:35:44.379805,Felix,11.512810335715578,True
2025-11-29T15:35:44.418754,Felix,11.512810335715578,True
2025-11-29T15:35:44.444304,Felix,11.512810335715578,True
2025-11-29T15:35:44.470364,Felix,11.512810335715578,True
2025-11-29T15:35:44.495905,Felix,11.512810335715578,True
2025-11-29T15:35:44.545276,Felix,11.512810335715578,True
2025-11-29T15:35:44.572475,Felix,11.512810335715578,True
2025-11-29T15:35:44.605469,Felix,11.512810335715578,True
2025-11-29T15:35:44.668570,Felix,11.512810335715578,True
2025-11-29T15:35:44.699351,Felix,11.512810335715578,True
2025-11-29T15:35:44.728741,Marvel,12.685478361111855,True
2025-11-29T15:35:44.758678,Marvel,12.685478361111855,True
2025-11-29T15:35:44.786743,Marvel,12.685478361111855,True
2025-11-29T15:35:44.816176,Marvel,12.685478361111855,True
2025-11-29T15:35:44.845689,Marvel,12.685478361111855,True
2025-11-29T15:35:44.881894,Marvel,12.685478361111855,True
2025-11-29T15:35:44.911668,Marvel,12.685478361111855,True
2025-11-29T15:35:44.938413,Marvel,12.685478361111855,True
2025-11-29T15:35:44.965308,Marvel,12.685478361111855,True
2025-11-29T15:35:44.994509,Marvel,12.685478361111855,True
2025-11-29T15:35:45.022793,Marvel,12.685478361111855,True
2025-11-29T15:35:45.053452,Marvel,12.685478361111855,True
2025-11-29T15:35:45.081164,Marvel,12.685478361111855,True
2025-11-29T15:35:45.108499,Marvel,12.685478361111855,True
2025-11-29T15:35:45.165696,Marvel,12.685478361111855,True
2025-11-29T15:35:45.191862,Marvel,12.685478361111855,True
2025-11-29T15:35:45.221764,Felix,11.512810335715578,True
2025-11-29T15:35:45.252046,Marvel,12.685478361111855,True
2025-11-29T15:35:45.278823,Marvel,12.685478361111855,True
2025-11-29T15:35:45.307843,Marvel,12.685478361111855,True
2025-11-29T15:35:45.335667,Marvel,12.685478361111855,True
2025-11-29T15:35:45.364812,Marvel,12.685478361111855,True
2025-11-29T15:35:45.392922,Marvel,12.685478361111855,True
2025-11-29T15:35:45.420787,Marvel,12.685478361111855,True
2025-11-29T15:35:45.449131,Marvel,12.685478361111855,True
2025-11-29T15:35:45.479335,Marvel,12.685478361111855,True
2025-11-29T15:35:45.508187,Marvel,12.685478361111855,True
2025-11-29T15:35:45.539032,Marvel,12.685478361111855,True
2025-11-29T15:35:45.567729,Marvel,12.685478361111855,True
2025-11-29T15:35:45.597865,Marvel,12.685478361111855,True
2025-11-29T15:35:45.624279,Marvel,12.685478361111855,True
2025-11-29T15:35:45.653197,Marvel,12.685478361111855,True
2025-11-29T15:35:45.679465,Marvel,12.685478361111855,True
2025-11-29T15:35:45.709806,Marvel,12.685478361111855,True
2025-11-29T15:35:45.742002,Marvel,12.685478361111855,True
2025-11-29T15:35:45.772071,Marvel,12.685478361111855,True
2025-11-29T15:35:45.800421,Marvel,12.685478361111855,True
2025-11-29T15:35:45.836749,Marvel,12.685478361111855,True
2025-11-29T15:35:45.865180,Marvel,12.685478361111855,True
2025-11-29T15:35:45.896225,Marvel,12.685478361111855,True
2025-11-29T15:35:45.925144,Marvel,12.685478361111855,True
2025-11-29T15:35:45.951500,Marvel,12.685478361111855,True
2025-11-29T15:35:45.991067,Marvel,12.685478361111855,True
2025-11-29T15:35:46.018760,Marvel,12.685478361111855,True
2025-11-29T15:35:46.051918,Marvel,12.685478361111855,True
2025-11-29T15:35:46.084228,Marvel,12.685478361111855,True
2025-11-29T15:35:46.132567,Marvel,12.685478361111855,True
2025-11-29T15:35:46.161104,Marvel,12.685478361111855,True
2025-11-29T15:35:46.190884,Marvel,12.685478361111855,True
2025-11-29T15:35:46.217479,Marvel,12.685478361111855,True
2025-11-29T15:35:46.243010,Marvel,12.685478361111855,True
2025-11-29T15:35:46.277789,Marvel,12.685478361111855,True
2025-11-29T15:35:46.303750,Marvel,12.685478361111855,True
2025-11-29T15:35:46.330128,Marvel,12.685478361111855,True
2025-11-29T15:35:46.369011,Marvel,12.685478361111855,True
2025-11-29T15:35:46.396835,Marvel,12.685478361111855,True
2025-11-29T15:35:46.429049,Marvel,12.685478361111855,True
2025-11-29T15:35:46.460194,Marvel,12.685478361111855,True
2025-11-29T15:35:46.486074,Marvel,12.685478361111855,True
2025-11-29T15:35:46.522945,Marvel,12.685478361111855,True
2025-11-29T15:35:46.552336,Marvel,12.685478361111855,True
2025-11-29T15:35:46.599777,Marvel,12.685478361111855,True
2025-11-29T15:35:46.628480,Marvel,12.685478361111855,True
2025-11-29T15:35:46.658878,Marvel,12.685478361111855,True
2025-11-29T15:35:46.686386,Marvel,12.685478361111855,True
2025-11-29T15:35:46.712368,Marvel,12.685478361111855,True
2025-11-29T15:35:46.753143,Marvel,12.685478361111855,True
2025-11-29T15:35:46.779415,Marvel,12.685478361111855,True
2025-11-29T15:35:46.807400,Marvel,12.685478361111855,True
2025-11-29T15:35:46.850424,Marvel,12.685478361111855,True
2025-11-29T15:35:46.876671,Marvel,12.685478361111855,True
2025-11-29T15:35:46.904963,Marvel,12.685478361111855,True
2025-11-29T15:35:46.946093,Marvel,12.685478361111855,True
2025-11-29T15:35:46.970998,Marvel,12.685478361111855,True
2025-11-29T15:35:47.038830,Marvel,12.685478361111855,True
2025-11-29T15:35:47.072373,Marvel,12.685478361111855,True
2025-11-29T15:35:47.101565,Marvel,12.685478361111855,True
2025-11-29T15:35:47.134511,Marvel,12.685478361111855,True
2025-11-29T15:35:47.163220,Marvel,12.685478361111855,True
2025-11-29T15:35:47.194120,Marvel,12.685478361111855,True
2025-11-29T15:35:47.223978,Marvel,12.685478361111855,True
2025-11-29T15:35:47.252555,Marvel,12.685478361111855,True
2025-11-29T15:35:47.282348,Marvel,12.685478361111855,True
2025-11-29T15:35:47.313558,Marvel,12.685478361111855,True
2025-11-29T15:35:47.339452,Marvel,12.685478361111855,True
2025-11-29T15:35:47.367769,Marvel,12.685478361111855,True
2025-11-29T15:35:47.395398,Marvel,12.685478361111855,True
2025-11-29T15:35:47.420555,Marvel,12.685478361111855,True
2025-11-29T15:35:47.456515,Marvel,12.685478361111855,True
2025-11-29T15:35:47.485807,Marvel,12.685478361111855,True
2025-11-29T15:35:47.512072,Marvel,12.685478361111855,True
2025-11-29T15:35:47.538509,Felix,11.512810335715578,True
2025-11-29T15:35:47.564185,Felix,11.512810335715578,True
2025-11-29T15:35:47.592723,Marvel,12.685478361111855,True
2025-11-29T15:35:47.619274,Felix,11.512810335715578,True
2025-11-29T15:35:47.648093,Felix,11.512810335715578,True
2025-11-29T15:35:47.686859,Felix,11.512810335715578,True
2025-11-29T15:35:47.716473,Marvel,12.685478361111855,True
2025-11-29T15:35:47.744434,Felix,11.512810335715578,True
2025-11-29T15:35:47.776261,Felix,11.512810335715578,True
2025-11-29T15:35:47.813076,Felix,11.512810335715578,True
2025-11-29T15:35:47.838966,Felix,11.512810335715578,True
2025-11-29T15:35:47.893541,Felix,11.512810335715578,True
2025-11-29T15:35:47.919850,Felix,11.512810335715578,True
2025-11-29T15:35:47.950533,Felix,11.512810335715578,True
2025-11-29T15:35:47.978849,Felix,11.512810335715578,True
2025-11-29T15:35:48.006767,Felix,11.512810335715578,True
2025-11-29T15:35:48.033761,Felix,11.512810335715578,True
2025-11-29T15:35:48.062188,Felix,11.512810335715578,True
2025-11-29T15:35:48.087525,Felix,11.512810335715578,True
2025-11-29T15:35:48.123414,Felix,11.512810335715578,True
2025-11-29T15:35:48.148829,Felix,11.512810335715578,True
2025-11-29T15:35:48.185780,Felix,11.512810335715578,True
2025-11-29T15:35:48.213513,Felix,11.512810335715578,True
2025-11-29T15:35:48.239890,Felix,11.512810335715578,True
2025-11-29T15:35:48.264989,Felix,11.512810335715578,True
2025-11-29T15:35:48.307508,Felix,11.512810335715578,True
2025-11-29T15:35:48.334562,Felix,11.512810335715578,True
2025-11-29T15:35:48.375926,Felix,11.512810335715578,True
2025-11-29T15:35:48.404396,Felix,11.512810335715578,True
2025-11-29T15:35:48.434392,Felix,11.512810335715578,True
2025-11-29T15:35:48.461083,Felix,11.512810335715578,True
2025-11-29T15:35:48.488307,Felix,11.512810335715578,True
2025-11-29T15:35:48.513200,Felix,11.512810335715578,True
2025-11-29T15:35:48.553081,Felix,11.512810335715578,True
2025-11-29T15:35:48.590938,Felix,11.512810335715578,True
2025-11-29T15:35:48.616533,Felix,11.512810335715578,True
2025-11-29T15:35:48.645907,Marvel,12.685478361111855,True
2025-11-29T15:35:48.671885,Felix,11.512810335715578,True
2025-11-29T15:35:48.707592,Felix,11.512810335715578,True
2025-11-29T15:35:48.746279,Felix,11.512810335715578,True
2025-11-29T15:35:48.774975,Felix,11.512810335715578,True
2025-11-29T15:35:48.809538,Ricardo,12.429166479979596,True
2025-11-29T15:35:48.836428,Felix,11.512810335715578,True
2025-11-29T15:35:48.863123,Ricardo,12.429166479979596,True
2025-11-29T15:35:48.890465,Felix,11.512810335715578,True
2025-11-29T15:35:48.915621,Felix,11.512810335715578,True
2025-11-29T15:35:48.952330,Felix,11.512810335715578,True
2025-11-29T15:35:48.981057,Marvel,12.685478361111855,True
2025-11-29T15:35:49.006364,Marvel,12.685478361111855,True
2025-11-29T15:35:49.034943,Ricardo,12.429166479979596,True
2025-11-29T15:35:49.061742,Marvel,12.685478361111855,True
2025-11-29T15:35:49.094951,Marvel,12.685478361111855,True
2025-11-29T15:35:49.125235,Marvel,12.685478361111855,True
2025-11-29T15:35:49.162098,Marvel,12.685478361111855,True
2025-11-29T15:35:49.191939,Marvel,12.685478361111855,True
2025-11-29T15:35:49.249616,Felix,11.512810335715578,True
2025-11-29T15:35:49.281462,Ricardo,12.429166479979596,True
2025-11-29T15:35:49.308090,Ricardo,12.429166479979596,True
2025-11-29T15:35:49.335994,Ricardo,12.429166479979596,True
2025-11-29T15:35:49.364984,Ricardo,12.429166479979596,True
2025-11-29T15:35:49.393493,Ricardo,12.429166479979596,True
2025-11-29T15:35:49.420394,Ricardo,12.429166479979596,True
2025-11-29T15:35:49.454496,Ricardo,12.429166479979596,True
2025-11-29T15:35:49.486507,Ricardo,12.429166479979596,True
2025-11-29T15:35:49.513923,Ricardo,12.429166479979596,True
2025-11-29T15:35:49.540853,Ricardo,12.429166479979596,True
2025-11-29T15:35:49.568571,Ricardo,12.429166479979596,True
2025-11-29T15:35:49.595084,Ricardo,12.429166479979596,True
2025-11-29T15:35:49.628844,Ricardo,12.429166479979596,True
2025-11-29T15:35:49.656615,Ricardo,12.429166479979596,True
2025-11-29T15:35:49.682590,Ricardo,12.429166479979596,True
2025-11-29T15:35:49.711775,Ricardo,12.429166479979596,True
2025-11-29T15:35:49.745232,Ricardo,12.429166479979596,True
2025-11-29T15:35:49.783754,Ricardo,12.429166479979596,True
2025-11-29T15:35:49.813232,Ricardo,12.429166479979596,True
2025-11-29T15:35:49.839427,Ricardo,12.429166479979596,True
2025-11-29T15:35:49.874702,Marvel,12.685478361111855,True
2025-11-29T15:35:49.900001,Ricardo,12.429166479979596,True
2025-11-29T15:35:49.932000,Marvel,12.685478361111855,True
2025-11-29T15:35:49.971428,Ricardo,12.429166479979596,True
2025-11-29T15:35:50.007489,Marvel,12.685478361111855,True
2025-11-29T15:35:50.032480,Marvel,12.685478361111855,True
2025-11-29T15:35:50.060145,Marvel,12.685478361111855,True
2025-11-29T15:35:50.083896,Marvel,12.685478361111855,True
2025-11-29T15:35:50.113649,Marvel,12.685478361111855,True
2025-11-29T15:35:50.148697,Marvel,12.685478361111855,True
2025-11-29T15:35:50.176915,Marvel,12.685478361111855,True
2025-11-29T15:35:50.205557,Marvel,12.685478361111855,True
2025-11-29T15:35:50.256967,Marvel,12.685478361111855,True
2025-11-29T15:35:50.283689,Marvel,12.685478361111855,True
2025-11-29T15:35:50.310899,Marvel,12.685478361111855,True
2025-11-29T15:35:50.340133,Marvel,12.685478361111855,True
2025-11-29T15:35:50.366583,Marvel,12.685478361111855,True
2025-11-29T15:35:50.393793,Marvel,12.685478361111855,True
2025-11-29T15:35:50.420439,Marvel,12.685478361111855,True
2025-11-29T15:35:50.458967,Marvel,12.685478361111855,True
2025-11-29T15:35:50.491655,Marvel,12.685478361111855,True
2025-11-29T15:35:50.516202,Marvel,12.685478361111855,True
2025-11-29T15:35:50.546870,Marvel,12.685478361111855,True
2025-11-29T15:35:50.583825,Marvel,12.685478361111855,True
2025-11-29T15:35:50.608719,Marvel,12.685478361111855,True
2025-11-29T15:35:50.640172,Marvel,12.685478361111855,True
2025-11-29T15:35:50.669485,Marvel,12.685478361111855,True
2025-11-29T15:35:50.705486,Marvel,12.685478361111855,True
2025-11-29T15:35:50.730508,Marvel,12.685478361111855,True
2025-11-29T15:35:50.759149,Marvel,12.685478361111855,True
2025-11-29T15:35:50.794646,Marvel,12.685478361111855,True
2025-11-29T15:35:50.820988,Marvel,12.685478361111855,True
2025-11-29T15:35:50.861959,Marvel,12.685478361111855,True
2025-11-29T15:35:50.887844,Marvel,12.685478361111855,True
2025-11-29T15:35:50.914617,Marvel,12.685478361111855,True
2025-11-29T15:35:50.947315,Marvel,12.685478361111855,True
2025-11-29T15:35:50.971860,Marvel,12.685478361111855,True
2025-11-29T15:35:51.017988,Marvel,12.685478361111855,True
2025-11-29T15:35:51.049121,Marvel,12.685478361111855,True
2025-11-29T15:35:51.074626,Marvel,12.685478361111855,True
2025-11-29T15:35:51.100978,Marvel,12.685478361111855,True
2025-11-29T15:35:51.136260,Marvel,12.685478361111855,True
2025-11-29T15:35:51.164897,Marvel,12.685478361111855,True
2025-11-29T15:35:51.192179,Marvel,11.688970224972989,True
2025-11-29T15:35:51.218062,Marvel,11.688970224972989,True
2025-11-29T15:35:51.245922,Marvel,11.688970224972989,True
2025-11-29T15:35:51.279599,Marvel,11.688970224972989,True
2025-11-29T15:35:51.318017,Marvel,11.688970224972989,True
2025-11-29T15:35:51.342887,Marvel,11.688970224972989,True
2025-11-29T15:35:51.368620,Marvel,11.688970224972989,True
2025-11-29T15:35:51.397478,Marvel,11.688970224972989,True
2025-11-29T15:35:51.425366,Marvel,11.688970224972989,True
2025-11-29T15:35:51.465532,Marvel,11.688970224972989,True
2025-11-29T15:35:51.501294,Marvel,11.688970224972989,True
2025-11-29T15:35:51.525923,Marvel,11.688970224972989,True
2025-11-29T15:35:51.562896,Marvel,11.688970224972989,True
2025-11-29T15:35:51.592727,Marvel,11.688970224972989,True
2025-11-29T15:35:51.622844,Marvel,11.688970224972989,True
2025-11-29T15:35:51.652511,Marvel,11.688970224972989,True
2025-11-29T15:35:51.701535,Marvel,11.688970224972989,True
2025-11-29T15:35:51.728129,Marvel,11.688970224972989,True
2025-11-29T15:35:51.752678,Marvel,11.688970224972989,True
2025-11-29T15:35:51.799777,Marvel,11.688970224972989,True
2025-11-29T15:35:51.827737,Marvel,11.688970224972989,True
2025-11-29T15:35:51.855543,Marvel,11.688970224972989,True
2025-11-29T15:35:51.883161,Marvel,11.688970224972989,True
2025-11-29T15:35:51.908649,Marvel,11.688970224972989,True
2025-11-29T15:35:51.936089,Marvel,11.688970224972989,True
2025-11-29T15:35:51.965708,Marvel,11.688970224972989,True
2025-11-29T15:35:51.992057,Marvel,11.688970224972989,True
2025-11-29T15:35:52.023623,Marvel,11.688970224972989,True
2025-11-29T15:35:52.049823,Marvel,11.688970224972989,True
2025-11-29T15:35:52.094563,Marvel,11.688970224972989,True
2025-11-29T15:35:52.132843,Marvel,11.688970224972989,True
2025-11-29T15:35:52.162146,Marvel,11.688970224972989,True
2025-11-29T15:35:52.187371,Marvel,11.688970224972989,True
2025-11-29T15:35:52.216307,Marvel,11.688970224972989,True
2025-11-29T15:35:52.243010,Marvel,11.688970224972989,True
2025-11-29T15:35:52.272619,Marvel,11.688970224972989,True
2025-11-29T15:35:52.299807,Marvel,11.688970224972989,True
2025-11-29T15:35:52.335649,Marvel,11.688970224972989,True
2025-11-29T15:35:52.362292,Marvel,11.688970224972989,True
2025-11-29T15:35:52.387040,Marvel,11.688970224972989,True
2025-11-29T15:35:52.413900,Marvel,11.688970224972989,True
2025-11-29T15:35:52.438630,Marvel,11.688970224972989,True
2025-11-29T15:35:52.480553,Marvel,11.688970224972989,True
2025-11-29T15:35:52.504473,Marvel,11.688970224972989,True
2025-11-29T15:35:52.538958,Marvel,11.688970224972989,True
2025-11-29T15:35:52.563996,Felix,11.512810335715578,True
2025-11-29T15:35:52.601154,Felix,11.512810335715578,True
2025-11-29T15:35:52.624870,Felix,11.512810335715578,True
2025-11-29T15:35:52.665534,Felix,11.512810335715578,True
2025-11-29T15:35:52.690019,Felix,11.512810335715578,True
2025-11-29T15:35:52.718339,Felix,11.512810335715578,True
2025-11-29T15:35:52.745980,Felix,11.512810335715578,True
2025-11-29T15:35:52.774101,Marvel,11.688970224972989,True
2025-11-29T15:35:52.799153,Marvel,11.688970224972989,True
2025-11-29T15:35:57.900487,Ricardo,12.429166479979596,True
2025-11-29T15:35:57.925525,Ricardo,12.429166479979596,True
2025-11-29T15:35:57.950047,Ricardo,12.429166479979596,True
2025-11-29T15:35:57.974576,Marvel,11.62349633860354,True
2025-11-29T15:35:58.027013,Jeniffer,11.561538276029479,True
2025-11-29T15:35:58.050329,Jeniffer,11.561538276029479,True
2025-11-29T15:35:58.073591,Jeniffer,11.561538276029479,True
2025-11-29T15:35:58.096828,Jeniffer,11.561538276029479,True
2025-11-29T15:35:58.120525,Ricardo,12.429166479979596,True
2025-11-29T15:35:58.133290,Jeniffer,11.561538276029479,True
2025-11-29T15:35:58.148725,Ricardo,12.429166479979596,True
2025-11-29T15:35:58.167483,Ricardo,12.429166479979596,True
2025-11-29T15:35:58.183991,Ricardo,12.429166479979596,True
2025-11-29T15:35:58.202495,Jeniffer,11.561538276029479,True
2025-11-29T15:35:58.223429,Ricardo,12.429166479979596,True
2025-11-29T15:35:58.241838,Ricardo,12.429166479979596,True
2025-11-29T15:35:58.259401,Ricardo,12.429166479979596,True
2025-11-29T15:35:58.278503,Jeniffer,11.561538276029479,True
2025-11-29T15:35:58.294912,Jeniffer,11.561538276029479,True
2025-11-29T15:35:58.312981,Jeniffer,11.561538276029479,True
2025-11-29T15:35:58.328593,Ricardo,12.429166479979596,True
2025-11-29T15:35:58.348225,Ricardo,12.429166479979596,True
2025-11-29T15:35:58.368464,Ricardo,12.429166479979596,True
2025-11-29T15:35:58.439230,Jeniffer,11.561538276029479,True
2025-11-29T15:35:58.451787,Ricardo,12.429166479979596,True
2025-11-29T15:35:58.471490,Ricardo,12.429166479979596,True
2025-11-29T15:35:58.489170,Jeniffer,11.561538276029479,True
2025-11-29T15:35:58.504064,Jeniffer,11.561538276029479,True
2025-11-29T15:35:58.521607,Jeniffer,11.561538276029479,True
2025-11-29T15:35:58.542067,Ricardo,12.429166479979596,True
2025-11-29T15:35:58.559507,Hansen,6.75593415130585,True
2025-11-29T15:35:58.578346,Ricardo,12.429166479979596,True
2025-11-29T15:35:58.593435,Ricardo,12.429166479979596,True
2025-11-29T15:35:58.612142,Ricardo,12.429166479979596,True
2025-11-29T15:35:58.631297,Ricardo,12.429166479979596,True
2025-11-29T15:35:58.645808,Ricardo,12.429166479979596,True
2025-11-29T15:35:58.665186,Hansen,6.709240371756807,True
2025-11-29T15:35:58.683640,Ricardo,12.429166479979596,True
2025-11-29T15:35:58.703486,Ricardo,12.429166479979596,True
2025-11-29T15:35:58.722642,Ricardo,12.429166479979596,True
2025-11-29T15:35:58.742392,Jeniffer,11.561538276029479,True
2025-11-29T15:35:58.761184,Hansen,6.663605646412822,True
2025-11-29T15:35:58.806186,Ricardo,12.429166479979596,True
2025-11-29T15:35:58.820183,Ricardo,12.429166479979596,True
2025-11-29T15:35:58.839497,Ricardo,12.429166479979596,True
2025-11-29T15:35:58.858684,Ricardo,12.429166479979596,True
2025-11-29T15:35:58.878668,Hansen,6.619087150591172,True
2025-11-29T15:35:58.896983,Ricardo,12.429166479979596,True
2025-11-29T15:35:58.917480,Jeniffer,11.561538276029479,True
2025-11-29T15:35:58.935703,Jeniffer,11.561538276029479,True
2025-11-29T15:35:58.952329,Jeniffer,11.561538276029479,True
2025-11-29T15:35:58.968973,Jeniffer,11.561538276029479,True
2025-11-29T15:35:58.988438,Ricardo,12.429166479979596,True
2025-11-29T15:35:59.003620,Jeniffer,11.561538276029479,True
2025-11-29T15:35:59.020780,Jeniffer,11.561538276029479,True
2025-11-29T15:35:59.040808,Marvel,11.558478614682727,True
2025-11-29T15:35:59.059781,Jeniffer,11.561538276029479,True
2025-11-29T15:35:59.076856,Jeniffer,11.561538276029479,True
2025-11-29T15:35:59.096648,Ricardo,12.429166479979596,True
2025-11-29T15:35:59.113289,Ricardo,12.429166479979596,True
2025-11-29T15:35:59.130213,Ricardo,12.429166479979596,True
2025-11-29T15:35:59.149303,Ricardo,12.429166479979596,True
2025-11-29T15:35:59.166146,Jeniffer,11.561538276029479,True
2025-11-29T15:35:59.218393,Ricardo,12.429166479979596,True
2025-11-29T15:35:59.949667,Ricardo,12.429166479979596,True
2025-11-29T15:35:59.965403,Ricardo,12.429166479979596,True
2025-11-29T15:35:59.982291,Ricardo,12.429166479979596,True
2025-11-29T15:35:59.999990,Ricardo,12.429166479979596,True
2025-11-29T15:36:00.019979,Ricardo,12.429166479979596,True
2025-11-29T15:36:00.052296,Jeniffer,11.561538276029479,True
2025-11-29T15:36:00.067703,Ricardo,12.429166479979596,True
2025-11-29T15:36:00.092650,Ricardo,12.429166479979596,True
2025-11-29T15:36:00.122556,Ricardo,12.429166479979596,True
2025-11-29T15:36:00.138115,Ricardo,12.429166479979596,True
2025-11-29T15:36:00.179024,Ricardo,12.429166479979596,True
2025-11-29T15:36:00.193293,Ricardo,12.429166479979596,True
2025-11-29T15:36:00.211844,Ricardo,12.429166479979596,True
2025-11-29T15:36:00.229750,Jeniffer,11.561538276029479,True
2025-11-29T15:36:00.246001,Ricardo,12.429166479979596,True
2025-11-29T15:36:00.262585,Ricardo,12.429166479979596,True
2025-11-29T15:36:00.280998,Ricardo,12.429166479979596,True
2025-11-29T15:36:00.301450,Ricardo,12.429166479979596,True
2025-11-29T15:36:00.317541,Ricardo,12.429166479979596,True
2025-11-29T15:36:00.335091,Jeniffer,11.561538276029479,True
2025-11-29T15:36:00.349333,Ricardo,12.429166479979596,True
2025-11-29T15:36:00.388359,Hansen,6.5757484108345565,True
2025-11-29T15:36:00.402546,Ricardo,12.429166479979596,True
2025-11-29T15:36:00.424861,Ricardo,12.429166479979596,True
2025-11-29T15:36:00.444281,Ricardo,12.429166479979596,True
2025-11-29T15:36:00.460866,Jeniffer,11.561538276029479,True
2025-11-29T15:36:00.479617,Jeniffer,11.561538276029479,True
2025-11-29T15:36:00.497825,Hansen,6.533660401183644,True
2025-11-29T15:36:00.512252,Ricardo,12.429166479979596,True
2025-11-29T15:36:00.531968,Ricardo,12.429166479979596,True
2025-11-29T15:36:00.550626,Jeniffer,11.561538276029479,True
2025-11-29T15:36:00.568745,Jeniffer,11.561538276029479,True
2025-11-29T15:36:00.587928,Marvel,11.493927618063378,True
2025-11-29T15:36:00.613144,Ricardo,12.429166479979596,True
2025-11-29T15:36:00.652740,Ricardo,12.429166479979596,True
2025-11-29T15:36:00.664652,Ricardo,12.429166479979596,True
2025-11-29T15:36:00.683161,Ricardo,12.429166479979596,True
2025-11-29T15:36:00.705368,Marvel,12.424515805331245,True
2025-11-29T15:36:00.725512,Marvel,12.360442598436139,True
2025-11-29T15:36:00.760360,Jeniffer,11.561538276029479,True
2025-11-29T15:36:00.772019,Ricardo,12.429166479979596,True
2025-11-29T15:36:00.789539,Ricardo,12.429166479979596,True
2025-11-29T15:36:00.806426,Jeniffer,11.561538276029479,True
2025-11-29T15:36:00.825419,Ricardo,12.429166479979596,True
2025-11-29T15:36:00.842626,Jeniffer,11.561538276029479,True
2025-11-29T15:36:00.859868,Jeniffer,11.561538276029479,True
2025-11-29T15:36:00.899909,Ricardo,12.429166479979596,True
2025-11-29T15:36:00.913893,Marvel,12.296858777039159,True
2025-11-29T15:36:00.930410,Ricardo,12.429166479979596,True
2025-11-29T15:36:00.966274,Ricardo,12.429166479979596,True
2025-11-29T15:36:00.980191,Ricardo,12.429166479979596,True
2025-11-29T15:36:00.997797,Ricardo,12.429166479979596,True
2025-11-29T15:36:01.017852,Ricardo,12.429166479979596,True
2025-11-29T15:36:01.037987,Ricardo,12.429166479979596,True
2025-11-29T15:36:01.062208,Ricardo,12.429166479979596,True
2025-11-29T15:36:01.080282,Marvel,12.233776509542393,True
2025-11-29T15:36:01.098128,Ricardo,12.429166479979596,True
2025-11-29T15:36:01.118846,Marvel,12.171208580184754,True
2025-11-29T15:36:01.154464,Ricardo,12.429166479979596,True
2025-11-29T15:36:01.167775,Ricardo,12.429166479979596,True
2025-11-29T15:36:01.187269,Ricardo,12.429166479979596,True
2025-11-29T15:36:01.270302,Ricardo,12.429166479979596,True
2025-11-29T15:36:01.283707,Ricardo,12.429166479979596,True
2025-11-29T15:36:01.298819,Marvel,12.10916843668404,True
2025-11-29T15:36:01.313628,Jeniffer,11.561538276029479,True
2025-11-29T15:36:01.332751,Ricardo,12.429166479979596,True
2025-11-29T15:36:01.348654,Jeniffer,11.561538276029479,True
2025-11-29T15:36:01.362337,Ricardo,12.429166479979596,True
2025-11-29T15:36:01.377462,Ricardo,12.429166479979596,True
2025-11-29T15:36:01.392725,Marvel,12.047670242893014,True
2025-11-29T15:36:01.420764,Jeniffer,11.561538276029479,True
2025-11-29T15:36:01.433795,Jeniffer,11.561538276029479,True
2025-11-29T15:36:01.467701,Ricardo,12.429166479979596,True
2025-11-29T15:36:01.479114,Marvel,11.986728937143246,True
2025-11-29T15:36:01.496602,Ricardo,12.429166479979596,True
2025-11-29T15:36:01.514046,Ricardo,12.429166479979596,True
2025-11-29T15:36:01.527079,Jeniffer,11.561538276029479,True
2025-11-29T15:36:01.541428,Marvel,11.926360297061613,True
2025-11-29T15:36:01.586286,Ricardo,12.429166479979596,True
2025-11-29T15:36:01.600229,Ricardo,12.429166479979596,True
2025-11-29T15:36:01.614795,Jeniffer,11.561538276029479,True
2025-11-29T15:36:01.635260,Ricardo,12.429166479979596,True
2025-11-29T15:36:01.654814,Ricardo,12.429166479979596,True
2025-11-29T15:36:01.676268,Ricardo,12.429166479979596,True
2025-11-29T15:36:01.698262,Jeniffer,11.561538276029479,True
2025-11-29T15:36:01.716872,Ricardo,12.429166479979596,True
2025-11-29T15:36:01.752360,Jeniffer,11.561538276029479,True
2025-11-29T15:36:01.765125,Ricardo,12.429166479979596,True
2025-11-29T15:36:01.782215,Jeniffer,11.561538276029479,True
2025-11-29T15:36:01.796006,Jeniffer,11.561538276029479,True
2025-11-29T15:36:01.813704,Jeniffer,11.561538276029479,True
2025-11-29T15:36:01.836638,Ricardo,12.429166479979596,True
2025-11-29T15:36:01.856207,Jeniffer,11.561538276029479,True
2025-11-29T15:36:02.941664,Ricardo,12.429166479979596,True
2025-11-29T15:36:02.962543,Ricardo,12.429166479979596,True
2025-11-29T15:36:03.006540,Ricardo,12.429166479979596,True
2025-11-29T15:36:03.021586,Ricardo,12.429166479979596,True
2025-11-29T15:36:03.078302,Ricardo,12.429166479979596,True
2025-11-29T15:36:03.094078,Ricardo,12.429166479979596,True
2025-11-29T15:36:03.115481,Ricardo,12.429166479979596,True
2025-11-29T15:36:03.139061,Ricardo,12.429166479979596,True
2025-11-29T15:36:03.155488,Ricardo,12.429166479979596,True
2025-11-29T15:36:03.175326,Marvel,11.86658101177726,True
2025-11-29T15:36:03.194252,Ricardo,12.429166479979596,True
2025-11-29T15:36:03.215345,Ricardo,12.429166479979596,True
2025-11-29T15:36:03.261892,Ricardo,12.429166479979596,True
2025-11-29T15:36:03.277753,Ricardo,12.429166479979596,True
2025-11-29T15:36:03.302235,Ricardo,12.429166479979596,True
2025-11-29T15:36:03.349276,Ricardo,12.429166479979596,True
2025-11-29T15:36:03.367214,Ricardo,12.429166479979596,True
2025-11-29T15:36:03.393844,Ricardo,12.429166479979596,True
2025-11-29T15:36:03.416258,Ricardo,12.429166479979596,True
2025-11-29T15:36:03.440139,Ricardo,12.429166479979596,True
2025-11-29T15:36:03.457877,Ricardo,12.429166479979596,True
2025-11-29T15:36:03.476332,Ricardo,12.429166479979596,True
2025-11-29T15:36:03.514217,Marvel,11.807408762596811,True
2025-11-29T15:36:03.528657,Ricardo,12.429166479979596,True
2025-11-29T15:36:03.546386,Ricardo,12.429166479979596,True
2025-11-29T15:36:03.563304,Ricardo,12.429166479979596,True
2025-11-29T15:36:03.625707,Felix,11.512810335715578,True
2025-11-29T15:36:03.654020,Marvel,11.748862313418751,True
2025-11-29T15:36:03.747389,Ricardo,12.429166479979596,True
2025-11-29T15:36:03.758885,Ricardo,12.429166479979596,True
2025-11-29T15:36:03.773480,Ricardo,12.429166479979596,True
2025-11-29T15:36:03.789137,Jeniffer,11.561538276029479,True
2025-11-29T15:36:03.838067,Ricardo,12.429166479979596,True
2025-11-29T15:36:03.853054,Ricardo,12.429166479979596,True
2025-11-29T15:36:03.930159,Ricardo,12.429166479979596,True
2025-11-29T15:36:03.942820,Ricardo,12.429166479979596,True
2025-11-29T15:36:03.961330,Marvel,11.690961612392588,True
2025-11-29T15:36:03.986132,Ricardo,12.429166479979596,True
2025-11-29T15:36:04.000518,Ricardo,12.429166479979596,True
2025-11-29T15:36:04.074599,Ricardo,12.429166479979596,True
2025-11-29T15:36:04.829571,Hansen,6.529073622742354,True
2025-11-29T15:36:04.957671,Ricardo,12.429166479979596,True
2025-11-29T15:36:04.986163,Ricardo,12.429166479979596,True
2025-11-29T15:36:05.000494,Ricardo,12.429166479979596,True
2025-11-29T15:36:05.046071,Hansen,6.489736926511525,True
2025-11-29T15:36:05.371091,Ricardo,12.429166479979596,True
2025-11-29T15:36:05.383473,Ricardo,12.429166479979596,True
2025-11-29T15:36:05.401012,Ricardo,12.429166479979596,True
2025-11-29T15:36:05.413912,Jeniffer,11.561538276029479,True
2025-11-29T15:36:05.431540,Ricardo,12.429166479979596,True
2025-11-29T15:36:05.527400,Jeniffer,11.561538276029479,True
2025-11-29T15:36:05.541803,Jeniffer,11.561538276029479,True
2025-11-29T15:36:05.558237,Jeniffer,11.561538276029479,True
2025-11-29T15:36:05.903300,Hansen,6.451924001079467,True
2025-11-29T15:36:05.931933,Hansen,6.453566206087897,True
2025-11-29T15:36:05.944263,Ricardo,12.429166479979596,True
2025-11-29T15:36:05.990235,Hansen,6.458511939677712,True
2025-11-29T15:36:06.084427,Ricardo,12.429166479979596,True
2025-11-29T15:36:07.025632,Hansen,6.462974810703996,True
2025-11-29T15:36:07.053779,Marvel,11.63372790661495,True
2025-11-29T15:36:07.067758,Ricardo,12.429166479979596,True
2025-11-29T15:36:07.104809,Ricardo,12.429166479979596,True
2025-11-29T15:36:07.120672,Hansen,6.471282645680697,True
2025-11-29T15:36:07.137017,Ricardo,12.429166479979596,True
2025-11-29T15:36:07.152962,Ricardo,12.429166479979596,True
2025-11-29T15:36:07.177557,Ricardo,12.429166479979596,True
2025-11-29T15:36:07.199568,Jeniffer,11.561538276029479,True
2025-11-29T15:36:07.223174,Ricardo,12.429166479979596,True
2025-11-29T15:36:07.247917,Ricardo,12.429166479979596,True
2025-11-29T15:36:07.272669,Jeniffer,11.561538276029479,True
2025-11-29T15:36:07.296373,Ricardo,12.429166479979596,True
2025-11-29T15:36:07.328413,Hansen,6.440966437705852,True
2025-11-29T15:36:07.341910,Ricardo,12.429166479979596,True
2025-11-29T15:36:07.372261,Hansen,6.413015697720019,True
2025-11-29T15:36:07.401126,Hansen,6.387715532532301,True
2025-11-29T15:36:07.742132,Ricardo,12.429166479979596,True
2025-11-29T15:36:07.900055,Ricardo,12.429166479979596,True
2025-11-29T15:36:07.912777,Ricardo,12.429166479979596,True
2025-11-29T15:36:07.929666,Ricardo,12.429166479979596,True
2025-11-29T15:36:10.930269,Ricardo,12.429166479979596,True
2025-11-29T15:36:10.984339,Ricardo,12.429166479979596,True
2025-11-29T15:36:11.012590,Ricardo,12.429166479979596,True
2025-11-29T15:36:11.047968,Ricardo,12.429166479979596,True
2025-11-29T15:36:11.063026,Ricardo,12.429166479979596,True
2025-11-29T15:36:11.079456,Hansen,6.403685686456656,True
2025-11-29T15:36:11.100477,Ricardo,12.429166479979596,True
2025-11-29T15:36:11.116707,Ricardo,12.429166479979596,True
2025-11-29T15:36:11.149282,Ricardo,12.429166479979596,True
2025-11-29T15:36:11.163581,Ricardo,12.429166479979596,True
2025-11-29T15:36:11.180055,Jeniffer,11.561538276029479,True
2025-11-29T15:36:11.195193,Hansen,6.381393901592832,True
2025-11-29T15:36:11.211194,Ricardo,12.429166479979596,True
2025-11-29T15:36:11.901213,Marvel,11.577183872006653,True
2025-11-29T15:36:14.504950,Ricardo,12.429166479979596,True
2025-11-29T15:36:14.519100,Ricardo,12.429166479979596,True
2025-11-29T15:36:14.598214,Jeniffer,11.561538276029479,True
2025-11-29T15:36:14.629601,Jeniffer,11.561538276029479,True
2025-11-29T15:36:14.932211,Jeniffer,11.561538276029479,True
2025-11-29T15:36:15.015158,Jeniffer,11.561538276029479,True
2025-11-29T15:36:15.048289,Jeniffer,11.561538276029479,True
2025-11-29T15:36:15.081687,Jeniffer,11.561538276029479,True
2025-11-29T15:36:15.177500,Ricardo,12.429166479979596,True
2025-11-29T15:36:15.209730,Ricardo,12.429166479979596,True
2025-11-29T15:36:15.238395,Jeniffer,11.561538276029479,True
2025-11-29T15:36:15.267444,Ricardo,12.429166479979596,True
2025-11-29T15:36:15.282167,Ricardo,12.429166479979596,True
2025-11-29T15:36:15.312919,Ricardo,12.429166479979596,True
2025-11-29T15:36:15.341358,Ricardo,12.429166479979596,True
2025-11-29T15:36:15.371352,Ricardo,12.429166479979596,True
2025-11-29T15:36:15.397786,Ricardo,12.429166479979596,True
2025-11-29T15:36:15.426343,Ricardo,12.429166479979596,True
2025-11-29T15:36:15.458112,Ricardo,12.429166479979596,True
2025-11-29T15:36:15.485032,Ricardo,12.429166479979596,True
2025-11-29T15:36:15.515648,Ricardo,12.429166479979596,True
2025-11-29T15:36:15.543824,Ricardo,12.429166479979596,True
2025-11-29T15:36:15.571177,Ricardo,12.429166479979596,True
2025-11-29T15:36:15.599495,Ricardo,12.429166479979596,True
2025-11-29T15:36:15.629706,Ricardo,12.429166479979596,True
2025-11-29T15:36:15.659758,Ricardo,12.429166479979596,True
2025-11-29T15:36:15.687385,Ricardo,12.429166479979596,True
2025-11-29T15:36:15.718486,Ricardo,12.429166479979596,True
2025-11-29T15:36:15.744816,Ricardo,12.429166479979596,True
2025-11-29T15:36:15.772468,Ricardo,12.429166479979596,True
2025-11-29T15:36:15.800645,Ricardo,12.429166479979596,True
2025-11-29T15:36:15.827270,Ricardo,12.429166479979596,True
2025-11-29T15:36:15.854092,Ricardo,12.429166479979596,True
2025-11-29T15:36:15.881495,Ricardo,12.429166479979596,True
2025-11-29T15:36:15.909220,Ricardo,12.429166479979596,True
2025-11-29T15:36:15.937456,Ricardo,12.429166479979596,True
2025-11-29T15:36:15.966640,Ricardo,12.429166479979596,True
2025-11-29T15:36:15.994455,Ricardo,12.429166479979596,True
2025-11-29T15:36:16.020638,Ricardo,12.429166479979596,True
2025-11-29T15:36:16.048943,Ricardo,12.429166479979596,True
2025-11-29T15:36:16.077142,Ricardo,12.429166479979596,True
2025-11-29T15:36:16.107078,Ricardo,12.429166479979596,True
2025-11-29T15:36:16.147428,Ricardo,12.429166479979596,True
2025-11-29T15:36:16.175938,Ricardo,12.429166479979596,True
2025-11-29T15:36:16.189233,Ricardo,12.429166479979596,True
2025-11-29T15:36:16.227490,Ricardo,12.429166479979596,True
2025-11-29T15:36:16.254199,Ricardo,12.429166479979596,True
2025-11-29T15:36:16.280081,Ricardo,12.429166479979596,True
2025-11-29T15:36:16.292037,Ricardo,12.429166479979596,True
2025-11-29T15:36:16.328334,Ricardo,12.429166479979596,True
2025-11-29T15:36:16.354827,Ricardo,12.429166479979596,True
2025-11-29T15:36:16.384053,Ricardo,12.429166479979596,True
2025-11-29T15:36:16.410031,Ricardo,12.429166479979596,True
2025-11-29T15:36:16.435041,Ricardo,12.429166479979596,True
2025-11-29T15:36:16.464802,Ricardo,12.429166479979596,True
2025-11-29T15:36:16.493358,Ricardo,12.429166479979596,True
2025-11-29T15:36:16.521528,Ricardo,12.429166479979596,True
2025-11-29T15:36:16.545916,Ricardo,12.429166479979596,True
2025-11-29T15:36:16.573733,Ricardo,12.429166479979596,True
2025-11-29T15:36:16.601515,Ricardo,12.429166479979596,True
2025-11-29T15:36:16.662762,Ricardo,12.429166479979596,True
2025-11-29T15:36:16.689630,Ricardo,12.429166479979596,True
2025-11-29T15:36:16.718269,Ricardo,12.429166479979596,True
2025-11-29T15:36:16.746912,Ricardo,12.429166479979596,True
2025-11-29T15:36:16.777337,Ricardo,12.429166479979596,True
2025-11-29T15:36:16.805372,Ricardo,12.429166479979596,True
2025-11-29T15:36:16.834413,Ricardo,12.429166479979596,True
2025-11-29T15:36:16.862220,Ricardo,12.429166479979596,True
2025-11-29T15:36:16.886039,Ricardo,12.429166479979596,True
2025-11-29T15:36:16.915683,Ricardo,12.429166479979596,True
2025-11-29T15:36:16.940718,Ricardo,12.429166479979596,True
2025-11-29T15:36:16.969275,Ricardo,12.429166479979596,True
2025-11-29T15:36:16.996259,Ricardo,12.429166479979596,True
2025-11-29T15:36:17.028845,Ricardo,12.429166479979596,True
2025-11-29T15:36:17.065961,Ricardo,12.429166479979596,True
2025-11-29T15:36:17.094893,Ricardo,12.429166479979596,True
2025-11-29T15:36:17.132754,Ricardo,12.429166479979596,True
2025-11-29T15:36:17.171333,Ricardo,12.429166479979596,True
2025-11-29T15:36:17.197158,Ricardo,12.429166479979596,True
2025-11-29T15:36:17.227550,Ricardo,12.429166479979596,True
2025-11-29T15:36:17.254124,Ricardo,12.429166479979596,True
2025-11-29T15:36:17.285647,Ricardo,12.429166479979596,True
2025-11-29T15:36:17.315491,Ricardo,12.429166479979596,True
2025-11-29T15:36:17.347572,Ricardo,12.429166479979596,True
2025-11-29T15:36:17.374530,Ricardo,12.429166479979596,True
2025-11-29T15:36:17.401429,Ricardo,12.429166479979596,True
2025-11-29T15:36:17.444945,Jeniffer,11.561538276029479,True
2025-11-29T15:36:17.472967,Jeniffer,11.561538276029479,True
2025-11-29T15:36:17.506240,Ricardo,12.429166479979596,True
2025-11-29T15:36:17.533555,Ricardo,12.429166479979596,True
2025-11-29T15:36:17.560865,Jeniffer,11.561538276029479,True
2025-11-29T15:36:17.592196,Ricardo,12.429166479979596,True
2025-11-29T15:36:17.645019,Ricardo,12.429166479979596,True
2025-11-29T15:36:17.670763,Ricardo,12.429166479979596,True
2025-11-29T15:36:17.703227,Jeniffer,11.561538276029479,True
2025-11-29T15:36:17.733675,Jeniffer,11.561538276029479,True
2025-11-29T15:36:17.760059,Jeniffer,11.561538276029479,True
2025-11-29T15:36:17.789860,Ricardo,12.429166479979596,True
2025-11-29T15:36:17.818147,Jeniffer,11.561538276029479,True
2025-11-29T15:36:17.850045,Jeniffer,11.561538276029479,True
2025-11-29T15:36:17.877066,Jeniffer,11.561538276029479,True
2025-11-29T15:36:17.910907,Ricardo,12.429166479979596,True
2025-11-29T15:36:17.949018,Jeniffer,11.561538276029479,True
2025-11-29T15:36:17.986989,Jeniffer,11.561538276029479,True
2025-11-29T15:36:18.013873,Jeniffer,11.561538276029479,True
2025-11-29T15:36:18.039324,Jeniffer,11.561538276029479,True
2025-11-29T15:36:18.068047,Jeniffer,11.561538276029479,True
2025-11-29T15:36:18.111347,Ricardo,12.429166479979596,True
2025-11-29T15:36:18.139940,Jeniffer,11.561538276029479,True
2025-11-29T15:36:18.169816,Ricardo,12.429166479979596,True
2025-11-29T15:36:18.200424,Jeniffer,11.561538276029479,True
2025-11-29T15:36:18.233077,Jeniffer,11.561538276029479,True
2025-11-29T15:36:18.260693,Jeniffer,11.561538276029479,True
2025-11-29T15:36:18.289465,Ricardo,12.429166479979596,True
2025-11-29T15:36:18.319405,Ricardo,12.429166479979596,True
2025-11-29T15:36:18.347397,Ricardo,12.429166479979596,True
2025-11-29T15:36:18.373054,Jeniffer,11.561538276029479,True
2025-11-29T15:36:18.405140,Jeniffer,11.561538276029479,True
2025-11-29T15:36:18.441892,Ricardo,12.429166479979596,True
2025-11-29T15:36:18.480436,Ricardo,12.429166479979596,True
2025-11-29T15:36:18.508414,Ricardo,12.429166479979596,True
2025-11-29T15:36:18.536044,Jeniffer,11.561538276029479,True
2025-11-29T15:36:18.570154,Ricardo,12.429166479979596,True
2025-11-29T15:36:18.597313,Ricardo,12.429166479979596,True
2025-11-29T15:36:18.632870,Jeniffer,11.561538276029479,True
2025-11-29T15:36:18.665573,Ricardo,12.429166479979596,True
2025-11-29T15:36:18.697412,Ricardo,12.429166479979596,True
2025-11-29T15:36:18.730880,Ricardo,12.429166479979596,True
2025-11-29T15:36:18.759346,Ricardo,12.429166479979596,True
2025-11-29T15:36:18.792086,Ricardo,12.429166479979596,True
2025-11-29T15:36:18.820629,Ricardo,12.429166479979596,True
2025-11-29T15:36:18.852456,Ricardo,12.429166479979596,True
2025-11-29T15:36:18.882348,Ricardo,12.429166479979596,True
2025-11-29T15:36:18.908337,Ricardo,12.429166479979596,True
2025-11-29T15:36:18.947979,Jeniffer,11.561538276029479,True
2025-11-29T15:36:18.974899,Jeniffer,11.561538276029479,True
2025-11-29T15:36:19.014989,Jeniffer,11.561538276029479,True
2025-11-29T15:36:19.057274,Jeniffer,11.561538276029479,True
2025-11-29T15:36:19.084558,Ricardo,12.429166479979596,True
2025-11-29T15:36:19.112237,Ricardo,12.429166479979596,True
2025-11-29T15:36:19.137380,Ricardo,12.429166479979596,True
2025-11-29T15:36:19.168680,Ricardo,12.429166479979596,True
2025-11-29T15:36:19.229234,Ricardo,12.429166479979596,True
2025-11-29T15:36:19.261824,Ricardo,12.429166479979596,True
2025-11-29T15:36:19.290843,Ricardo,12.429166479979596,True
2025-11-29T15:36:19.317423,Ricardo,12.429166479979596,True
2025-11-29T15:36:19.342323,Ricardo,12.429166479979596,True
2025-11-29T15:36:19.778145,Ricardo,12.429166479979596,True
2025-11-29T15:36:19.809027,Jeniffer,11.561538276029479,True
2025-11-29T15:36:19.847871,Ricardo,12.429166479979596,True
2025-11-29T15:36:19.888140,Ricardo,12.429166479979596,True
2025-11-29T15:36:19.918447,Jeniffer,11.561538276029479,True
2025-11-29T15:36:19.975065,Ricardo,12.429166479979596,True
2025-11-29T15:36:20.010088,Ricardo,12.429166479979596,True
2025-11-29T15:36:20.036767,Ricardo,12.429166479979596,True
2025-11-29T15:36:20.065187,Ricardo,12.429166479979596,True
2025-11-29T15:36:20.106854,Ricardo,12.429166479979596,True
2025-11-29T15:36:20.147881,Ricardo,12.429166479979596,True
2025-11-29T15:36:20.175953,Ricardo,12.429166479979596,True
2025-11-29T15:36:20.206310,Ricardo,12.429166479979596,True
2025-11-29T15:36:20.237665,Ricardo,12.429166479979596,True
2025-11-29T15:36:20.267580,Ricardo,12.429166479979596,True
2025-11-29T15:36:20.301388,Ricardo,12.429166479979596,True
2025-11-29T15:36:20.329048,Ricardo,12.429166479979596,True
2025-11-29T15:36:20.357874,Ricardo,12.429166479979596,True
2025-11-29T15:36:20.385499,Ricardo,12.429166479979596,True
2025-11-29T15:36:20.422150,Ricardo,12.429166479979596,True
2025-11-29T15:36:20.457089,Ricardo,12.429166479979596,True
2025-11-29T15:36:20.484282,Ricardo,12.429166479979596,True
2025-11-29T15:36:20.518792,Ricardo,12.429166479979596,True
2025-11-29T15:36:20.547956,Ricardo,12.429166479979596,True
2025-11-29T15:36:20.578596,Ricardo,12.429166479979596,True
2025-11-29T15:36:20.607912,Ricardo,12.429166479979596,True
2025-11-29T15:36:20.634412,Ricardo,12.429166479979596,True
2025-11-29T15:36:20.676005,Ricardo,12.429166479979596,True
2025-11-29T15:36:20.704637,Ricardo,12.429166479979596,True
2025-11-29T15:36:20.735320,Ricardo,12.429166479979596,True
2025-11-29T15:36:20.767556,Ricardo,12.429166479979596,True
2025-11-29T15:36:20.798509,Ricardo,12.429166479979596,True
2025-11-29T15:36:20.825475,Ricardo,12.429166479979596,True
2025-11-29T15:36:20.856768,Ricardo,12.429166479979596,True
2025-11-29T15:36:20.882602,Ricardo,12.429166479979596,True
2025-11-29T15:36:20.931290,Ricardo,12.429166479979596,True
2025-11-29T15:36:20.964713,Ricardo,12.429166479979596,True
2025-11-29T15:36:20.994198,Ricardo,12.429166479979596,True
2025-11-29T15:36:21.031272,Ricardo,12.429166479979596,True
2025-11-29T15:36:21.061097,Ricardo,12.429166479979596,True
2025-11-29T15:36:21.091141,Ricardo,12.429166479979596,True
2025-11-29T15:36:21.118813,Ricardo,12.429166479979596,True
2025-11-29T15:36:21.150680,Ricardo,12.429166479979596,True
2025-11-29T15:36:21.184262,Ricardo,12.429166479979596,True
2025-11-29T15:36:21.219647,Ricardo,12.429166479979596,True
2025-11-29T15:36:21.247120,Ricardo,12.429166479979596,True
2025-11-29T15:36:21.275115,Ricardo,12.429166479979596,True
2025-11-29T15:36:21.306550,Ricardo,12.429166479979596,True
2025-11-29T15:36:21.335420,Ricardo,12.429166479979596,True
2025-11-29T15:36:21.409407,Ricardo,12.429166479979596,True
2025-11-29T15:36:21.478713,Ricardo,12.429166479979596,True
2025-11-29T15:36:21.513517,Ricardo,12.429166479979596,True
2025-11-29T15:36:21.543433,Ricardo,12.429166479979596,True
2025-11-29T15:36:21.571598,Ricardo,12.429166479979596,True
2025-11-29T15:36:21.605754,Ricardo,12.429166479979596,True
2025-11-29T15:36:21.638195,Ricardo,12.429166479979596,True
2025-11-29T15:36:21.668090,Ricardo,12.429166479979596,True
2025-11-29T15:36:21.699501,Ricardo,12.429166479979596,True
2025-11-29T15:36:21.733166,Ricardo,12.429166479979596,True
2025-11-29T15:36:21.768506,Ricardo,12.429166479979596,True
2025-11-29T15:36:21.799686,Ricardo,12.429166479979596,True
2025-11-29T15:36:21.836029,Ricardo,12.429166479979596,True
2025-11-29T15:36:21.867134,Ricardo,12.429166479979596,True
2025-11-29T15:36:21.897224,Ricardo,12.429166479979596,True
2025-11-29T15:36:21.927645,Ricardo,12.429166479979596,True
2025-11-29T15:36:21.957069,Ricardo,12.429166479979596,True
2025-11-29T15:36:21.985727,Ricardo,12.429166479979596,True
2025-11-29T15:36:22.017486,Ricardo,12.429166479979596,True
2025-11-29T15:36:22.048256,Ricardo,12.429166479979596,True
2025-11-29T15:36:22.078066,Ricardo,12.429166479979596,True
2025-11-29T15:36:22.107581,Ricardo,12.429166479979596,True
2025-11-29T15:36:22.142287,Ricardo,12.429166479979596,True
2025-11-29T15:36:22.171317,Ricardo,12.429166479979596,True
2025-11-29T15:36:22.328274,Ricardo,12.429166479979596,True
2025-11-29T15:36:22.361539,Ricardo,12.429166479979596,True
2025-11-29T15:36:22.392507,Ricardo,12.429166479979596,True
2025-11-29T15:36:22.419492,Ricardo,12.429166479979596,True
2025-11-29T15:36:22.447865,Ricardo,12.429166479979596,True
2025-11-29T15:36:22.476430,Ricardo,12.429166479979596,True
2025-11-29T15:36:22.504230,Ricardo,12.429166479979596,True
2025-11-29T15:36:22.531641,Ricardo,12.429166479979596,True
2025-11-29T15:36:22.560775,Ricardo,12.429166479979596,True
2025-11-29T15:36:22.590622,Ricardo,12.429166479979596,True
2025-11-29T15:36:22.624327,Ricardo,12.429166479979596,True
2025-11-29T15:36:22.651609,Ricardo,12.429166479979596,True
2025-11-29T15:36:22.679311,Ricardo,12.429166479979596,True
2025-11-29T15:36:22.706666,Ricardo,12.429166479979596,True
2025-11-29T15:36:22.737590,Ricardo,12.429166479979596,True
2025-11-29T15:36:22.765453,Ricardo,12.429166479979596,True
2025-11-29T15:36:22.795050,Ricardo,12.429166479979596,True
2025-11-29T15:36:22.822906,Ricardo,12.429166479979596,True
2025-11-29T15:36:22.851772,Ricardo,12.429166479979596,True
2025-11-29T15:36:22.878796,Ricardo,12.429166479979596,True
2025-11-29T15:36:22.906492,Ricardo,12.429166479979596,True
2025-11-29T15:36:22.932432,Ricardo,12.429166479979596,True
2025-11-29T15:36:22.961417,Ricardo,12.429166479979596,True
2025-11-29T15:36:22.993980,Ricardo,12.429166479979596,True
2025-11-29T15:36:23.024918,Ricardo,12.429166479979596,True
2025-11-29T15:36:23.052212,Ricardo,12.429166479979596,True
2025-11-29T15:36:23.079387,Ricardo,12.429166479979596,True
2025-11-29T15:36:23.120228,Ricardo,12.429166479979596,True
2025-11-29T15:36:23.146555,Ricardo,12.429166479979596,True
2025-11-29T15:36:23.171439,Ricardo,12.429166479979596,True
2025-11-29T15:36:23.198825,Ricardo,12.429166479979596,True
2025-11-29T15:36:23.229539,Ricardo,12.429166479979596,True
2025-11-29T15:36:23.256237,Ricardo,12.429166479979596,True
2025-11-29T15:36:23.290132,Ricardo,12.429166479979596,True
2025-11-29T15:36:23.319432,Ricardo,12.429166479979596,True
2025-11-29T15:36:23.347586,Ricardo,12.429166479979596,True
2025-11-29T15:36:23.378239,Ricardo,12.429166479979596,True
2025-11-29T15:36:23.408933,Ricardo,12.429166479979596,True
2025-11-29T15:36:23.437029,Ricardo,12.429166479979596,True
2025-11-29T15:36:23.463718,Ricardo,12.429166479979596,True
2025-11-29T15:36:23.491655,Ricardo,12.429166479979596,True
2025-11-29T15:36:23.526566,Ricardo,12.429166479979596,True
2025-11-29T15:36:23.559082,Ricardo,12.429166479979596,True
2025-11-29T15:36:23.584803,Ricardo,12.429166479979596,True
2025-11-29T15:36:23.645056,Ricardo,12.429166479979596,True
2025-11-29T15:36:23.678310,Ricardo,12.429166479979596,True
2025-11-29T15:36:23.703254,Jeniffer,11.561538276029479,True
2025-11-29T15:36:23.729687,Jeniffer,11.561538276029479,True
2025-11-29T15:36:23.758896,Ricardo,12.429166479979596,True
2025-11-29T15:36:23.790996,Ricardo,12.429166479979596,True
2025-11-29T15:36:23.826477,Ricardo,12.429166479979596,True
2025-11-29T15:36:23.854748,Ricardo,12.429166479979596,True
2025-11-29T15:36:23.882971,Ricardo,12.429166479979596,True
2025-11-29T15:36:23.912207,Ricardo,12.429166479979596,True
2025-11-29T15:36:23.940668,Ricardo,12.429166479979596,True
2025-11-29T15:36:23.974131,Ricardo,12.429166479979596,True
2025-11-29T15:36:24.002446,Ricardo,12.429166479979596,True
2025-11-29T15:36:24.030991,Jeniffer,11.561538276029479,True
2025-11-29T15:36:24.056831,Ricardo,12.429166479979596,True
2025-11-29T15:36:24.081814,Ricardo,12.429166479979596,True
2025-11-29T15:36:24.117385,Ricardo,12.429166479979596,True
2025-11-29T15:36:24.145390,Ricardo,12.429166479979596,True
2025-11-29T15:36:24.173732,Ricardo,12.429166479979596,True
2025-11-29T15:36:24.199885,Ricardo,12.429166479979596,True
2025-11-29T15:36:24.228430,Ricardo,12.429166479979596,True
2025-11-29T15:36:24.256131,Ricardo,12.429166479979596,True
2025-11-29T15:36:24.285435,Ricardo,12.429166479979596,True
2025-11-29T15:36:24.312829,Ricardo,12.429166479979596,True
2025-11-29T15:36:24.344476,Ricardo,12.429166479979596,True
2025-11-29T15:36:24.374417,Ricardo,12.429166479979596,True
2025-11-29T15:36:24.408377,Ricardo,12.429166479979596,True
2025-11-29T15:36:24.438016,Ricardo,12.429166479979596,True
2025-11-29T15:36:24.463245,Ricardo,12.429166479979596,True
2025-11-29T15:36:24.496105,Ricardo,12.429166479979596,True
2025-11-29T15:36:24.523550,Ricardo,12.429166479979596,True
2025-11-29T15:36:24.551691,Ricardo,12.429166479979596,True
2025-11-29T15:36:24.576532,Jeniffer,11.561538276029479,True
2025-11-29T15:36:24.608721,Jeniffer,11.561538276029479,True
2025-11-29T15:36:24.805871,Ricardo,12.429166479979596,True
2025-11-29T15:36:24.871593,Jeniffer,11.561538276029479,True
2025-11-29T15:36:24.938247,Ricardo,12.429166479979596,True
2025-11-29T15:36:25.093713,Ricardo,12.429166479979596,True
2025-11-29T15:36:25.125293,Jeniffer,11.561538276029479,True
2025-11-29T15:36:25.161657,Jeniffer,11.561538276029479,True
2025-11-29T15:36:25.198786,Jeniffer,11.561538276029479,True
2025-11-29T15:36:25.256893,Jeniffer,11.561538276029479,True
2025-11-29T15:36:25.298518,Jeniffer,11.561538276029479,True
2025-11-29T15:36:25.327937,Jeniffer,11.561538276029479,True
2025-11-29T15:36:25.354360,Jeniffer,11.561538276029479,True
2025-11-29T15:36:25.380429,Jeniffer,11.561538276029479,True
2025-11-29T15:36:25.409119,Jeniffer,11.561538276029479,True
2025-11-29T15:36:25.437973,Jeniffer,11.561538276029479,True
2025-11-29T15:36:25.467442,Jeniffer,11.561538276029479,True
2025-11-29T15:36:25.497697,Ricardo,12.429166479979596,True
2025-11-29T15:36:25.532811,Jeniffer,11.561538276029479,True
2025-11-29T15:36:25.560081,Jeniffer,11.561538276029479,True
2025-11-29T15:36:25.591409,Jeniffer,11.561538276029479,True
2025-11-29T15:36:25.621244,Ricardo,12.429166479979596,True
2025-11-29T15:36:25.649088,Jeniffer,11.561538276029479,True
2025-11-29T15:36:25.677494,Ricardo,12.429166479979596,True
2025-11-29T15:36:25.707006,Ricardo,12.429166479979596,True
2025-11-29T15:36:25.736869,Jeniffer,11.561538276029479,True
2025-11-29T15:36:25.762198,Ricardo,12.429166479979596,True
2025-11-29T15:36:25.789513,Jeniffer,11.561538276029479,True
2025-11-29T15:36:25.822201,Jeniffer,11.561538276029479,True
2025-11-29T15:36:25.849595,Jeniffer,11.561538276029479,True
2025-11-29T15:36:25.880470,Jeniffer,11.561538276029479,True
2025-11-29T15:36:25.915336,Jeniffer,11.561538276029479,True
2025-11-29T15:36:25.948891,Jeniffer,11.561538276029479,True
2025-11-29T15:36:25.983992,Jeniffer,11.561538276029479,True
2025-11-29T15:36:26.009837,Jeniffer,11.561538276029479,True
2025-11-29T15:36:26.076554,Jeniffer,11.561538276029479,True
2025-11-29T15:36:26.105376,Jeniffer,11.561538276029479,True
2025-11-29T15:36:26.136177,Jeniffer,11.561538276029479,True
2025-11-29T15:36:26.195149,Jeniffer,11.561538276029479,True
2025-11-29T15:36:26.230020,Jeniffer,11.561538276029479,True
2025-11-29T15:36:26.257140,Jeniffer,11.561538276029479,True
2025-11-29T15:36:26.289352,Ricardo,12.429166479979596,True
2025-11-29T15:36:26.321762,Ricardo,12.429166479979596,True
2025-11-29T15:36:26.356002,Ricardo,12.429166479979596,True
2025-11-29T15:36:26.390551,Ricardo,12.429166479979596,True
2025-11-29T15:36:26.446627,Ricardo,12.429166479979596,True
2025-11-29T15:36:26.476935,Ricardo,12.429166479979596,True
2025-11-29T15:36:26.513797,Ricardo,12.429166479979596,True
2025-11-29T15:36:26.542699,Ricardo,12.429166479979596,True
2025-11-29T15:36:26.573271,Ricardo,12.429166479979596,True
2025-11-29T15:36:26.599616,Ricardo,12.429166479979596,True
2025-11-29T15:36:26.919229,Jeniffer,11.561538276029479,True
2025-11-29T15:36:26.944056,Ricardo,12.429166479979596,True
2025-11-29T15:36:27.139468,Ricardo,12.429166479979596,True
2025-11-29T15:36:27.170639,Ricardo,12.429166479979596,True
2025-11-29T15:36:27.200151,Jeniffer,11.561538276029479,True
2025-11-29T15:36:27.228832,Ricardo,12.429166479979596,True
2025-11-29T15:36:27.384481,Ricardo,12.429166479979596,True
2025-11-29T15:36:27.414917,Ricardo,12.429166479979596,True
2025-11-29T15:36:27.445000,Ricardo,12.429166479979596,True
2025-11-29T15:36:27.473011,Ricardo,12.429166479979596,True
2025-11-29T15:36:27.529910,Jeniffer,11.561538276029479,True
2025-11-29T15:36:27.683048,Jeniffer,11.561538276029479,True
2025-11-29T15:36:27.719989,Jeniffer,11.561538276029479,True
2025-11-29T15:36:27.757609,Jeniffer,11.561538276029479,True
2025-11-29T15:36:27.841240,Marvel,11.521353760949541,True
2025-11-29T15:36:27.879821,Marvel,11.466263570802548,True
2025-11-29T15:36:27.907635,Marvel,11.411941237093249,True
2025-11-29T15:36:27.937290,Marvel,11.411941237093249,True
2025-11-29T15:36:27.971644,Marvel,11.358416856034646,True
2025-11-29T15:36:28.008269,Marvel,11.305722942101545,True
2025-11-29T15:36:28.037587,Marvel,11.253894727790504,True
2025-11-29T15:36:28.062918,Jeniffer,11.561538276029479,True
2025-11-29T15:36:28.097229,Jeniffer,11.561538276029479,True
2025-11-29T15:36:28.129830,Jeniffer,11.561538276029479,True
2025-11-29T15:36:28.157526,Jeniffer,11.561538276029479,True
2025-11-29T15:36:28.199868,Marvel,11.202970514483601,True
2025-11-29T15:36:28.225374,Marvel,11.152992085680042,True
2025-11-29T15:36:28.257845,Jeniffer,11.561538276029479,True
2025-11-29T15:36:28.285169,Jeniffer,11.561538276029479,True
2025-11-29T15:36:28.317237,Marvel,11.104005196949286,True
2025-11-29T15:36:28.344211,Jeniffer,11.561538276029479,True
2025-11-29T15:36:28.377613,Marvel,11.056060161076754,True
2025-11-29T15:36:28.408082,Jeniffer,11.561538276029479,True
2025-11-29T15:36:28.442151,Jeniffer,11.561538276029479,True
2025-11-29T15:36:28.470438,Jeniffer,11.561538276029479,True
2025-11-29T15:36:28.498943,Marvel,11.009212552425973,True
2025-11-29T15:36:28.527915,Marvel,10.963524062126275,True
2025-11-29T15:36:28.557941,Marvel,10.919063546203025,True
2025-11-29T15:36:28.586892,Marvel,10.875908323548655,True
2025-11-29T15:36:28.620497,Marvel,10.83414580177774,True
2025-11-29T15:36:28.654733,Marvel,10.793875539823992,True
2025-11-29T15:36:28.689953,Marvel,10.755211901975754,True
2025-11-29T15:36:28.722278,Marvel,10.718287527816045,True
2025-11-29T15:36:28.754044,Marvel,10.718287527816045,True
2025-11-29T15:36:28.780340,Marvel,10.68325795149398,True
2025-11-29T15:36:28.811373,Marvel,10.650307878944199,True
2025-11-29T15:36:28.845827,Felix,11.512810335715578,True
2025-11-29T15:36:28.879328,Marvel,10.650307878944199,True
2025-11-29T15:36:28.912560,Marvel,10.61965992284419,True
2025-11-29T15:36:28.945573,Marvel,10.591587097880348,True
2025-11-29T15:36:28.972759,Felix,11.512810335715578,True
2025-11-29T15:36:29.001089,Felix,11.512810335715578,True
2025-11-29T15:36:29.030840,Marvel,10.591587097880348,True
2025-11-29T15:36:29.068133,Marvel,10.591587097880348,True
2025-11-29T15:36:29.093326,Marvel,10.591587097880348,True
2025-11-29T15:36:29.126105,Jeniffer,11.561538276029479,True
2025-11-29T15:36:29.152279,Marvel,10.566431286550818,True
2025-11-29T15:36:29.181249,Marvel,10.544631612647704,True
2025-11-29T15:36:29.211963,Marvel,10.526770159010589,True
2025-11-29T15:36:29.281590,Jeniffer,11.561538276029479,True
2025-11-29T15:36:29.350169,Jeniffer,11.561538276029479,True
2025-11-29T15:36:29.421622,Jeniffer,11.561538276029479,True
2025-11-29T15:36:29.480331,Marvel,10.513650127268923,True
2025-11-29T15:36:29.542949,Jeniffer,11.561538276029479,True
2025-11-29T15:36:29.606217,Marvel,10.513650127268923,True
2025-11-29T15:36:29.668187,Marvel,10.513650127268923,True
2025-11-29T15:36:29.737288,Marvel,10.513650127268923,True
2025-11-29T15:36:29.768941,Marvel,10.513650127268923,True
2025-11-29T15:36:29.802785,Marvel,10.513650127268923,True
2025-11-29T15:36:29.832307,Marvel,10.513650127268923,True
2025-11-29T15:36:29.861375,Jeniffer,11.561538276029479,True
2025-11-29T15:36:29.897385,Marvel,10.513650127268923,True
2025-11-29T15:36:29.928290,Jeniffer,11.561538276029479,True
2025-11-29T15:36:29.957514,Jeniffer,11.561538276029479,True
2025-11-29T15:36:29.988204,Jeniffer,11.561538276029479,True
2025-11-29T15:36:30.018758,Marvel,10.513650127268923,True
2025-11-29T15:36:30.047356,Marvel,10.513650127268923,True
2025-11-29T15:36:30.076248,Marvel,10.513650127268923,True
2025-11-29T15:36:30.105314,Marvel,10.513650127268923,True
2025-11-29T15:36:30.134921,Marvel,10.513650127268923,True
2025-11-29T15:36:30.168381,Jeniffer,11.561538276029479,True
2025-11-29T15:36:30.199004,Jeniffer,11.561538276029479,True
2025-11-29T15:36:30.229862,Jeniffer,11.561538276029479,True
2025-11-29T15:36:30.261870,Marvel,10.513650127268923,True
2025-11-29T15:36:30.291514,Marvel,10.513650127268923,True
2025-11-29T15:36:30.319939,Marvel,10.513650127268923,True
2025-11-29T15:36:30.347554,Jeniffer,11.561538276029479,True
2025-11-29T15:36:30.377439,Jeniffer,11.561538276029479,True
2025-11-29T15:36:30.407560,Marvel,10.513650127268923,True
2025-11-29T15:36:30.434836,Marvel,10.513650127268923,True
2025-11-29T15:36:30.463738,Marvel,10.513650127268923,True
2025-11-29T15:36:30.493390,Marvel,10.513650127268923,True
2025-11-29T15:36:30.522012,Marvel,10.513650127268923,True
2025-11-29T15:36:30.551302,Marvel,10.513650127268923,True
2025-11-29T15:36:30.580123,Jeniffer,11.561538276029479,True
2025-11-29T15:36:30.610749,Marvel,10.50644002383883,True
2025-11-29T15:36:30.640634,Marvel,10.50644002383883,True
2025-11-29T15:36:30.670342,Marvel,10.50644002383883,True
2025-11-29T15:36:30.699426,Marvel,10.513650127268923,True
2025-11-29T15:36:30.729916,Marvel,10.526770159010589,True
2025-11-29T15:36:30.758266,Marvel,10.544631612647704,True
2025-11-29T15:36:30.787098,Marvel,10.544631612647704,True
2025-11-29T15:36:30.813516,Marvel,10.566431286550818,True
2025-11-29T15:36:30.841632,Jeniffer,11.561538276029479,True
2025-11-29T15:36:30.869928,Jeniffer,11.561538276029479,True
2025-11-29T15:36:30.897151,Marvel,10.591587097880348,True
2025-11-29T15:36:30.925136,Jeniffer,11.561538276029479,True
2025-11-29T15:36:30.954736,Marvel,10.591587097880348,True
2025-11-29T15:36:30.985194,Marvel,10.591587097880348,True
2025-11-29T15:36:31.014502,Marvel,10.591587097880348,True
2025-11-29T15:36:31.043484,Marvel,10.591587097880348,True
2025-11-29T15:36:31.067440,Marvel,10.591587097880348,True
2025-11-29T15:36:31.095500,Marvel,10.591587097880348,True
2025-11-29T15:36:31.132029,Marvel,10.591587097880348,True
2025-11-29T15:36:31.159933,Jeniffer,11.561538276029479,True
2025-11-29T15:36:31.191382,Marvel,10.566431286550818,True
2025-11-29T15:36:31.221393,Marvel,10.566431286550818,True
2025-11-29T15:36:31.249492,Marvel,10.566431286550818,True
2025-11-29T15:36:31.281946,Marvel,10.544631612647704,True
2025-11-29T15:36:31.310624,Marvel,10.544631612647704,True
2025-11-29T15:36:31.341128,Marvel,10.544631612647704,True
2025-11-29T15:36:31.365114,Marvel,10.526770159010589,True
2025-11-29T15:36:31.394425,Marvel,10.513650127268923,True
2025-11-29T15:36:31.430098,Felix,11.512810335715578,True
2025-11-29T15:36:31.465192,Felix,11.512810335715578,True
2025-11-29T15:36:31.498987,Felix,11.512810335715578,True
2025-11-29T15:36:31.524865,Felix,11.512810335715578,True
2025-11-29T15:36:31.557806,Marvel,10.513650127268923,True
2025-11-29T15:36:31.589464,Felix,11.512810335715578,True
2025-11-29T15:36:31.617117,Marvel,10.526770159010589,True
2025-11-29T15:36:31.650671,Marvel,10.526770159010589,True
2025-11-29T15:36:31.678390,Felix,11.512810335715578,True
2025-11-29T15:36:31.709675,Felix,11.512810335715578,True
2025-11-29T15:36:31.736067,Felix,11.512810335715578,True
2025-11-29T15:36:31.769570,Felix,11.512810335715578,True
2025-11-29T15:36:31.801196,Felix,11.512810335715578,True
2025-11-29T15:36:31.841170,Marvel,10.544631612647704,True
2025-11-29T15:36:31.878237,Marvel,10.566431286550818,True
2025-11-29T15:36:31.913951,Felix,11.512810335715578,True
2025-11-29T15:36:31.943065,Felix,11.512810335715578,True
2025-11-29T15:36:31.971134,Marvel,10.566431286550818,True
2025-11-29T15:36:31.998338,Marvel,10.566431286550818,True
2025-11-29T15:36:32.023726,Felix,11.512810335715578,True
2025-11-29T15:36:32.053083,Felix,11.512810335715578,True
2025-11-29T15:36:32.083954,Felix,11.512810335715578,True
2025-11-29T15:36:32.108920,Felix,11.512810335715578,True
2025-11-29T15:36:32.136462,Felix,11.512810335715578,True
2025-11-29T15:36:32.163248,Felix,11.512810335715578,True
2025-11-29T15:36:32.196501,Felix,11.512810335715578,True
2025-11-29T15:36:32.226556,Marvel,10.591587097880348,True
2025-11-29T15:36:32.257053,Marvel,10.591587097880348,True
2025-11-29T15:36:32.287560,Marvel,10.591587097880348,True
2025-11-29T15:36:32.316472,Marvel,10.591587097880348,True
2025-11-29T15:36:32.340638,Marvel,10.591587097880348,True
2025-11-29T15:36:32.374539,Marvel,10.591587097880348,True
2025-11-29T15:36:32.404838,Marvel,10.591587097880348,True
2025-11-29T15:36:32.433499,Marvel,10.591587097880348,True
2025-11-29T15:36:32.467722,Felix,11.512810335715578,True
2025-11-29T15:36:32.498085,Felix,11.512810335715578,True
2025-11-29T15:36:32.525849,Felix,11.512810335715578,True
2025-11-29T15:36:32.557933,Felix,11.512810335715578,True
2025-11-29T15:36:32.586950,Felix,11.512810335715578,True
2025-11-29T15:36:32.617003,Felix,11.512810335715578,True
2025-11-29T15:36:32.645935,Felix,11.512810335715578,True
2025-11-29T15:36:32.674586,Felix,11.512810335715578,True
2025-11-29T15:36:32.708299,Felix,11.512810335715578,True
2025-11-29T15:36:32.744266,Felix,11.512810335715578,True
2025-11-29T15:36:32.774855,Felix,11.512810335715578,True
2025-11-29T15:36:32.802694,Felix,11.512810335715578,True
2025-11-29T15:36:32.828345,Felix,11.512810335715578,True
2025-11-29T15:36:32.855784,Felix,11.512810335715578,True
2025-11-29T15:36:32.880758,Felix,11.512810335715578,True
2025-11-29T15:36:32.909821,Felix,11.512810335715578,True
2025-11-29T15:36:32.937755,Felix,11.512810335715578,True
2025-11-29T15:36:32.963874,Felix,11.512810335715578,True
2025-11-29T15:36:32.991149,Felix,11.512810335715578,True
2025-11-29T15:36:33.021293,Felix,11.512810335715578,True
2025-11-29T15:36:33.054580,Felix,11.512810335715578,True
2025-11-29T15:36:33.082283,Felix,11.512810335715578,True
2025-11-29T15:36:33.110091,Felix,11.512810335715578,True
2025-11-29T15:36:33.140628,Felix,11.512810335715578,True
2025-11-29T15:36:33.170130,Felix,11.512810335715578,True
2025-11-29T15:36:33.213269,Felix,11.512810335715578,True
2025-11-29T15:36:33.246868,Felix,11.512810335715578,True
2025-11-29T15:36:33.273162,Felix,11.512810335715578,True
2025-11-29T15:36:33.300232,Felix,11.512810335715578,True
2025-11-29T15:36:33.327683,Felix,11.512810335715578,True
2025-11-29T15:36:33.364106,Felix,11.512810335715578,True
2025-11-29T15:36:33.395448,Felix,11.512810335715578,True
2025-11-29T15:36:33.423417,Felix,11.512810335715578,True
2025-11-29T15:36:33.450621,Felix,11.512810335715578,True
2025-11-29T15:36:33.477714,Felix,11.512810335715578,True
2025-11-29T15:36:33.505740,Felix,11.512810335715578,True
2025-11-29T15:36:33.533929,Felix,11.512810335715578,True
2025-11-29T15:36:33.560021,Felix,11.512810335715578,True
2025-11-29T15:36:33.593511,Felix,11.512810335715578,True
2025-11-29T15:36:33.624676,Felix,11.512810335715578,True
2025-11-29T15:36:33.649924,Felix,11.512810335715578,True
2025-11-29T15:36:33.686928,Felix,11.512810335715578,True
2025-11-29T15:36:33.711875,Felix,11.512810335715578,True
2025-11-29T15:36:33.742393,Felix,11.512810335715578,True
2025-11-29T15:36:33.768767,Felix,11.512810335715578,True
2025-11-29T15:36:33.793990,Felix,11.512810335715578,True
2025-11-29T15:36:33.821932,Felix,11.512810335715578,True
2025-11-29T15:36:33.850284,Felix,11.512810335715578,True
2025-11-29T15:36:33.876962,Felix,11.512810335715578,True
2025-11-29T15:36:33.908115,Felix,11.512810335715578,True
2025-11-29T15:36:33.935405,Felix,11.512810335715578,True
2025-11-29T15:36:33.962217,Felix,11.512810335715578,True
2025-11-29T15:36:33.998282,Felix,11.512810335715578,True
2025-11-29T15:36:34.024909,Felix,11.512810335715578,True
2025-11-29T15:36:34.055670,Felix,11.512810335715578,True
2025-11-29T15:36:34.081539,Felix,11.512810335715578,True
2025-11-29T15:36:34.109552,Felix,11.512810335715578,True
2025-11-29T15:36:34.142951,Felix,11.512810335715578,True
2025-11-29T15:36:34.175337,Felix,11.512810335715578,True
2025-11-29T15:36:34.206320,Felix,11.512810335715578,True
2025-11-29T15:36:34.240773,Felix,11.512810335715578,True
2025-11-29T15:36:34.274874,Felix,11.512810335715578,True
2025-11-29T15:36:34.308633,Felix,11.512810335715578,True
2025-11-29T15:36:34.340291,Felix,11.512810335715578,True
2025-11-29T15:36:34.373918,Felix,11.512810335715578,True
2025-11-29T15:36:34.407342,Felix,11.512810335715578,True
2025-11-29T15:36:34.438796,Felix,11.512810335715578,True
2025-11-29T15:36:34.468860,Felix,11.512810335715578,True
2025-11-29T15:36:34.496477,Felix,11.512810335715578,True
2025-11-29T15:36:34.523438,Felix,11.512810335715578,True
2025-11-29T15:36:34.552767,Felix,11.512810335715578,True
2025-11-29T15:36:34.586989,Felix,11.512810335715578,True
2025-11-29T15:36:34.614740,Felix,11.512810335715578,True
2025-11-29T15:36:34.649678,Felix,11.512810335715578,True
2025-11-29T15:36:34.681364,Marvel,10.61965992284419,True
2025-11-29T15:36:34.713742,Marvel,10.650307878944199,True
2025-11-29T15:36:34.747968,Marvel,10.68325795149398,True
2025-11-29T15:36:34.777594,Marvel,10.718287527816045,True
2025-11-29T15:36:34.809956,Marvel,10.755211901975754,True
2025-11-29T15:36:34.843458,Marvel,10.793875539823992,True
2025-11-29T15:36:34.874922,Marvel,10.83414580177774,True
2025-11-29T15:36:34.909004,Marvel,10.875908323548655,True
2025-11-29T15:36:34.935986,Marvel,10.919063546203025,True
2025-11-29T15:36:34.963541,Marvel,10.963524062126275,True
2025-11-29T15:36:34.991786,Marvel,11.009212552425973,True
2025-11-29T15:36:35.021422,Marvel,10.078624365158106,True
2025-11-29T15:36:35.049231,Marvel,10.125471973808885,True
2025-11-29T15:36:35.079783,Marvel,10.173417009681419,True
2025-11-29T15:36:35.113451,Marvel,10.173417009681419,True
2025-11-29T15:36:35.143160,Marvel,10.173417009681419,True
2025-11-29T15:36:35.175358,Marvel,10.173417009681419,True
2025-11-29T15:36:35.202505,Marvel,10.222403898412175,True
2025-11-29T15:36:35.227141,Marvel,10.222403898412175,True
2025-11-29T15:36:35.260231,Marvel,10.222403898412175,True
2025-11-29T15:36:35.286639,Marvel,10.272382327215734,True
2025-11-29T15:36:35.314841,Marvel,10.323306540522637,True
2025-11-29T15:36:35.344657,Marvel,10.257736493041536,True
2025-11-29T15:36:35.374537,Marvel,10.309564707352575,True
2025-11-29T15:36:35.408464,Marvel,10.280612538424199,True
2025-11-29T15:36:35.434303,Marvel,10.3333064523573,True
2025-11-29T15:36:35.463776,Marvel,10.386830833415903,True
2025-11-29T15:36:35.499975,Marvel,10.441153167125202,True
2025-11-29T15:36:35.535140,Marvel,10.496243357272196,True
2025-11-29T15:36:35.566914,Marvel,10.55207346832931,True
2025-11-29T15:36:35.602132,Marvel,10.608617502937605,True
2025-11-29T15:36:35.629964,Marvel,10.665851208715242,True
2025-11-29T15:36:35.661416,Marvel,10.723751909741406,True
2025-11-29T15:36:35.690520,Marvel,10.782298358919466,True
2025-11-29T15:36:35.722789,Marvel,10.841470608099915,True
2025-11-29T15:36:35.759254,Marvel,10.841470608099915,True
2025-11-29T15:36:35.793568,Marvel,10.841470608099915,True
2025-11-29T15:36:35.823577,Marvel,10.901249893384268,True
2025-11-29T15:36:35.850750,Marvel,10.901249893384268,True
2025-11-29T15:36:35.886101,Marvel,10.901249893384268,True
2025-11-29T15:36:35.916325,Marvel,10.961618533465902,True
2025-11-29T15:36:35.944973,Marvel,11.022559839215669,True
2025-11-29T15:36:35.974094,Marvel,11.022559839215669,True
2025-11-29T15:36:36.001131,Marvel,11.084058033006695,True
2025-11-29T15:36:36.037386,Marvel,11.146098176507408,True
2025-11-29T15:36:36.069787,Marvel,11.208666105865047,True
2025-11-29T15:36:36.103748,Marvel,11.271748373361813,True
2025-11-29T15:36:36.134192,Marvel,11.335332194758795,True
2025-11-29T15:36:36.166076,Marvel,11.3994054016539,True
2025-11-29T15:36:36.198787,Marvel,11.463956398273249,True
2025-11-29T15:36:36.231612,Marvel,11.463956398273249,True
2025-11-29T15:36:36.256095,Marvel,11.463956398273249,True
2025-11-29T15:36:36.289937,Marvel,11.463956398273249,True
2025-11-29T15:36:36.318680,Ricardo,12.429166479979596,True
2025-11-29T15:36:36.349070,Marvel,11.3994054016539,True
2025-11-29T15:36:36.379196,Ricardo,12.429166479979596,True
2025-11-29T15:36:36.412864,Marvel,11.3994054016539,True
2025-11-29T15:36:36.446443,Ricardo,12.429166479979596,True
2025-11-29T15:36:36.475783,Ricardo,12.429166479979596,True
2025-11-29T15:36:36.508164,Jeniffer,11.561538276029479,True
2025-11-29T15:36:36.536654,Marvel,11.3994054016539,True
2025-11-29T15:36:36.562542,Marvel,11.3994054016539,True
2025-11-29T15:36:36.595012,Marvel,11.3994054016539,True
2025-11-29T15:36:36.629383,Marvel,11.3994054016539,True
2025-11-29T15:36:36.663450,Marvel,11.3994054016539,True
2025-11-29T15:36:36.693632,Marvel,11.3994054016539,True
2025-11-29T15:36:36.725461,Marvel,11.492908567201624,True
2025-11-29T15:36:36.756066,Marvel,11.492908567201624,True
2025-11-29T15:36:36.783574,Marvel,11.492908567201624,True
2025-11-29T15:36:36.810727,Marvel,11.492908567201624,True
2025-11-29T15:36:36.840915,Marvel,11.492908567201624,True
2025-11-29T15:36:36.869115,Marvel,11.492908567201624,True
2025-11-29T15:36:36.900815,Hansen,6.404659195806318,True
2025-11-29T15:36:36.927821,Marvel,11.492908567201624,True
2025-11-29T15:36:36.959715,Marvel,11.492908567201624,True
2025-11-29T15:36:36.992641,Marvel,11.492908567201624,True
2025-11-29T15:36:37.024842,Marvel,11.492908567201624,True
2025-11-29T15:36:37.053050,Marvel,11.492908567201624,True
2025-11-29T15:36:37.083692,Marvel,11.62349633860354,True
2025-11-29T15:36:37.109528,Marvel,11.62349633860354,True
2025-11-29T15:36:37.142857,Marvel,12.619558412240856,True
2025-11-29T15:36:37.178889,Marvel,12.619558412240856,True
2025-11-29T15:36:37.209675,Marvel,12.619558412240856,True
2025-11-29T15:36:37.236855,Marvel,12.619558412240856,True
2025-11-29T15:36:37.263847,Marvel,12.619558412240856,True
2025-11-29T15:36:37.289477,Marvel,12.619558412240856,True
2025-11-29T15:36:37.317068,Marvel,12.619558412240856,True
2025-11-29T15:36:37.345398,Felix,11.512810335715578,True
2025-11-29T15:36:37.371859,Felix,11.512810335715578,True
2025-11-29T15:36:37.400571,Felix,11.512810335715578,True
2025-11-29T15:36:37.432800,Felix,11.512810335715578,True
2025-11-29T15:36:37.465242,Felix,11.512810335715578,True
2025-11-29T15:36:37.498453,Felix,11.512810335715578,True
2025-11-29T15:36:37.524808,Felix,11.512810335715578,True
2025-11-29T15:36:37.550250,Felix,11.512810335715578,True
2025-11-29T15:36:37.582642,Felix,11.512810335715578,True
2025-11-29T15:36:37.610140,Felix,11.512810335715578,True
2025-11-29T15:36:37.638076,Felix,11.512810335715578,True
2025-11-29T15:36:37.664494,Felix,11.512810335715578,True
2025-11-29T15:36:37.692496,Felix,11.512810335715578,True
2025-11-29T15:36:37.720825,Felix,11.512810335715578,True
2025-11-29T15:36:37.755301,Felix,11.512810335715578,True
2025-11-29T15:36:37.788196,Felix,11.512810335715578,True
2025-11-29T15:36:37.818358,Marvel,12.619558412240856,True
2025-11-29T15:36:37.853843,Felix,11.512810335715578,True
2025-11-29T15:36:37.884367,Felix,11.512810335715578,True
2025-11-29T15:36:37.912658,Hansen,6.433256607273038,True
2025-11-29T15:36:37.943162,Marvel,12.619558412240856,True
2025-11-29T15:36:37.971513,Hansen,6.4234441489440695,True
2025-11-29T15:36:37.999622,Hansen,6.41979771780819,True
2025-11-29T15:36:38.029967,Marvel,12.554084525871406,True
2025-11-29T15:36:38.057197,Felix,11.512810335715578,True
2025-11-29T15:36:38.091051,Felix,11.512810335715578,True
2025-11-29T15:36:38.118932,Marvel,12.489066801950594,True
2025-11-29T15:36:38.154984,Jeniffer,11.561538276029479,True
2025-11-29T15:36:38.183111,Jeniffer,11.561538276029479,True
2025-11-29T15:36:38.210979,Jeniffer,11.561538276029479,True
2025-11-29T15:36:38.241960,Jeniffer,11.561538276029479,True
2025-11-29T15:36:38.255737,Ricardo,12.429166479979596,True
2025-11-29T15:36:38.291507,Jeniffer,11.561538276029479,True
2025-11-29T15:36:38.319410,Jeniffer,11.561538276029479,True
2025-11-29T15:36:38.347427,Hansen,6.424260588834474,True
2025-11-29T15:36:38.379061,Jeniffer,11.561538276029479,True
2025-11-29T15:36:38.410229,Jeniffer,11.561538276029479,True
2025-11-29T15:36:38.442460,Jeniffer,11.561538276029479,True
2025-11-29T15:36:38.473506,Jeniffer,11.561538276029479,True
2025-11-29T15:36:38.504541,Felix,11.512810335715578,True
2025-11-29T15:36:38.537534,Marvel,12.424515805331245,True
2025-11-29T15:36:38.570688,Felix,11.512810335715578,True
2025-11-29T15:36:38.599529,Felix,11.512810335715578,True
2025-11-29T15:36:38.632887,Felix,11.512810335715578,True
2025-11-29T15:36:38.659704,Felix,11.512810335715578,True
2025-11-29T15:36:38.688659,Felix,11.512810335715578,True
2025-11-29T15:36:38.717297,Felix,11.512810335715578,True
2025-11-29T15:36:38.748756,Felix,11.512810335715578,True
2025-11-29T15:36:38.776779,Ricardo,12.429166479979596,True
2025-11-29T15:36:38.811448,Felix,11.512810335715578,True
2025-11-29T15:36:38.843301,Felix,11.512810335715578,True
2025-11-29T15:36:38.877221,Felix,11.512810335715578,True
2025-11-29T15:36:38.910136,Felix,11.512810335715578,True
2025-11-29T15:36:38.939442,Felix,11.512810335715578,True
2025-11-29T15:36:38.967429,Marvel,12.424515805331245,True
2025-11-29T15:36:38.998538,Marvel,12.360442598436139,True
2025-11-29T15:36:39.028142,Marvel,12.296858777039159,True
2025-11-29T15:36:39.053743,Marvel,12.233776509542393,True
2025-11-29T15:36:39.087584,Ricardo,12.429166479979596,True
2025-11-29T15:36:39.116695,Jeniffer,11.561538276029479,True
2025-11-29T15:36:39.148098,Jeniffer,11.561538276029479,True
2025-11-29T15:36:39.183618,Jeniffer,11.561538276029479,True
2025-11-29T15:36:39.210240,Marvel,12.171208580184754,True
2025-11-29T15:36:39.252705,Marvel,12.10916843668404,True
2025-11-29T15:36:39.282969,Jeniffer,11.561538276029479,True
2025-11-29T15:36:39.313031,Marvel,12.047670242893014,True
2025-11-29T15:36:39.341613,Jeniffer,11.561538276029479,True
2025-11-29T15:36:39.379330,Jeniffer,11.561538276029479,True
2025-11-29T15:36:39.404182,Jeniffer,11.561538276029479,True
2025-11-29T15:36:39.443878,Jeniffer,11.561538276029479,True
2025-11-29T15:36:39.477438,Jeniffer,11.561538276029479,True
2025-11-29T15:36:39.509277,Jeniffer,11.561538276029479,True
2025-11-29T15:36:39.538543,Jeniffer,11.561538276029479,True
2025-11-29T15:36:39.672226,Ricardo,12.429166479979596,True
2025-11-29T15:36:40.059169,Jeniffer,11.561538276029479,True
2025-11-29T15:36:40.096116,Jeniffer,11.561538276029479,True
2025-11-29T15:36:40.185464,Jeniffer,11.561538276029479,True
2025-11-29T15:36:40.219559,Ricardo,12.429166479979596,True
2025-11-29T15:36:40.247492,Ricardo,12.429166479979596,True
2025-11-29T15:36:40.276468,Ricardo,12.429166479979596,True
2025-11-29T15:36:40.289610,Marvel,11.986728937143246,True
2025-11-29T15:36:40.327262,Ricardo,12.429166479979596,True
2025-11-29T15:36:40.358918,Ricardo,12.429166479979596,True
2025-11-29T15:36:40.390806,Ricardo,12.429166479979596,True
2025-11-29T15:36:40.419381,Jeniffer,11.561538276029479,True
2025-11-29T15:36:40.462711,Jeniffer,11.561538276029479,True
2025-11-29T15:36:40.556365,Jeniffer,11.561538276029479,True
2025-11-29T15:36:40.591667,Ricardo,12.429166479979596,True
2025-11-29T15:36:40.620024,Jeniffer,11.561538276029479,True
2025-11-29T15:36:40.652953,Ricardo,12.429166479979596,True
2025-11-29T15:36:40.680804,Jeniffer,11.561538276029479,True
2025-11-29T15:36:40.709066,Jeniffer,11.561538276029479,True
2025-11-29T15:36:40.741925,Jeniffer,11.561538276029479,True
2025-11-29T15:36:40.774630,Jeniffer,11.561538276029479,True
2025-11-29T15:36:40.808062,Jeniffer,11.561538276029479,True
2025-11-29T15:36:40.836594,Jeniffer,11.561538276029479,True
2025-11-29T15:36:40.867497,Marvel,11.926360297061613,True
2025-11-29T15:36:40.923914,Jeniffer,11.561538276029479,True
2025-11-29T15:36:40.949086,Marvel,11.86658101177726,True
2025-11-29T15:38:15.237944,Marvel,11.688970224972989,True
2025-11-29T15:38:15.274500,Marvel,11.688970224972989,True
2025-11-29T15:38:15.316266,Marvel,11.688970224972989,True
2025-11-29T15:38:15.356310,Marvel,11.688970224972989,True
2025-11-29T15:38:15.398124,Marvel,11.688970224972989,True
2025-11-29T15:38:15.424803,Marvel,11.688970224972989,True
2025-11-29T15:38:15.449210,Marvel,12.685478361111855,True
2025-11-29T15:38:15.490646,Marvel,12.685478361111855,True
2025-11-29T15:38:15.528666,Marvel,12.685478361111855,True
2025-11-29T15:38:15.555261,Marvel,12.685478361111855,True
2025-11-29T15:38:15.582985,Marvel,12.685478361111855,True
2025-11-29T15:38:15.608645,Marvel,12.685478361111855,True
2025-11-29T15:38:15.636616,Marvel,12.685478361111855,True
2025-11-29T15:38:15.662470,Marvel,12.685478361111855,True
2025-11-29T15:38:15.686626,Marvel,12.685478361111855,True
2025-11-29T15:38:15.735976,Marvel,12.685478361111855,True
2025-11-29T15:38:15.774019,Marvel,12.685478361111855,True
2025-11-29T15:38:15.811977,Marvel,12.685478361111855,True
2025-11-29T15:38:15.846635,Marvel,12.685478361111855,True
2025-11-29T15:38:15.879053,Marvel,12.685478361111855,True
2025-11-29T15:38:15.905866,Marvel,12.685478361111855,True
2025-11-29T15:38:15.932937,Marvel,12.685478361111855,True
2025-11-29T15:38:15.961271,Marvel,12.685478361111855,True
2025-11-29T15:38:15.985105,Marvel,12.685478361111855,True
2025-11-29T15:38:16.012643,Marvel,12.685478361111855,True
2025-11-29T15:38:16.045468,Marvel,12.685478361111855,True
2025-11-29T15:38:16.075323,Marvel,12.685478361111855,True
2025-11-29T15:38:16.105213,Marvel,12.685478361111855,True
2025-11-29T15:38:16.130884,Marvel,12.685478361111855,True
2025-11-29T15:38:16.158031,Marvel,12.685478361111855,True
2025-11-29T15:38:16.184283,Marvel,12.685478361111855,True
2025-11-29T15:38:16.211101,Marvel,12.685478361111855,True
2025-11-29T15:38:16.238007,Marvel,12.685478361111855,True
2025-11-29T15:38:16.267914,Marvel,12.685478361111855,True
2025-11-29T15:38:16.296190,Marvel,12.685478361111855,True
2025-11-29T15:38:16.325962,Marvel,12.685478361111855,True
2025-11-29T15:38:16.354062,Marvel,12.685478361111855,True
2025-11-29T15:38:16.391807,Marvel,12.685478361111855,True
2025-11-29T15:38:16.432003,Marvel,12.685478361111855,True
2025-11-29T15:38:16.463004,Marvel,12.685478361111855,True
2025-11-29T15:38:16.501297,Marvel,12.685478361111855,True
2025-11-29T15:38:16.536005,Marvel,12.685478361111855,True
2025-11-29T15:47:54.417476,Marvel,11.688970224972989,True
2025-11-29T15:47:54.443549,Marvel,12.685478361111855,True
2025-11-29T15:47:54.490052,Marvel,12.685478361111855,True
2025-11-29T15:47:54.512998,Marvel,12.685478361111855,True
2025-11-29T15:47:54.537858,Marvel,12.685478361111855,True
2025-11-29T15:47:54.744875,Marvel,12.685478361111855,True
2025-11-29T15:47:54.878419,Marvel,12.685478361111855,True
2025-11-29T15:47:55.886884,Felix,11.512810335715578,True
2025-11-29T15:47:55.927860,Felix,11.512810335715578,True
2025-11-29T15:47:55.950920,Felix,11.512810335715578,True
2025-11-29T15:47:55.984470,Felix,11.512810335715578,True
2025-11-29T15:47:56.020355,Felix,11.512810335715578,True
2025-11-29T15:47:56.043011,Felix,11.512810335715578,True
2025-11-29T15:47:56.075561,Felix,11.512810335715578,True
2025-11-29T15:47:56.111121,Felix,11.512810335715578,True
2025-11-29T15:47:56.135730,Felix,11.512810335715578,True
2025-11-29T15:47:56.170025,Felix,11.512810335715578,True
2025-11-29T15:47:56.193857,Felix,11.512810335715578,True
2025-11-29T15:47:56.240188,Felix,11.512810335715578,True
2025-11-29T15:47:56.262967,Felix,11.512810335715578,True
2025-11-29T15:47:56.304504,Marvel,12.685478361111855,True
2025-11-29T15:47:56.328076,Marvel,12.685478361111855,True
2025-11-29T15:47:56.349119,Felix,11.512810335715578,True
2025-11-29T15:47:56.386257,Felix,11.512810335715578,True
2025-11-29T15:47:56.409247,Felix,11.512810335715578,True
2025-11-29T15:47:56.437396,Marvel,12.685478361111855,True
2025-11-29T15:47:56.472642,Felix,11.512810335715578,True
2025-11-29T15:47:56.495168,Felix,11.512810335715578,True
2025-11-29T15:47:56.531187,Felix,11.512810335715578,True
2025-11-29T15:47:56.558290,Felix,11.512810335715578,True
2025-11-29T15:47:56.584286,Felix,11.512810335715578,True
2025-11-29T15:47:56.607218,Felix,11.512810335715578,True
2025-11-29T15:47:56.646994,Felix,11.512810335715578,True
2025-11-29T15:47:56.684884,Felix,11.512810335715578,True
2025-11-29T15:47:56.710304,Felix,11.512810335715578,True
2025-11-29T15:47:56.737646,Felix,11.512810335715578,True
2025-11-29T15:47:56.759352,Felix,11.512810335715578,True
2025-11-29T15:47:56.800232,Felix,11.512810335715578,True
2025-11-29T15:47:56.828945,Felix,11.512810335715578,True
2025-11-29T15:47:56.882347,Felix,11.512810335715578,True
2025-11-29T15:47:56.942766,Felix,11.512810335715578,True
2025-11-29T15:47:56.999429,Felix,11.512810335715578,True
2025-11-29T15:47:57.023759,Felix,11.512810335715578,True
2025-11-29T15:47:57.046686,Felix,11.512810335715578,True
2025-11-29T15:47:57.069175,Felix,11.512810335715578,True
2025-11-29T15:47:57.091287,Felix,11.512810335715578,True
2025-11-29T15:47:57.114740,Felix,11.512810335715578,True
2025-11-29T15:47:57.138646,Felix,11.512810335715578,True
2025-11-29T15:47:57.168973,Felix,11.512810335715578,True
2025-11-29T15:47:57.193272,Felix,11.512810335715578,True
2025-11-29T15:47:57.216606,Felix,11.512810335715578,True
2025-11-29T15:47:57.240403,Felix,11.512810335715578,True
2025-11-29T15:47:57.264240,Felix,11.512810335715578,True
2025-11-29T15:47:57.287260,Felix,11.512810335715578,True
2025-11-29T15:47:57.316451,Felix,11.512810335715578,True
2025-11-29T15:47:57.341427,Felix,11.512810335715578,True
2025-11-29T15:47:57.369790,Felix,11.512810335715578,True
2025-11-29T15:47:57.402736,Felix,11.512810335715578,True
2025-11-29T15:47:57.428946,Felix,11.512810335715578,True
2025-11-29T15:47:57.457014,Felix,11.512810335715578,True
2025-11-29T15:47:57.482997,Felix,11.512810335715578,True
2025-11-29T15:47:57.514044,Felix,11.512810335715578,True
2025-11-29T15:47:57.551228,Felix,11.512810335715578,True
2025-11-29T15:47:57.580011,Felix,11.512810335715578,True
2025-11-29T15:47:57.615204,Felix,11.512810335715578,True
2025-11-29T15:47:57.647866,Felix,11.512810335715578,True
2025-11-29T15:47:57.690068,Felix,11.512810335715578,True
2025-11-29T15:47:57.712708,Felix,11.512810335715578,True
2025-11-29T15:47:57.738858,Felix,11.512810335715578,True
2025-11-29T15:47:57.781199,Felix,11.512810335715578,True
2025-11-29T15:47:57.803040,Felix,11.512810335715578,True
2025-11-29T15:47:57.825318,Felix,11.512810335715578,True
2025-11-29T15:47:57.863550,Felix,11.512810335715578,True
2025-11-29T15:47:57.886923,Felix,11.512810335715578,True
2025-11-29T15:47:57.919968,Felix,11.512810335715578,True
2025-11-29T15:47:57.943107,Felix,11.512810335715578,True
2025-11-29T15:47:57.964855,Felix,11.512810335715578,True
2025-11-29T15:47:57.998825,Felix,11.512810335715578,True
2025-11-29T15:47:58.036720,Felix,11.512810335715578,True
2025-11-29T15:47:58.094806,Felix,11.512810335715578,True
2025-11-29T15:47:58.144531,Felix,11.512810335715578,True
2025-11-29T15:47:58.188725,Felix,11.512810335715578,True
2025-11-29T15:47:58.247078,Felix,11.512810335715578,True
2025-11-29T15:47:58.293737,Felix,11.512810335715578,True
2025-11-29T15:47:58.335241,Felix,11.512810335715578,True
2025-11-29T15:47:58.377239,Felix,11.512810335715578,True
2025-11-29T15:47:58.426140,Felix,11.512810335715578,True
2025-11-29T15:47:58.462999,Felix,11.512810335715578,True
2025-11-29T15:47:58.505818,Felix,11.512810335715578,True
2025-11-29T15:47:58.542406,Felix,11.512810335715578,True
2025-11-29T15:47:58.581276,Felix,11.512810335715578,True
2025-11-29T15:47:58.628097,Felix,11.512810335715578,True
2025-11-29T15:47:58.666790,Felix,11.512810335715578,True
2025-11-29T15:47:58.707968,Felix,11.512810335715578,True
2025-11-29T15:47:58.752091,Felix,11.512810335715578,True
2025-11-29T15:47:58.777261,Marvel,12.685478361111855,True
2025-11-29T15:47:58.802968,Felix,11.512810335715578,True
2025-11-29T15:47:58.827961,Felix,11.512810335715578,True
2025-11-29T15:47:58.852412,Felix,11.512810335715578,True
2025-11-29T15:47:58.876089,Felix,11.512810335715578,True
2025-11-29T15:47:58.902141,Felix,11.512810335715578,True
2025-11-29T15:47:58.926410,Felix,11.512810335715578,True
2025-11-29T15:47:58.949897,Felix,11.512810335715578,True
2025-11-29T15:47:58.973723,Felix,11.512810335715578,True
2025-11-29T15:47:58.998131,Felix,11.512810335715578,True
2025-11-29T15:47:59.022454,Felix,11.512810335715578,True
2025-11-29T15:47:59.047396,Felix,11.512810335715578,True
2025-11-29T15:47:59.071639,Felix,11.512810335715578,True
2025-11-29T15:47:59.104774,Felix,11.512810335715578,True
2025-11-29T15:47:59.129971,Felix,11.512810335715578,True
2025-11-29T15:47:59.154331,Felix,11.512810335715578,True
2025-11-29T15:47:59.177863,Marvel,12.685478361111855,True
2025-11-29T15:47:59.201515,Marvel,12.685478361111855,True
2025-11-29T15:47:59.225933,Felix,11.512810335715578,True
2025-11-29T15:47:59.248985,Felix,11.512810335715578,True
2025-11-29T15:47:59.275036,Marvel,12.685478361111855,True
2025-11-29T15:47:59.299005,Marvel,12.685478361111855,True
2025-11-29T15:47:59.323127,Felix,11.512810335715578,True
2025-11-29T15:47:59.347872,Felix,11.512810335715578,True
2025-11-29T15:47:59.376567,Felix,11.512810335715578,True
2025-11-29T15:47:59.409611,Marvel,12.685478361111855,True
2025-11-29T15:47:59.433034,Marvel,12.685478361111855,True
2025-11-29T15:47:59.457394,Marvel,12.685478361111855,True
2025-11-29T15:47:59.482652,Marvel,12.685478361111855,True
2025-11-29T15:47:59.507334,Marvel,12.685478361111855,True
2025-11-29T15:47:59.529681,Felix,11.512810335715578,True
2025-11-29T15:47:59.552285,Marvel,12.685478361111855,True
2025-11-29T15:47:59.577879,Felix,11.512810335715578,True
2025-11-29T15:47:59.601691,Felix,11.512810335715578,True
2025-11-29T15:47:59.625398,Felix,11.512810335715578,True
2025-11-29T15:47:59.651489,Felix,11.512810335715578,True
2025-11-29T15:47:59.676082,Felix,11.512810335715578,True
2025-11-29T15:47:59.701074,Felix,11.512810335715578,True
2025-11-29T15:47:59.735198,Felix,11.512810335715578,True
2025-11-29T15:47:59.772984,Felix,11.512810335715578,True
2025-11-29T15:47:59.809386,Felix,11.512810335715578,True
2025-11-29T15:47:59.847590,Felix,11.512810335715578,True
2025-11-29T15:47:59.886239,Felix,11.512810335715578,True
2025-11-29T15:47:59.929027,Felix,11.512810335715578,True
2025-11-29T15:47:59.951369,Felix,11.512810335715578,True
2025-11-29T15:47:59.978472,Felix,11.512810335715578,True
2025-11-29T15:48:00.002671,Felix,11.512810335715578,True
2025-11-29T15:48:00.026731,Marvel,12.685478361111855,True
2025-11-29T15:48:00.053376,Felix,11.512810335715578,True
2025-11-29T15:48:00.078007,Felix,11.512810335715578,True
2025-11-29T15:48:00.102922,Felix,11.512810335715578,True
2025-11-29T15:48:00.128613,Felix,11.512810335715578,True
2025-11-29T15:48:00.153767,Felix,11.512810335715578,True
2025-11-29T15:48:00.181488,Felix,11.512810335715578,True
2025-11-29T15:48:00.207823,Felix,11.512810335715578,True
2025-11-29T15:48:00.233663,Felix,11.512810335715578,True
2025-11-29T15:48:00.257422,Felix,11.512810335715578,True
2025-11-29T15:48:00.280420,Felix,11.512810335715578,True
2025-11-29T15:48:00.330730,Marvel,12.685478361111855,True
2025-11-29T15:48:00.371497,Felix,11.512810335715578,True
2025-11-29T15:48:00.398160,Felix,11.512810335715578,True
2025-11-29T15:48:00.423960,Marvel,12.685478361111855,True
2025-11-29T15:48:00.453037,Felix,11.512810335715578,True
2025-11-29T15:48:00.478732,Felix,11.512810335715578,True
2025-11-29T15:48:00.503396,Felix,11.512810335715578,True
2025-11-29T15:48:00.531811,Felix,11.512810335715578,True
2025-11-29T15:48:00.555595,Felix,11.512810335715578,True
2025-11-29T15:48:00.581795,Felix,11.512810335715578,True
2025-11-29T15:48:00.621738,Felix,11.512810335715578,True
2025-11-29T15:48:00.646211,Felix,11.512810335715578,True
2025-11-29T15:48:00.670335,Marvel,12.685478361111855,True
2025-11-29T15:48:00.695680,Marvel,12.685478361111855,True
2025-11-29T15:48:00.721170,Marvel,12.685478361111855,True
2025-11-29T15:48:00.745684,Marvel,12.685478361111855,True
2025-11-29T15:48:00.769536,Marvel,12.685478361111855,True
2025-11-29T15:48:00.795629,Marvel,12.685478361111855,True
2025-11-29T15:48:00.850476,Marvel,12.685478361111855,True
2025-11-29T15:48:00.873738,Marvel,12.685478361111855,True
2025-11-29T15:48:00.903841,Marvel,12.685478361111855,True
2025-11-29T15:48:00.929175,Marvel,12.685478361111855,True
2025-11-29T15:48:00.965871,Marvel,12.685478361111855,True
2025-11-29T15:48:01.002382,Marvel,12.685478361111855,True
2025-11-29T15:48:01.032836,Marvel,12.685478361111855,True
2025-11-29T15:48:01.073670,Marvel,12.685478361111855,True
2025-11-29T15:48:01.105513,Marvel,12.685478361111855,True
2025-11-29T15:48:01.130969,Marvel,12.685478361111855,True
2025-11-29T15:48:01.157523,Marvel,12.685478361111855,True
2025-11-29T15:48:01.185803,Marvel,12.685478361111855,True
2025-11-29T15:48:01.212906,Marvel,12.685478361111855,True
2025-11-29T15:48:01.237530,Marvel,12.685478361111855,True
2025-11-29T15:48:01.265009,Marvel,12.685478361111855,True
2025-11-29T15:48:01.292150,Marvel,12.685478361111855,True
2025-11-29T15:48:01.316892,Marvel,12.685478361111855,True
2025-11-29T15:48:01.344033,Marvel,12.685478361111855,True
2025-11-29T15:48:01.382413,Marvel,12.685478361111855,True
2025-11-29T15:48:01.408035,Marvel,12.685478361111855,True
2025-11-29T15:48:01.435749,Marvel,12.685478361111855,True
2025-11-29T15:48:01.480764,Marvel,12.685478361111855,True
2025-11-29T15:48:01.503651,Marvel,12.685478361111855,True
2025-11-29T15:48:01.527497,Marvel,12.685478361111855,True
2025-11-29T15:48:01.552824,Marvel,12.685478361111855,True
2025-11-29T15:48:01.576424,Marvel,12.685478361111855,True
2025-11-29T15:48:01.609378,Marvel,12.685478361111855,True
2025-11-29T15:48:01.635782,Marvel,12.685478361111855,True
2025-11-29T15:48:01.669391,Marvel,12.685478361111855,True
2025-11-29T15:48:01.697359,Marvel,12.685478361111855,True
2025-11-29T15:48:01.725140,Marvel,12.685478361111855,True
2025-11-29T15:48:01.754033,Marvel,12.685478361111855,True
2025-11-29T15:48:01.787744,Marvel,12.685478361111855,True
2025-11-29T15:48:01.813740,Marvel,12.685478361111855,True
2025-11-29T15:48:01.852049,Marvel,12.685478361111855,True
2025-11-29T15:48:01.897039,Marvel,12.685478361111855,True
2025-11-29T15:48:01.921624,Marvel,12.685478361111855,True
2025-11-29T15:48:01.946597,Marvel,12.685478361111855,True
2025-11-29T15:48:01.977312,Marvel,12.685478361111855,True
2025-11-29T15:48:02.002409,Marvel,12.685478361111855,True
2025-11-29T15:48:02.026400,Marvel,12.685478361111855,True
2025-11-29T15:48:02.058293,Marvel,12.685478361111855,True
2025-11-29T15:48:02.082144,Marvel,12.685478361111855,True
2025-11-29T15:48:02.112399,Marvel,12.685478361111855,True
2025-11-29T15:48:02.148602,Marvel,12.685478361111855,True
2025-11-29T15:48:02.187781,Marvel,12.685478361111855,True
2025-11-29T15:48:02.217262,Marvel,12.685478361111855,True
2025-11-29T15:48:02.258487,Marvel,12.685478361111855,True
2025-11-29T15:48:02.284581,Marvel,12.685478361111855,True
2025-11-29T15:48:02.309670,Marvel,12.685478361111855,True
2025-11-29T15:48:02.335385,Marvel,12.685478361111855,True
2025-11-29T15:48:02.361870,Marvel,12.685478361111855,True
2025-11-29T15:48:02.388580,Marvel,12.685478361111855,True
2025-11-29T15:48:02.443870,Marvel,12.685478361111855,True
2025-11-29T15:48:02.487649,Marvel,12.685478361111855,True
2025-11-29T15:48:02.511722,Marvel,12.685478361111855,True
2025-11-29T15:48:02.536843,Marvel,12.685478361111855,True
2025-11-29T15:48:02.564010,Marvel,12.685478361111855,True
2025-11-29T15:48:02.588375,Marvel,12.685478361111855,True
2025-11-29T15:48:02.611630,Marvel,12.685478361111855,True
2025-11-29T15:48:02.636013,Marvel,12.685478361111855,True
2025-11-29T15:48:02.659573,Marvel,12.685478361111855,True
2025-11-29T15:48:02.685409,Marvel,12.685478361111855,True
2025-11-29T15:48:02.715423,Marvel,12.685478361111855,True
2025-11-29T15:48:02.749891,Marvel,12.685478361111855,True
2025-11-29T15:48:02.773446,Marvel,12.685478361111855,True
2025-11-29T15:48:02.810789,Marvel,12.685478361111855,True
2025-11-29T15:48:02.841730,Marvel,12.685478361111855,True
2025-11-29T15:48:02.870629,Felix,11.512810335715578,True
2025-11-29T15:48:02.911003,Marvel,12.685478361111855,True
2025-11-29T15:48:02.948566,Marvel,12.685478361111855,True
2025-11-29T15:48:02.985672,Marvel,12.685478361111855,True
2025-11-29T15:48:03.027283,Marvel,12.685478361111855,True
2025-11-29T15:48:03.092514,Marvel,12.685478361111855,True
2025-11-29T15:48:03.126795,Marvel,12.685478361111855,True
2025-11-29T15:48:03.163933,Marvel,12.685478361111855,True
2025-11-29T15:48:03.206102,Marvel,12.685478361111855,True
2025-11-29T15:48:03.245810,Marvel,12.685478361111855,True
2025-11-29T15:48:03.282446,Marvel,12.685478361111855,True
2025-11-29T15:48:03.320780,Marvel,12.685478361111855,True
2025-11-29T15:48:03.359303,Marvel,12.685478361111855,True
2025-11-29T15:48:03.402513,Marvel,12.685478361111855,True
2025-11-29T15:48:03.442539,Marvel,12.685478361111855,True
2025-11-29T15:48:03.504473,Marvel,12.685478361111855,True
2025-11-29T15:48:03.557314,Felix,11.512810335715578,True
2025-11-29T15:48:03.581000,Marvel,12.685478361111855,True
2025-11-29T15:48:03.605394,Felix,11.512810335715578,True
2025-11-29T15:48:03.629299,Marvel,12.685478361111855,True
2025-11-29T15:48:03.653489,Felix,11.512810335715578,True
2025-11-29T15:48:03.677497,Felix,11.512810335715578,True
2025-11-29T15:48:03.700532,Felix,11.512810335715578,True
2025-11-29T15:48:03.723455,Felix,11.512810335715578,True
2025-11-29T15:48:03.748484,Felix,11.512810335715578,True
2025-11-29T15:48:03.772095,Felix,11.512810335715578,True
2025-11-29T15:48:03.797788,Felix,11.512810335715578,True
2025-11-29T15:48:03.820917,Felix,11.512810335715578,True
2025-11-29T15:48:03.843402,Felix,11.512810335715578,True
2025-11-29T15:48:03.867845,Felix,11.512810335715578,True
2025-11-29T15:48:03.893332,Felix,11.512810335715578,True
2025-11-29T15:48:03.918046,Felix,11.512810335715578,True
2025-11-29T15:48:03.941163,Felix,11.512810335715578,True
2025-11-29T15:48:03.964983,Felix,11.512810335715578,True
2025-11-29T15:48:03.988711,Felix,11.512810335715578,True
2025-11-29T15:48:04.011431,Felix,11.512810335715578,True
2025-11-29T15:48:04.033925,Felix,11.512810335715578,True
2025-11-29T15:48:04.057318,Felix,11.512810335715578,True
2025-11-29T15:48:04.082103,Felix,11.512810335715578,True
2025-11-29T15:48:04.106889,Felix,11.512810335715578,True
2025-11-29T15:48:04.130387,Marvel,12.685478361111855,True
2025-11-29T15:48:04.156226,Marvel,12.685478361111855,True
2025-11-29T15:48:04.179775,Marvel,12.685478361111855,True
2025-11-29T15:48:04.206752,Marvel,12.685478361111855,True
2025-11-29T15:48:04.254741,Marvel,12.685478361111855,True
2025-11-29T15:48:04.279750,Felix,11.512810335715578,True
2025-11-29T15:48:04.301922,Felix,11.512810335715578,True
2025-11-29T15:48:04.325258,Felix,11.512810335715578,True
2025-11-29T15:48:04.348116,Felix,11.512810335715578,True
2025-11-29T15:48:04.371674,Felix,11.512810335715578,True
2025-11-29T15:48:04.394996,Felix,11.512810335715578,True
2025-11-29T15:48:04.418263,Felix,11.512810335715578,True
2025-11-29T15:48:04.442526,Felix,11.512810335715578,True
2025-11-29T15:48:04.470437,Felix,11.512810335715578,True
2025-11-29T15:48:04.508421,Felix,11.512810335715578,True
2025-11-29T15:48:04.544415,Felix,11.512810335715578,True
2025-11-29T15:48:04.571814,Felix,11.512810335715578,True
2025-11-29T15:48:04.608464,Felix,11.512810335715578,True
2025-11-29T15:48:04.633286,Felix,11.512810335715578,True
2025-11-29T15:48:04.656314,Felix,11.512810335715578,True
2025-11-29T15:48:04.679731,Felix,11.512810335715578,True
2025-11-29T15:48:04.705114,Felix,11.512810335715578,True
2025-11-29T15:48:04.731482,Felix,11.512810335715578,True
2025-11-29T15:48:04.762056,Felix,11.512810335715578,True
2025-11-29T15:48:04.790799,Felix,11.512810335715578,True
2025-11-29T15:48:04.828375,Felix,11.512810335715578,True
2025-11-29T15:48:04.853086,Felix,11.512810335715578,True
2025-11-29T15:48:04.881922,Felix,11.512810335715578,True
2025-11-29T15:48:04.912869,Felix,11.512810335715578,True
2025-11-29T15:48:04.938861,Felix,11.512810335715578,True
2025-11-29T15:48:04.988096,Felix,11.512810335715578,True
2025-11-29T15:48:05.026288,Felix,11.512810335715578,True
2025-11-29T15:48:05.059144,Felix,11.512810335715578,True
2025-11-29T15:48:05.089722,Felix,11.512810335715578,True
2025-11-29T15:48:05.117698,Felix,11.512810335715578,True
2025-11-29T15:48:05.145092,Felix,11.512810335715578,True
2025-11-29T15:48:05.173063,Felix,11.512810335715578,True
2025-11-29T15:48:05.199198,Felix,11.512810335715578,True
2025-11-29T15:48:05.229324,Felix,11.512810335715578,True
2025-11-29T15:48:05.254402,Felix,11.512810335715578,True
2025-11-29T15:48:05.281944,Felix,11.512810335715578,True
2025-11-29T15:48:05.306487,Felix,11.512810335715578,True
2025-11-29T15:48:05.338927,Felix,11.512810335715578,True
2025-11-29T15:48:05.366639,Felix,11.512810335715578,True
2025-11-29T15:48:05.391443,Felix,11.512810335715578,True
2025-11-29T15:48:05.421985,Felix,11.512810335715578,True
2025-11-29T15:48:05.460446,Felix,11.512810335715578,True
2025-11-29T15:48:05.489226,Felix,11.512810335715578,True
2025-11-29T15:48:05.514252,Felix,11.512810335715578,True
2025-11-29T15:48:05.542800,Marvel,12.685478361111855,True
2025-11-29T15:48:05.569034,Marvel,12.685478361111855,True
2025-11-29T15:48:05.605304,Marvel,12.685478361111855,True
2025-11-29T15:48:05.669972,Marvel,12.685478361111855,True
2025-11-29T15:48:05.695416,Marvel,12.685478361111855,True
2025-11-29T15:48:05.741041,Marvel,12.685478361111855,True
2025-11-29T15:48:05.773367,Marvel,12.685478361111855,True
2025-11-29T15:48:05.798460,Marvel,12.685478361111855,True
2025-11-29T15:48:05.863269,Marvel,12.685478361111855,True
2025-11-29T15:48:05.923612,Marvel,12.685478361111855,True
2025-11-29T15:48:05.981120,Marvel,12.685478361111855,True
2025-11-29T15:48:06.009185,Marvel,12.685478361111855,True
2025-11-29T15:48:06.037928,Marvel,12.685478361111855,True
2025-11-29T15:48:06.075392,Marvel,11.688970224972989,True
2025-11-29T15:48:06.109020,Marvel,10.692908151335672,True
2025-11-29T15:48:06.152622,Marvel,9.697302240146993,True
2025-11-29T15:48:06.178483,Marvel,9.56718119604654,True
2025-11-29T15:48:06.206919,Marvel,9.474155820223059,True
2025-11-29T15:48:06.231074,Marvel,8.479983811558213,True
2025-11-29T15:48:06.258326,Marvel,8.405452885300921,True
2025-11-29T15:48:06.283366,Marvel,7.412296768675414,True
2025-11-29T15:48:06.308557,Marvel,7.2846865776935985,True
2025-11-29T15:48:06.335753,Marvel,7.222660294211594,True
2025-11-29T15:48:06.365249,Marvel,7.168929091891919,True
2025-11-29T15:48:06.391269,Marvel,7.121680483551954,True
2025-11-29T15:48:06.416846,Marvel,7.032949029339224,True
2025-11-29T15:48:06.446127,Marvel,7.032949029339224,True
2025-11-29T15:48:06.471809,Marvel,7.032949029339224,True
2025-11-29T15:48:06.500130,Marvel,6.908206732677674,True
2025-11-29T15:48:06.527530,Marvel,6.838211624739088,True
2025-11-29T15:48:06.552539,Marvel,6.779782834021948,True
2025-11-29T15:48:06.576084,Marvel,6.729759231674403,True
2025-11-29T15:48:06.604111,Marvel,6.69107665070322,True
2025-11-29T15:48:06.632863,Marvel,6.648366571387775,True
2025-11-29T15:48:06.660213,Marvel,6.611137834877895,True
2025-11-29T15:48:06.686260,Marvel,6.578615175071711,True
2025-11-29T15:48:06.712821,Marvel,6.550246605342637,True
2025-11-29T15:48:06.740407,Marvel,6.525625516373379,True
2025-11-29T15:48:06.766712,Marvel,6.408227254581237,True
2025-11-29T15:48:06.793579,Marvel,6.387950997374341,True
2025-11-29T15:48:06.819741,Marvel,6.370922641120563,True
2025-11-29T15:48:06.845649,Marvel,6.292983583461432,True
2025-11-29T15:48:06.872400,Marvel,6.233589888828373,True
2025-11-29T15:48:06.899460,Marvel,6.208541954080707,True
2025-11-29T15:48:06.926528,Marvel,6.1978830401030764,True
2025-11-29T15:48:06.952127,Marvel,6.178578335509355,True
2025-11-29T15:48:06.977854,Marvel,6.172347487014693,True
2025-11-29T15:48:07.002575,Marvel,6.158657790207622,True
2025-11-29T15:48:07.027204,Marvel,6.157051166102111,True
2025-11-29T15:48:07.055170,Marvel,6.149035484353881,True
2025-11-29T15:48:07.080901,Marvel,6.152381372147921,True
2025-11-29T15:48:07.107923,Marvel,6.150301868375635,True
2025-11-29T15:48:07.134126,Marvel,6.152381372147921,True
2025-11-29T15:48:07.160668,Marvel,6.092781247119537,True
2025-11-29T15:48:07.191692,Marvel,6.101632796315402,True
2025-11-29T15:48:07.218205,Marvel,6.1182395067567885,True
2025-11-29T15:48:07.243523,Marvel,6.139595055508044,True
2025-11-29T15:48:07.281824,Marvel,6.166194117794179,True
2025-11-29T15:48:07.312409,Marvel,6.1525459963615345,True
2025-11-29T15:48:07.340972,Marvel,6.18399953077968,True
2025-11-29T15:48:07.367752,Marvel,6.230216110770354,True
2025-11-29T15:48:07.395345,Marvel,6.288512378181661,True
2025-11-29T15:48:07.420776,Marvel,6.36540958298257,True
2025-11-29T15:48:07.469612,Marvel,6.443348640641702,True
2025-11-29T15:48:07.501285,Marvel,6.443348640641702,True
2025-11-29T15:48:07.541106,Marvel,7.423915256713128,True
2025-11-29T15:48:07.566048,Marvel,6.443348640641702,True
2025-11-29T15:48:07.591827,Marvel,6.443348640641702,True
2025-11-29T15:48:07.617140,Marvel,6.4938551591362375,True
2025-11-29T15:48:07.644932,Marvel,6.443348640641702,True
2025-11-29T15:48:07.671731,Marvel,6.411895106223556,True
2025-11-29T15:48:07.699113,Marvel,6.388090763805516,True
2025-11-29T15:48:07.734223,Marvel,6.273533827593658,True
2025-11-29T15:48:07.759424,Marvel,6.24345024535824,True
2025-11-29T15:48:07.794008,Marvel,6.24345024535824,True
2025-11-29T15:48:07.821616,Marvel,6.256365704908706,True
2025-11-29T15:48:07.850058,Marvel,6.256365704908706,True
2025-11-29T15:48:07.877033,Marvel,6.370922641120563,True
2025-11-29T15:48:07.904005,Marvel,6.45829236250478,True
2025-11-29T15:48:07.934745,Marvel,6.475320718758558,True
2025-11-29T15:48:07.970116,Marvel,6.469828573988078,True
2025-11-29T15:48:08.005897,Marvel,6.492679962331139,True
2025-11-29T15:48:08.066092,Marvel,6.492679962331139,True
2025-11-29T15:48:08.110766,Marvel,6.401954103520509,True
2025-11-29T15:48:08.161370,Marvel,6.351202260689017,True
2025-11-29T15:48:08.203156,Marvel,6.288829388621588,True
2025-11-29T15:48:08.254624,Marvel,6.2383228701270514,True
2025-11-29T15:48:08.300053,Marvel,6.196546084826389,True
2025-11-29T15:48:08.325047,Marvel,6.184510305238528,True
2025-11-29T15:48:08.353638,Marvel,6.154426723003109,True
2025-11-29T15:48:08.379565,Marvel,6.129378788255443,True
2025-11-29T15:48:08.406502,Marvel,6.132734925681857,True
2025-11-29T15:48:08.432904,Marvel,6.142946297008586,True
2025-11-29T15:48:08.461738,Marvel,6.15573279947148,True
2025-11-29T15:48:08.486899,Marvel,6.142994381721563,True
2025-11-29T15:48:08.516766,Marvel,6.164903926301961,True
2025-11-29T15:48:08.545362,Marvel,6.157367784538421,True
2025-11-29T15:48:08.572771,Marvel,6.188821318956567,True
2025-11-29T15:48:08.598596,Marvel,6.185936358255944,True
2025-11-29T15:48:08.627184,Marvel,6.228226969717836,True
2025-11-29T15:48:08.656496,Marvel,6.229619670601292,True
2025-11-29T15:48:08.684527,Marvel,6.285528845285067,True
2025-11-29T15:48:08.709981,Marvel,6.360169504513141,True
2025-11-29T15:48:08.739680,Marvel,7.33760530043179,True
2025-11-29T15:48:08.767491,Marvel,6.472587160645023,True
2025-11-29T15:48:08.794398,Marvel,6.472587160645023,True
2025-11-29T15:48:08.822165,Marvel,6.3667468512101735,True
2025-11-29T15:48:08.846473,Marvel,6.299131044433559,True
2025-11-29T15:48:08.872434,Marvel,6.274562353931366,True
2025-11-29T15:48:08.898536,Marvel,7.253095577071766,True
2025-11-29T15:48:08.926972,Marvel,6.285583015644191,True
2025-11-29T15:48:08.953713,Marvel,6.285583015644191,True
2025-11-29T15:48:08.980020,Marvel,6.285583015644191,True
2025-11-29T15:48:09.008711,Marvel,6.285583015644191,True
2025-11-29T15:48:09.033193,Marvel,6.285583015644191,True
2025-11-29T15:48:09.060501,Marvel,6.285583015644191,True
2025-11-29T15:48:09.087597,Marvel,6.388077437285001,True
2025-11-29T15:48:09.112653,Marvel,6.388077437285001,True
2025-11-29T15:48:09.149621,Marvel,6.388077437285001,True
2025-11-29T15:48:09.179330,Marvel,6.419530971703146,True
2025-11-29T15:48:09.209689,Marvel,6.460329323347873,True
2025-11-29T15:48:09.243323,Marvel,6.513540503879313,True
2025-11-29T15:48:09.275893,Marvel,7.4872839138015514,True
2025-11-29T15:48:09.307675,Marvel,7.560696598653176,True
2025-11-29T15:48:09.332907,Marvel,7.560696598653176,True
2025-11-29T15:48:09.362856,Marvel,7.560696598653176,True
2025-11-29T15:48:09.390675,Marvel,7.512223473089666,True
2025-11-29T15:48:09.419190,Marvel,7.4749730605965095,True
2025-11-29T15:48:09.449212,Marvel,7.588488143950144,True
2025-11-29T15:48:09.474377,Marvel,7.55845295303744,True
2025-11-29T15:48:09.503886,Marvel,8.538028029036063,True
2025-11-29T15:48:09.529166,Marvel,8.546243936068706,True
2025-11-29T15:48:09.559065,Marvel,8.556897887421862,True
2025-11-29T15:48:09.586238,Marvel,8.556897887421862,True
2025-11-29T15:48:09.613794,Marvel,8.556897887421862,True
2025-11-29T15:48:09.642535,Marvel,8.556897887421862,True
2025-11-29T15:48:09.673234,Marvel,8.556897887421862,True
2025-11-29T15:48:09.697380,Marvel,8.556897887421862,True
2025-11-29T15:48:09.727994,Marvel,8.556897887421862,True
2025-11-29T15:48:09.751708,Marvel,8.556897887421862,True
2025-11-29T15:48:09.777877,Marvel,8.556897887421862,True
2025-11-29T15:48:09.814365,Marvel,8.556897887421862,True
2025-11-29T15:48:09.837993,Marvel,8.556897887421862,True
2025-11-29T15:48:09.877544,Marvel,8.556897887421862,True
2025-11-29T15:48:09.914767,Marvel,8.556897887421862,True
2025-11-29T15:48:09.940607,Marvel,8.556897887421862,True
2025-11-29T15:48:09.966312,Marvel,8.556897887421862,True
2025-11-29T15:48:09.993498,Marvel,8.556897887421862,True
2025-11-29T15:48:10.020897,Marvel,8.556897887421862,True
2025-11-29T15:48:10.046847,Marvel,8.556897887421862,True
2025-11-29T15:48:10.073276,Marvel,8.556897887421862,True
2025-11-29T15:48:10.105082,Marvel,8.556897887421862,True
2025-11-29T15:48:10.135022,Marvel,8.556897887421862,True
2025-11-29T15:48:10.182462,Marvel,8.556897887421862,True
2025-11-29T15:48:10.214894,Marvel,8.595606069991234,True
2025-11-29T15:48:10.244928,Marvel,8.609636346076098,True
2025-11-29T15:48:10.273663,Marvel,8.655950623704609,True
2025-11-29T15:48:10.302226,Marvel,8.710801047104884,True
2025-11-29T15:48:10.326421,Marvel,8.777339896012403,True
2025-11-29T15:48:10.356541,Marvel,8.710801047104884,True
2025-11-29T15:48:10.387080,Marvel,9.696479424519746,True
2025-11-29T15:48:10.424923,Marvel,9.71538516141715,True
2025-11-29T15:48:10.473997,Marvel,9.679827495404107,True
2025-11-29T15:48:10.505868,Marvel,9.654087526284417,True
2025-11-29T15:48:10.550143,Marvel,9.679983604792707,True
2025-11-29T15:48:10.581689,Marvel,9.709144485606501,True
2025-11-29T15:48:10.630280,Marvel,9.741889375303137,True
2025-11-29T15:48:10.710069,Marvel,9.77863615057808,True
2025-11-29T15:48:10.769122,Marvel,9.819946946121416,True
2025-11-29T15:48:10.796804,Marvel,9.866606199664101,True
2025-11-29T15:48:10.824991,Marvel,9.919764736315642,True
2025-11-29T15:48:10.855708,Marvel,9.981234131756388,True
2025-11-29T15:48:10.882257,Marvel,10.054180984307939,True
2025-11-29T15:48:10.908513,Marvel,10.096253184977982,True
2025-11-29T15:48:10.935794,Marvel,10.179684686096198,True
2025-11-29T15:48:10.962077,Marvel,11.13207254726718,True
2025-11-29T15:48:10.989295,Marvel,11.172313016864779,True
2025-11-29T15:48:11.014714,Marvel,11.172313016864779,True
2025-11-29T15:48:11.044534,Marvel,11.172313016864779,True
2025-11-29T15:48:11.070233,Marvel,11.217019492585305,True
2025-11-29T15:48:11.095854,Marvel,11.217019492585305,True
2025-11-29T15:48:11.123458,Marvel,11.217019492585305,True
2025-11-29T15:48:11.149667,Marvel,11.172313016864779,True
2025-11-29T15:48:11.178476,Marvel,11.13207254726718,True
2025-11-29T15:48:11.206192,Marvel,11.13207254726718,True
2025-11-29T15:48:11.233819,Marvel,11.13207254726718,True
2025-11-29T15:48:11.258727,Marvel,11.13207254726718,True
2025-11-29T15:48:11.284764,Marvel,11.13207254726718,True
2025-11-29T15:48:11.312872,Marvel,11.095730164805683,True
2025-11-29T15:48:11.340119,Marvel,11.095730164805683,True
2025-11-29T15:48:11.367368,Marvel,11.095730164805683,True
2025-11-29T15:48:11.394143,Marvel,11.095730164805683,True
2025-11-29T15:48:11.422690,Marvel,11.095730164805683,True
2025-11-29T15:48:11.449194,Marvel,11.095730164805683,True
2025-11-29T15:48:11.475058,Marvel,11.095730164805683,True
2025-11-29T15:48:11.499358,Marvel,11.095730164805683,True
2025-11-29T15:48:11.526105,Marvel,11.095730164805683,True
2025-11-29T15:48:11.551591,Marvel,11.095730164805683,True
2025-11-29T15:48:11.580556,Marvel,11.095730164805683,True
2025-11-29T15:48:11.607917,Marvel,11.095730164805683,True
2025-11-29T15:48:11.634831,Marvel,11.095730164805683,True
2025-11-29T15:48:11.665936,Marvel,11.095730164805683,True
2025-11-29T15:48:11.691912,Marvel,11.095730164805683,True
2025-11-29T15:48:11.719256,Marvel,11.095730164805683,True
2025-11-29T15:48:11.751879,Marvel,11.095730164805683,True
2025-11-29T15:48:11.780805,Marvel,11.095730164805683,True
2025-11-29T15:48:11.820152,Felix,11.512810335715578,True
2025-11-29T15:48:11.853580,Felix,11.512810335715578,True
2025-11-29T15:48:11.877931,Felix,11.512810335715578,True
2025-11-29T15:48:11.914408,Felix,11.512810335715578,True
2025-11-29T15:48:11.939254,Felix,11.512810335715578,True
2025-11-29T15:48:11.971348,Felix,11.512810335715578,True
2025-11-29T15:48:11.998569,Felix,11.512810335715578,True
2025-11-29T15:48:12.023404,Felix,11.512810335715578,True
2025-11-29T15:48:12.056651,Felix,11.512810335715578,True
2025-11-29T15:48:12.093976,Felix,11.512810335715578,True
2025-11-29T15:48:12.120853,Felix,11.512810335715578,True
2025-11-29T15:48:12.146884,Marvel,11.095730164805683,True
2025-11-29T15:48:12.173337,Marvel,11.095730164805683,True
2025-11-29T15:48:12.213372,Marvel,11.095730164805683,True
2025-11-29T15:48:12.251076,Marvel,11.13207254726718,True
2025-11-29T15:48:12.277893,Marvel,11.13207254726718,True
2025-11-29T15:48:12.306040,Marvel,11.13207254726718,True
2025-11-29T15:48:12.339659,Marvel,11.172313016864779,True
2025-11-29T15:48:12.377218,Marvel,11.217019492585305,True
2025-11-29T15:48:12.405555,Marvel,11.217019492585305,True
2025-11-29T15:48:12.434167,Marvel,11.217019492585305,True
2025-11-29T15:48:12.478697,Marvel,11.217019492585305,True
2025-11-29T15:48:12.510733,Marvel,11.172313016864779,True
2025-11-29T15:48:12.538327,Marvel,11.13207254726718,True
2025-11-29T15:48:12.568872,Marvel,11.13207254726718,True
2025-11-29T15:48:12.594716,Marvel,11.13207254726718,True
2025-11-29T15:48:12.620810,Marvel,11.13207254726718,True
2025-11-29T15:48:12.662519,Marvel,11.13207254726718,True
2025-11-29T15:48:12.688644,Marvel,11.172313016864779,True
2025-11-29T15:48:12.715435,Marvel,11.217019492585305,True
2025-11-29T15:48:12.754908,Marvel,11.266981728340403,True
2025-11-29T15:48:12.779238,Marvel,11.266981728340403,True
2025-11-29T15:48:12.805488,Marvel,11.323355446307291,True
2025-11-29T15:48:12.851809,Marvel,11.323355446307291,True
2025-11-29T15:48:12.880098,Marvel,11.323355446307291,True
2025-11-29T15:48:12.906127,Marvel,11.323355446307291,True
2025-11-29T15:48:12.946967,Marvel,11.323355446307291,True
2025-11-29T15:48:12.978724,Marvel,11.387956742893373,True
2025-11-29T15:48:13.003975,Marvel,11.463956398273249,True
2025-11-29T15:48:13.034930,Marvel,11.463956398273249,True
2025-11-29T15:48:13.062643,Marvel,10.468817214386032,True
2025-11-29T15:48:13.101411,Marvel,10.468817214386032,True
2025-11-29T15:48:13.127027,Marvel,10.468817214386032,True
2025-11-29T15:48:13.156969,Marvel,10.562320379933757,True
2025-11-29T15:48:13.189449,Marvel,10.562320379933757,True
2025-11-29T15:48:13.232992,Marvel,10.562320379933757,True
2025-11-29T15:48:13.260500,Marvel,10.562320379933757,True
2025-11-29T15:48:13.286571,Marvel,10.562320379933757,True
2025-11-29T15:48:13.316860,Marvel,10.562320379933757,True
2025-11-29T15:48:13.341811,Marvel,10.562320379933757,True
2025-11-29T15:48:13.374653,Marvel,10.562320379933757,True
2025-11-29T15:48:13.406952,Marvel,10.562320379933757,True
2025-11-29T15:48:13.434385,Marvel,10.562320379933757,True
2025-11-29T15:48:13.462342,Marvel,10.562320379933757,True
2025-11-29T15:48:13.498653,Marvel,10.562320379933757,True
2025-11-29T15:48:13.540084,Marvel,10.562320379933757,True
2025-11-29T15:48:13.582128,Marvel,10.562320379933757,True
2025-11-29T15:48:13.646536,Marvel,10.562320379933757,True
2025-11-29T15:48:13.674293,Felix,11.512810335715578,True
2025-11-29T15:48:13.704457,Marvel,10.562320379933757,True
2025-11-29T15:48:13.734570,Marvel,10.562320379933757,True
2025-11-29T15:48:13.761122,Felix,11.512810335715578,True
2025-11-29T15:48:13.789627,Marvel,10.562320379933757,True
2025-11-29T15:48:13.818154,Felix,11.512810335715578,True
2025-11-29T15:48:13.847196,Felix,11.512810335715578,True
2025-11-29T15:48:13.874195,Felix,11.512810335715578,True
2025-11-29T15:48:13.901025,Felix,11.512810335715578,True
2025-11-29T15:48:13.928997,Felix,11.512810335715578,True
2025-11-29T15:48:13.957903,Felix,11.512810335715578,True
2025-11-29T15:48:13.985785,Felix,11.512810335715578,True
2025-11-29T15:48:14.014405,Felix,11.512810335715578,True
2025-11-29T15:48:14.044745,Felix,11.512810335715578,True
2025-11-29T15:48:14.073807,Felix,11.512810335715578,True
2025-11-29T15:48:14.100939,Felix,11.512810335715578,True
2025-11-29T15:48:14.127484,Felix,11.512810335715578,True
2025-11-29T15:48:14.169842,Felix,11.512810335715578,True
2025-11-29T15:48:14.196002,Felix,11.512810335715578,True
2025-11-29T15:48:14.227316,Felix,11.512810335715578,True
2025-11-29T15:48:14.253800,Felix,11.512810335715578,True
2025-11-29T15:48:14.285169,Felix,11.512810335715578,True
2025-11-29T15:48:14.313529,Felix,11.512810335715578,True
2025-11-29T15:48:14.342148,Felix,11.512810335715578,True
2025-11-29T15:48:14.373681,Felix,11.512810335715578,True
2025-11-29T15:48:14.402115,Felix,11.512810335715578,True
2025-11-29T15:48:14.432496,Felix,11.512810335715578,True
2025-11-29T15:48:14.475116,Felix,11.512810335715578,True
2025-11-29T15:48:14.503659,Felix,11.512810335715578,True
2025-11-29T15:48:14.539255,Felix,11.512810335715578,True
2025-11-29T15:48:14.569193,Felix,11.512810335715578,True
2025-11-29T15:48:14.617339,Marvel,10.562320379933757,True
2025-11-29T15:48:14.643894,Marvel,10.562320379933757,True
2025-11-29T15:48:14.671052,Marvel,10.562320379933757,True
2025-11-29T15:48:14.697686,Marvel,10.562320379933757,True
2025-11-29T15:48:14.725900,Marvel,10.562320379933757,True
2025-11-29T15:48:14.754749,Marvel,10.562320379933757,True
2025-11-29T15:48:14.780616,Marvel,10.562320379933757,True
2025-11-29T15:48:14.808746,Marvel,10.562320379933757,True
2025-11-29T15:48:14.839492,Marvel,10.562320379933757,True
2025-11-29T15:48:14.866719,Marvel,10.562320379933757,True
2025-11-29T15:48:14.907247,Marvel,10.562320379933757,True
2025-11-29T15:48:14.946001,Marvel,10.692908151335672,True
2025-11-29T15:48:14.973937,Marvel,11.688970224972989,True
2025-11-29T15:48:15.001468,Marvel,11.688970224972989,True
2025-11-29T15:48:15.027744,Marvel,11.688970224972989,True
2025-11-29T15:48:15.066293,Marvel,11.688970224972989,True
2025-11-29T15:48:15.095924,Marvel,11.688970224972989,True
2025-11-29T15:48:15.166666,Marvel,11.688970224972989,True
2025-11-29T15:48:15.193771,Felix,11.512810335715578,True
2025-11-29T15:48:15.221792,Marvel,11.688970224972989,True
2025-11-29T15:48:15.250217,Felix,11.512810335715578,True
2025-11-29T15:48:15.276664,Felix,11.512810335715578,True
2025-11-29T15:48:15.303504,Marvel,11.688970224972989,True
2025-11-29T15:48:15.330382,Marvel,11.688970224972989,True
2025-11-29T15:48:15.359465,Felix,11.512810335715578,True
2025-11-29T15:48:15.388447,Marvel,11.688970224972989,True
2025-11-29T15:48:15.415464,Marvel,11.688970224972989,True
2025-11-29T15:48:15.444850,Felix,11.512810335715578,True
2025-11-29T15:48:15.475652,Felix,11.512810335715578,True
2025-11-29T15:48:15.500458,Marvel,11.688970224972989,True
2025-11-29T15:48:15.526486,Felix,11.512810335715578,True
2025-11-29T15:48:15.569716,Felix,11.512810335715578,True
2025-11-29T15:48:15.596156,Marvel,11.688970224972989,True
2025-11-29T15:48:15.623405,Marvel,11.688970224972989,True
2025-11-29T15:48:15.651550,Marvel,11.688970224972989,True
2025-11-29T15:48:15.679109,Marvel,11.688970224972989,True
2025-11-29T15:48:15.706442,Marvel,11.688970224972989,True
2025-11-29T15:48:15.736900,Marvel,12.685478361111855,True
2025-11-29T15:48:15.770662,Marvel,12.685478361111855,True
2025-11-29T15:48:15.812547,Marvel,12.685478361111855,True
2025-11-29T15:48:15.839198,Marvel,12.685478361111855,True
2025-11-29T15:48:15.883928,Marvel,12.685478361111855,True
2025-11-29T15:48:15.931084,Marvel,12.685478361111855,True
2025-11-29T15:48:15.959010,Marvel,12.685478361111855,True
2025-11-29T15:48:15.986733,Marvel,12.685478361111855,True
2025-11-29T15:48:16.011191,Marvel,12.685478361111855,True
2025-11-29T15:48:16.039238,Marvel,12.685478361111855,True
2025-11-29T15:48:16.065809,Marvel,12.685478361111855,True
2025-11-29T15:56:42.804615,Marvel,5.863141748978218,True
2025-11-29T15:56:42.834827,Marvel,5.863141748978218,True
2025-11-29T15:56:42.864737,Marvel,5.863141748978218,True
2025-11-29T15:56:42.894534,Marvel,5.732281868352147,True
2025-11-29T15:56:42.929901,Marvel,5.732281868352147,True
2025-11-29T15:56:42.956282,Marvel,5.732281868352147,True
2025-11-29T15:56:42.980218,Marvel,5.732281868352147,True
2025-11-29T15:56:43.012266,Marvel,5.659440306632334,True
2025-11-29T15:56:43.039492,Marvel,5.659440306632334,True
2025-11-29T15:56:43.063079,Marvel,5.656235854912234,True
2025-11-29T15:56:43.090823,Marvel,5.656235854912234,True
2025-11-29T15:56:43.120259,Marvel,5.59271122167334,True
2025-11-29T15:56:43.148624,Marvel,5.59271122167334,True
2025-11-29T15:56:43.178722,Marvel,5.59271122167334,True
2025-11-29T15:56:43.210103,Marvel,5.59271122167334,True
2025-11-29T15:56:43.238606,Marvel,5.59271122167334,True
2025-11-29T15:56:43.263205,Marvel,5.477797933918222,True
2025-11-29T15:56:43.291028,Marvel,5.493860425679948,True
2025-11-29T15:56:43.315375,Marvel,5.513939759210988,True
2025-11-29T15:56:43.341538,Marvel,5.538357560039742,True
2025-11-29T15:56:43.372613,Marvel,5.567556096290846,True
2025-11-29T15:56:43.400436,Marvel,5.6021519323691695,True
2025-11-29T15:56:43.433055,Marvel,5.681494550887548,True
2025-11-29T15:56:43.460867,Marvel,5.8164170600748,True
2025-11-29T15:56:43.491663,Marvel,6.467105297174774,True
2025-11-29T15:56:43.522892,Marvel,6.467105297174774,True
2025-11-29T15:56:43.553601,Marvel,6.467105297174774,True
2025-11-29T15:56:43.581423,Marvel,6.467105297174774,True
2025-11-29T15:56:43.622133,Marvel,6.467105297174774,True
2025-11-29T15:56:43.650455,Marvel,6.51069305183973,True
2025-11-29T15:56:43.672384,Marvel,6.51069305183973,True
2025-11-29T15:56:43.696732,Marvel,6.51069305183973,True
2025-11-29T15:56:43.725322,Marvel,5.869327025524636,True
2025-11-29T15:56:43.766354,Marvel,5.8004181857950785,True
2025-11-29T15:56:43.802073,Marvel,5.8004181857950785,True
2025-11-29T15:56:43.834551,Marvel,5.756830431130123,True
2025-11-29T15:56:43.864701,Marvel,5.787273827667875,True
2025-11-29T15:56:43.887630,Marvel,5.733472660981785,True
2025-11-29T15:56:43.909958,Marvel,5.745752425663713,True
2025-11-29T15:56:43.946747,Marvel,5.687536413827245,True
2025-11-29T15:56:43.977244,Marvel,5.703249103899191,True
2025-11-29T15:56:44.009683,Marvel,5.753500018880179,True
2025-11-29T15:56:44.044110,Marvel,5.796003340644701,True
2025-11-29T15:56:44.080015,Marvel,5.813410388794855,True
2025-11-29T15:56:44.117485,Marvel,4.5646074518269995,True
2025-11-29T15:56:44.147693,Marvel,4.427917946796689,True
2025-11-29T15:56:44.170972,Marvel,4.381353011952594,True
2025-11-29T15:56:44.216595,Marvel,4.290740415340843,True
2025-11-29T15:56:44.241485,Marvel,4.221724191420513,True
2025-11-29T15:56:44.266286,Marvel,4.1663427649903095,True
2025-11-29T15:56:44.289438,Marvel,4.12082902935876,True
2025-11-29T15:56:44.335160,Marvel,4.083070899098043,True
2025-11-29T15:56:44.363208,Marvel,4.103856489449924,True
2025-11-29T15:56:44.457682,Marvel,4.141647577108094,True
2025-11-29T15:56:44.482486,Marvel,4.118382504385158,True
2025-11-29T15:56:44.505719,Marvel,4.09952298836388,True
2025-11-29T15:56:44.529288,Marvel,4.084755399594059,True
2025-11-29T15:56:44.562082,Marvel,4.155358774773676,True
2025-11-29T15:56:44.593881,Marvel,4.0295458051919555,True
2025-11-29T15:56:44.628015,Marvel,4.030664898462053,True
2025-11-29T15:56:44.787068,Marvel,4.025510321501996,True
2025-11-29T15:56:44.854590,Marvel,4.069820234077497,True
2025-11-29T15:56:44.882337,Marvel,4.0120302585334,True
2025-11-29T15:56:44.917685,Marvel,3.968597754786254,True
2025-11-29T15:56:44.945025,Marvel,3.9358533053051135,True
2025-11-29T15:56:44.997892,Marvel,3.911803581375155,True
2025-11-29T15:56:45.022704,Marvel,3.911803581375155,True
2025-11-29T15:56:45.047555,Marvel,3.8952847837204834,True
2025-11-29T15:56:45.071618,Marvel,3.8856137299014852,True
2025-11-29T15:56:45.137082,Marvel,3.871734031145172,True
2025-11-29T15:56:45.227065,Marvel,3.8863333548435675,True
2025-11-29T15:56:45.257151,Marvel,3.9063322427294933,True
2025-11-29T15:56:45.308633,Marvel,3.9322753691195667,True
2025-11-29T15:56:45.333492,Marvel,3.9649865883359325,True
2025-11-29T15:56:45.357343,Marvel,4.005740430305196,True
2025-11-29T15:56:45.381078,Marvel,4.023201434196699,True
2025-11-29T15:56:45.408561,Marvel,4.044677322474425,True
2025-11-29T15:56:45.442701,Marvel,4.093469160264279,True
2025-11-29T15:56:45.474599,Marvel,4.087265715751183,True
2025-11-29T15:56:45.511181,Marvel,4.087265715751183,True
2025-11-29T15:56:45.538173,Marvel,4.0979596753156,True
2025-11-29T15:56:45.571139,Marvel,4.1255637494058695,True
2025-11-29T15:56:45.593316,Marvel,4.142240472421734,True
2025-11-29T15:56:45.625091,Marvel,4.175130015277907,True
2025-11-29T15:56:45.660770,Marvel,4.292281489573221,True
2025-11-29T15:56:45.686890,Marvel,5.522748196408297,True
2025-11-29T15:56:45.720692,Marvel,5.589153292730461,True
2025-11-29T15:56:45.760414,Marvel,5.657269662872605,True
2025-11-29T15:56:45.788601,Marvel,4.447591505467545,True
2025-11-29T15:56:45.820401,Marvel,5.6832127892626785,True
2025-11-29T15:56:45.911122,Marvel,5.644747346070872,True
2025-11-29T15:56:45.939523,Marvel,5.640332500920494,True
2025-11-29T15:56:45.971254,Marvel,6.250943946668334,True
2025-11-29T15:56:46.004566,Marvel,6.299148016501489,True
2025-11-29T15:56:46.034819,Marvel,6.297853113509583,True
2025-11-29T15:56:46.059158,Marvel,6.27525861610454,True
2025-11-29T15:56:46.082790,Marvel,6.29702497048259,True
2025-11-29T15:56:46.112691,Marvel,6.29969933591136,True
2025-11-29T15:56:46.144154,Marvel,6.305068871941095,True
2025-11-29T15:56:46.171786,Marvel,6.313176075251473,True
2025-11-29T15:56:46.203931,Marvel,6.324086997436631,True
2025-11-29T15:56:46.235285,Marvel,6.337894284084939,True
2025-11-29T15:56:46.262786,Marvel,6.354721735481553,True
2025-11-29T15:56:46.291792,Marvel,6.3747309569136865,True
2025-11-29T15:56:46.314365,Marvel,6.3747309569136865,True
2025-11-29T15:56:46.336938,Marvel,6.398131025249955,True
2025-11-29T15:56:46.364503,Marvel,6.398131025249955,True
2025-11-29T15:56:46.395509,Marvel,6.398131025249955,True
2025-11-29T15:56:46.426805,Marvel,6.3747309569136865,True
2025-11-29T15:56:46.466610,Marvel,6.3747309569136865,True
2025-11-29T15:56:46.499583,Marvel,6.398131025249955,True
2025-11-29T15:56:46.525732,Marvel,6.3747309569136865,True
2025-11-29T15:56:46.579012,Marvel,6.354721735481553,True
2025-11-29T15:56:46.606897,Marvel,6.337894284084939,True
2025-11-29T15:56:46.650591,Marvel,6.324086997436631,True
2025-11-29T15:56:46.683036,Marvel,6.313176075251473,True
2025-11-29T15:56:46.709836,Marvel,6.305068871941095,True
2025-11-29T15:56:46.740183,Marvel,6.29969933591136,True
2025-11-29T15:56:46.769769,Marvel,6.29702497048259,True
2025-11-29T15:56:46.798167,Marvel,6.313191071382186,True
2025-11-29T15:56:46.829074,Marvel,6.313191071382186,True
2025-11-29T15:56:46.854070,Marvel,6.313191071382186,True
2025-11-29T15:56:46.884356,Marvel,6.313191071382186,True
2025-11-29T15:56:46.910607,Marvel,6.313191071382186,True
2025-11-29T15:56:46.939943,Marvel,6.313191071382186,True
2025-11-29T15:56:46.972562,Marvel,6.313191071382186,True
2025-11-29T15:56:47.000341,Marvel,6.376715704621081,True
2025-11-29T15:56:47.057501,Marvel,6.462112944565834,True
2025-11-29T15:56:47.083125,Marvel,6.5929728251919055,True
2025-11-29T15:56:47.107563,Marvel,7.83620881817739,True
2025-11-29T15:56:47.160701,Marvel,7.842006712337574,True
2025-11-29T15:56:47.213337,Marvel,7.85017266844778,True
2025-11-29T15:56:47.242826,Marvel,7.860757561144513,True
2025-11-29T15:56:47.268946,Marvel,7.873829795413854,True
2025-11-29T15:56:47.317019,Marvel,7.889477896948451,True
2025-11-29T15:56:47.343105,Marvel,7.907814127081231,True
2025-11-29T15:56:47.394206,Marvel,7.9289795042572475,True
2025-11-29T15:56:47.419109,Marvel,7.953150826437279,True
2025-11-29T15:56:47.446749,Marvel,9.17934778149701,True
2025-11-29T15:56:47.474086,Marvel,9.204259151282981,True
2025-11-29T15:56:47.504191,Marvel,9.240200109431125,True
2025-11-29T15:56:47.539911,Marvel,9.28568101694845,True
2025-11-29T15:56:47.564492,Marvel,9.345553883778004,True
2025-11-29T15:56:47.593420,Marvel,9.375672091371854,True
2025-11-29T15:56:47.617733,Marvel,9.409213897487074,True
2025-11-29T15:56:47.646657,Marvel,9.498355093228044,True
2025-11-29T15:56:47.679657,Marvel,10.1575861723101,True
2025-11-29T15:56:47.705942,Marvel,10.196085450575541,True
2025-11-29T15:56:47.737607,Marvel,10.238830879640448,True
2025-11-29T15:56:47.762899,Marvel,10.286478555767774,True
2025-11-29T15:56:47.787049,Marvel,10.339947774453421,True
2025-11-29T15:56:47.813468,Marvel,10.400595521857259,True
2025-11-29T15:56:47.845797,Marvel,10.470575552256053,True
2025-11-29T15:56:47.871296,Marvel,10.553692209433544,True
2025-11-29T15:56:47.904164,Marvel,10.553692209433544,True
2025-11-29T15:56:47.928934,Marvel,10.657940489954132,True
2025-11-29T15:56:47.956140,Marvel,10.657940489954132,True
2025-11-29T15:56:47.985371,Marvel,10.657940489954132,True
2025-11-29T15:56:48.010949,Marvel,10.657940489954132,True
2025-11-29T15:56:48.047838,Marvel,10.657940489954132,True
2025-11-29T15:56:48.080929,Marvel,10.806966453038832,True
2025-11-29T15:56:48.122755,Marvel,10.747200466695071,True
2025-11-29T15:56:48.182162,Marvel,10.687902250339922,True
2025-11-29T15:56:48.213024,Marvel,10.629082868131773,True
2025-11-29T15:56:48.242025,Marvel,10.570753914725351,True
2025-11-29T15:56:48.267238,Marvel,10.570753914725351,True
2025-11-29T15:56:48.292200,Marvel,10.570753914725351,True
2025-11-29T15:56:48.316864,Marvel,10.570753914725351,True
2025-11-29T15:56:48.351447,Marvel,10.512927554013132,True
2025-11-29T15:56:48.376057,Marvel,10.512927554013132,True
2025-11-29T15:56:48.401634,Marvel,10.512927554013132,True
2025-11-29T15:56:48.426067,Marvel,10.512927554013132,True
2025-11-29T15:56:48.458086,Marvel,10.36635658496213,True
2025-11-29T15:56:48.487004,Marvel,10.36635658496213,True
2025-11-29T15:56:48.518020,Marvel,10.36635658496213,True
2025-11-29T15:56:48.554125,Marvel,10.309574395475297,True
2025-11-29T15:56:48.600448,Marvel,10.253335153721562,True
2025-11-29T15:56:48.632531,Marvel,10.197653772399741,True
2025-11-29T15:56:48.661646,Marvel,10.197653772399741,True
2025-11-29T15:56:48.685911,Marvel,10.197653772399741,True
2025-11-29T15:56:48.714879,Marvel,10.197653772399741,True
2025-11-29T15:56:48.749980,Marvel,10.142545995573565,True
2025-11-29T15:56:48.781319,Marvel,10.088028469399985,True
2025-11-29T15:56:48.811235,Marvel,10.034118821036492,True
2025-11-29T15:56:48.840822,Marvel,10.034118821036492,True
2025-11-29T15:56:48.866537,Marvel,10.034118821036492,True
2025-11-29T15:56:48.893474,Marvel,10.034118821036492,True
2025-11-29T15:56:48.930977,Marvel,10.034118821036492,True
2025-11-29T15:56:48.966551,Marvel,10.12337879777743,True
2025-11-29T15:56:48.996503,Marvel,10.070095723675754,True
2025-11-29T15:56:49.034660,Marvel,10.017459088688193,True
2025-11-29T15:56:49.066946,Marvel,9.965490037678908,True
2025-11-29T15:56:49.096280,Marvel,9.91421112165816,True
2025-11-29T15:56:49.139055,Marvel,9.86364644085801,True
2025-11-29T15:56:49.164500,Marvel,9.8138218076638,True
2025-11-29T15:56:49.189125,Marvel,9.76476493293341,True
2025-11-29T15:56:49.216201,Marvel,9.76476493293341,True
2025-11-29T15:56:49.241105,Marvel,9.76476493293341,True
2025-11-29T15:56:49.274611,Marvel,9.76476493293341,True
2025-11-29T15:56:49.303336,Marvel,9.76476493293341,True
2025-11-29T15:56:49.335568,Marvel,9.76476493293341,True
2025-11-29T15:56:49.359372,Marvel,9.76476493293341,True
2025-11-29T15:56:49.409891,Marvel,9.627245663270168,True
2025-11-29T15:56:49.438920,Marvel,9.627245663270168,True
2025-11-29T15:56:49.466123,Marvel,9.534866070815358,True
2025-11-29T15:56:49.495120,Marvel,9.534866070815358,True
2025-11-29T15:56:49.539605,Marvel,9.534866070815358,True
2025-11-29T15:56:49.574598,Marvel,9.534866070815358,True
2025-11-29T15:56:49.610452,Marvel,8.287757491925712,True
2025-11-29T15:56:49.635318,Marvel,8.217797684510057,True
2025-11-29T15:56:49.662796,Marvel,7.56895543330319,True
2025-11-29T15:56:49.689911,Marvel,7.479695456562251,True
2025-11-29T15:56:49.721902,Marvel,7.468044379569878,True
2025-11-29T15:56:49.747387,Marvel,7.465222992878261,True
2025-11-29T15:56:49.772513,Marvel,7.4305993233108705,True
2025-11-29T15:56:49.803579,Marvel,7.390710747497455,True
2025-11-29T15:56:49.831211,Marvel,7.3407821667155275,True
2025-11-29T15:56:49.883877,Marvel,7.305670406322357,True
2025-11-29T15:56:49.911710,Marvel,7.3148049196818645,True
2025-11-29T15:56:49.937005,Marvel,7.287851556591378,True
2025-11-29T15:56:49.965827,Marvel,7.265806301378204,True
2025-11-29T15:56:49.998453,Marvel,7.248241688348831,True
2025-11-29T15:56:50.031521,Marvel,7.182923781935118,True
2025-11-29T15:56:50.056083,Marvel,7.166738631342611,True
2025-11-29T15:56:50.081356,Marvel,7.166738631342611,True
2025-11-29T15:56:50.111149,Marvel,7.189903497850437,True
2025-11-29T15:56:50.137717,Marvel,7.226456490691218,True
2025-11-29T15:56:50.171926,Marvel,7.264388945968865,True
2025-11-29T15:56:50.205080,Marvel,7.226456490691218,True
2025-11-29T15:56:50.229888,Marvel,7.189903497850437,True
2025-11-29T15:56:50.277141,Marvel,7.154825858100857,True
2025-11-29T15:56:50.301648,Marvel,7.189903497850437,True
2025-11-29T15:56:50.330088,Marvel,7.226456490691218,True
2025-11-29T15:56:50.362364,Marvel,7.264388945968865,True
2025-11-29T15:56:50.391373,Marvel,7.252109801705397,True
2025-11-29T15:56:50.416477,Marvel,7.24344830641899,True
2025-11-29T15:56:50.440754,Marvel,7.238293729458933,True
2025-11-29T15:56:50.486203,Marvel,7.238293729458933,True
2025-11-29T15:56:50.528403,Marvel,7.273371369208513,True
2025-11-29T15:56:50.559911,Marvel,7.309924362049295,True
2025-11-29T15:56:50.583744,Marvel,7.347856817326941,True
2025-11-29T15:56:50.617234,Marvel,7.387084175596494,True
2025-11-29T15:56:50.648378,Marvel,7.4275313513758086,True
2025-11-29T15:56:50.672973,Marvel,7.46913125526094,True
2025-11-29T15:56:50.699772,Marvel,7.511823604200873,True
2025-11-29T15:56:50.724657,Marvel,7.555553953638704,True
2025-11-29T15:56:50.765869,Marvel,7.555553953638704,True
2025-11-29T15:56:50.797780,Marvel,7.555553953638704,True
2025-11-29T15:56:50.826789,Marvel,7.511823604200873,True
2025-11-29T15:56:50.864369,Marvel,7.46913125526094,True
2025-11-29T15:56:50.889740,Marvel,7.4275313513758086,True
2025-11-29T15:56:50.950524,Marvel,7.4275313513758086,True
2025-11-29T15:56:51.003207,Marvel,7.439208192471417,True
2025-11-29T15:56:51.028179,Marvel,7.439208192471417,True
2025-11-29T15:56:51.053368,Marvel,7.439208192471417,True
2025-11-29T15:56:51.081883,Marvel,7.4275313513758086,True
2025-11-29T15:56:51.108066,Marvel,7.418865602351269,True
2025-11-29T15:56:51.133176,Marvel,7.413130944656469,True
2025-11-29T15:56:51.168701,Marvel,7.497308367091461,True
2025-11-29T15:56:51.197727,Marvel,7.497308367091461,True
2025-11-29T15:56:51.232065,Marvel,7.531267399378813,True
2025-11-29T15:56:51.259281,Marvel,7.662127280004885,True
2025-11-29T15:56:51.285704,Marvel,7.662127280004885,True
2025-11-29T15:56:51.311630,Marvel,7.671326928370064,True
2025-11-29T15:56:51.344489,Marvel,7.722293509649889,True
2025-11-29T15:56:51.378743,Marvel,7.722293509649889,True
2025-11-29T15:56:51.423275,Marvel,7.790409879792033,True
2025-11-29T15:56:51.464379,Marvel,8.429610821797493,True
2025-11-29T15:56:51.490121,Marvel,8.4392521309989,True
2025-11-29T15:56:51.516707,Marvel,8.451421962870459,True
2025-11-29T15:56:51.549806,Marvel,8.451421962870459,True
2025-11-29T15:56:51.577790,Marvel,8.451421962870459,True
2025-11-29T15:56:51.611933,Marvel,9.685458307490764,True
2025-11-29T15:56:51.638264,Marvel,9.685458307490764,True
2025-11-29T15:56:51.662737,Marvel,9.674873414794032,True
2025-11-29T15:56:51.706185,Marvel,9.685458307490764,True
2025-11-29T15:56:51.742691,Marvel,9.674873414794032,True
2025-11-29T15:56:51.767852,Marvel,9.666707458683826,True
2025-11-29T15:56:51.793982,Marvel,9.062584156427947,True
2025-11-29T15:56:51.832322,Marvel,7.8620405123823955,True
2025-11-29T15:56:51.861047,Marvel,7.257917210126516,True
2025-11-29T15:56:51.886974,Marvel,7.252119315966332,True
2025-11-29T15:56:51.915345,Marvel,7.248654325295952,True
2025-11-29T15:56:51.941198,Marvel,7.247501597190134,True
2025-11-29T15:56:51.969393,Marvel,7.117794444669881,True
2025-11-29T15:56:51.997460,Marvel,7.033617022234889,True
2025-11-29T15:56:52.036132,Marvel,5.79514092291169,True
2025-11-29T15:56:52.080524,Marvel,5.730396472163034,True
2025-11-29T15:56:52.108967,Marvel,5.729101569171128,True
2025-11-29T15:56:52.140879,Marvel,5.730396472163034,True
2025-11-29T15:56:52.165815,Marvel,5.734290655101566,True
2025-11-29T15:56:52.189929,Marvel,5.7408129192371185,True
2025-11-29T15:56:52.222502,Marvel,5.7408129192371185,True
2025-11-29T15:56:52.247704,Marvel,5.672696549094974,True
2025-11-29T15:56:52.286526,Marvel,5.629264045347827,True
2025-11-29T15:56:52.322507,Marvel,5.510081005817365,True
2025-11-29T15:56:52.350860,Marvel,5.437239444097552,True
2025-11-29T15:56:52.389588,Marvel,5.38728885811403,True
2025-11-29T15:56:52.419760,Marvel,4.186745214068479,True
2025-11-29T15:56:52.448986,Marvel,4.097485237327539,True
2025-11-29T15:56:52.473045,Marvel,4.0525351731621,True
2025-11-29T15:56:52.503549,Marvel,4.005073031684932,True
2025-11-29T15:56:52.528009,Marvel,3.9730541124442853,True
2025-11-29T15:56:52.554461,Marvel,3.9442209323955337,True
2025-11-29T15:56:52.606524,Marvel,3.8997996418187855,True
2025-11-29T15:56:52.640605,Marvel,3.856531079347854,True
2025-11-29T15:56:52.665302,Marvel,3.8211454947027166,True
2025-11-29T15:56:52.707054,Marvel,3.7485893698576795,True
2025-11-29T15:56:52.736326,Marvel,3.7322741704772344,True
2025-11-29T15:56:52.760588,Marvel,3.6995629512608685,True
2025-11-29T15:56:52.792593,Marvel,3.6995629512608685,True
2025-11-29T15:56:52.816082,Marvel,3.6884849457944586,True
2025-11-29T15:56:52.846279,Marvel,3.6625418194043853,True
2025-11-29T15:56:52.882941,Marvel,3.6788570187848304,True
2025-11-29T15:56:52.908448,Marvel,3.707690198833581,True
2025-11-29T15:56:52.937947,Marvel,3.6945653405071015,True
2025-11-29T15:56:52.970794,Marvel,3.685948780260154,True
2025-11-29T15:56:53.028415,Marvel,3.681679028484809,True
2025-11-29T15:56:53.057412,Marvel,3.7338678010085253,True
2025-11-29T15:56:53.088794,Marvel,3.8087409279634876,True
2025-11-29T15:56:53.115565,Marvel,3.7736131985671184,True
2025-11-29T15:56:53.147386,Marvel,3.7736131985671184,True
2025-11-29T15:56:53.171622,Marvel,3.754448031044901,True
2025-11-29T15:56:53.197755,Marvel,3.7630645912918492,True
2025-11-29T15:56:53.223116,Marvel,3.776189449618329,True
2025-11-29T15:56:53.258496,Marvel,3.9005270661088485,True
2025-11-29T15:56:53.285116,Marvel,3.8898331065444314,True
2025-11-29T15:56:53.320476,Marvel,3.8898331065444314,True
2025-11-29T15:56:53.346841,Marvel,3.9005270661088485,True
2025-11-29T15:56:53.377937,Marvel,3.8898331065444314,True
2025-11-29T15:56:53.414806,Marvel,3.9005270661088485,True
2025-11-29T15:56:53.450353,Marvel,3.9279455455901227,True
2025-11-29T15:56:53.479951,Marvel,3.9305919154576685,True
2025-11-29T15:56:53.508347,Marvel,3.95378114439756,True
2025-11-29T15:56:53.536951,Marvel,3.95378114439756,True
2025-11-29T15:56:53.585470,Marvel,3.95378114439756,True
2025-11-29T15:56:53.612726,Marvel,3.914406764865161,True
2025-11-29T15:56:53.644930,Marvel,3.8978806962413026,True
2025-11-29T15:56:53.671732,Marvel,3.8978806962413026,True
2025-11-29T15:56:53.698219,Marvel,3.8978806962413026,True
2025-11-29T15:56:53.730473,Marvel,3.8978806962413026,True
2025-11-29T15:56:53.754546,Marvel,3.804778945875948,True
2025-11-29T15:56:53.805366,Marvel,3.804778945875948,True
2025-11-29T15:56:53.830936,Marvel,3.802132576008402,True
2025-11-29T15:56:53.855556,Marvel,3.7400004087865844,True
2025-11-29T15:56:53.888684,Marvel,3.714057282396512,True
2025-11-29T15:56:53.915810,Marvel,3.6870527253137197,True
2025-11-29T15:56:53.943031,Marvel,3.6687651112477733,True
2025-11-29T15:56:53.976244,Marvel,3.6887686009957683,True
2025-11-29T15:56:54.008824,Marvel,3.7207875202364153,True
2025-11-29T15:56:54.036710,Marvel,3.7604227530783607,True
2025-11-29T15:56:54.070461,Marvel,3.828537683751626,True
2025-11-29T15:56:54.126416,Marvel,3.7743173459927597,True
2025-11-29T15:56:54.155608,Marvel,3.8519262457413257,True
2025-11-29T15:56:54.183305,Marvel,5.049648503095262,True
2025-11-29T15:56:54.209808,Marvel,5.0255987791653025,True
2025-11-29T15:56:54.240072,Marvel,5.0255987791653025,True
2025-11-29T15:56:54.267041,Marvel,5.047002133227716,True
2025-11-29T15:56:54.292993,Marvel,5.0426428338983955,True
2025-11-29T15:56:54.318473,Marvel,5.063431383328411,True
2025-11-29T15:56:54.347665,Marvel,5.073083422392823,True
2025-11-29T15:56:54.376898,Marvel,5.080319654234819,True
2025-11-29T16:10:53.289282,Marvel,12.067733284429302,True
2025-11-29T16:10:53.315099,Marvel,12.067733284429302,True
2025-11-29T16:10:53.339256,Marvel,12.067733284429302,True
2025-11-29T16:10:53.372695,Marvel,12.067733284429302,True
2025-11-29T16:10:53.405252,Marvel,12.067733284429302,True
2025-11-29T16:10:53.431301,Marvel,12.067733284429302,True
2025-11-29T16:10:53.466340,Marvel,12.067733284429302,True
2025-11-29T16:10:53.490473,Marvel,12.067733284429302,True
2025-11-29T16:10:53.521150,Marvel,12.067733284429302,True
2025-11-29T16:10:53.548288,Marvel,12.067733284429302,True
2025-11-29T16:10:53.582431,Marvel,12.067733284429302,True
2025-11-29T16:10:53.609630,Marvel,12.067733284429302,True
2025-11-29T16:10:53.653287,Marvel,12.067733284429302,True
2025-11-29T16:10:53.678153,Marvel,12.067733284429302,True
2025-11-29T16:10:53.700843,Marvel,12.067733284429302,True
2025-11-29T16:10:53.738509,Marvel,12.067733284429302,True
2025-11-29T16:10:53.770621,Marvel,12.067733284429302,True
2025-11-29T16:10:53.793607,Marvel,12.067733284429302,True
2025-11-29T16:10:53.827547,Marvel,12.067733284429302,True
2025-11-29T16:10:53.861074,Marvel,12.067733284429302,True
2025-11-29T16:10:53.886370,Marvel,12.067733284429302,True
2025-11-29T16:10:53.940160,Marvel,12.067733284429302,True
2025-11-29T16:10:53.963060,Marvel,12.067733284429302,True
2025-11-29T16:10:53.991736,Marvel,12.067733284429302,True
2025-11-29T16:10:54.019498,Marvel,12.067733284429302,True
2025-11-29T16:10:54.049820,Marvel,12.067733284429302,True
2025-11-29T16:10:54.082229,Marvel,12.067733284429302,True
2025-11-29T16:10:54.116625,Marvel,12.067733284429302,True
2025-11-29T16:10:54.151554,Marvel,12.067733284429302,True
2025-11-29T16:10:54.182794,Marvel,12.067733284429302,True
2025-11-29T16:10:54.227319,Marvel,12.067733284429302,True
2025-11-29T16:10:54.259880,Marvel,12.067733284429302,True
2025-11-29T16:10:54.284820,Marvel,12.067733284429302,True
2025-11-29T16:10:54.308770,Marvel,12.067733284429302,True
2025-11-29T16:10:54.344852,Marvel,12.067733284429302,True
2025-11-29T16:10:54.381366,Marvel,12.067733284429302,True
2025-11-29T16:10:54.414225,Marvel,12.067733284429302,True
2025-11-29T16:10:54.456018,Marvel,12.067733284429302,True
2025-11-29T16:10:54.485420,Marvel,12.067733284429302,True
2025-11-29T16:10:54.517430,Marvel,12.067733284429302,True
2025-11-29T16:10:54.551193,Marvel,12.067733284429302,True
2025-11-29T16:10:54.585309,Marvel,12.067733284429302,True
2025-11-29T16:10:54.616563,Marvel,12.067733284429302,True
2025-11-29T16:10:54.653853,Marvel,12.067733284429302,True
2025-11-29T16:10:54.683189,Marvel,12.067733284429302,True
2025-11-29T16:10:54.716176,Marvel,12.067733284429302,True
2025-11-29T16:10:54.748102,Marvel,12.067733284429302,True
2025-11-29T16:10:54.792018,Marvel,12.067733284429302,True
2025-11-29T16:10:54.821006,Marvel,12.067733284429302,True
2025-11-29T16:10:54.855559,Marvel,12.067733284429302,True
2025-11-29T16:10:54.884480,Marvel,12.067733284429302,True
2025-11-29T16:10:54.908635,Marvel,12.067733284429302,True
2025-11-29T16:10:54.958209,Marvel,12.067733284429302,True
2025-11-29T16:10:54.985608,Marvel,12.067733284429302,True
2025-11-29T16:10:55.015732,Marvel,12.067733284429302,True
2025-11-29T16:10:55.050096,Marvel,12.067733284429302,True
2025-11-29T16:10:55.083086,Marvel,12.067733284429302,True
2025-11-29T16:10:55.106919,Marvel,12.067733284429302,True
2025-11-29T16:10:55.145606,Marvel,12.067733284429302,True
2025-11-29T16:10:55.171004,Marvel,12.067733284429302,True
2025-11-29T16:10:55.208191,Marvel,12.067733284429302,True
2025-11-29T16:10:55.260166,Marvel,12.067733284429302,True
2025-11-29T16:10:55.285689,Marvel,12.067733284429302,True
2025-11-29T16:10:55.331291,Marvel,12.067733284429302,True
2025-11-29T16:10:55.363788,Marvel,12.067733284429302,True
2025-11-29T16:10:55.387800,Marvel,12.067733284429302,True
2025-11-29T16:10:55.412775,Marvel,12.067733284429302,True
2025-11-29T16:10:55.452320,Marvel,12.067733284429302,True
2025-11-29T16:10:55.486269,Marvel,12.067733284429302,True
2025-11-29T16:10:55.515033,Marvel,12.067733284429302,True
2025-11-29T16:10:55.540230,Marvel,12.067733284429302,True
2025-11-29T16:10:55.577800,Marvel,12.067733284429302,True
2025-11-29T16:10:55.602156,Marvel,12.067733284429302,True
2025-11-29T16:10:55.642580,Marvel,12.067733284429302,True
2025-11-29T16:10:55.675064,Marvel,12.067733284429302,True
2025-11-29T16:10:58.451374,Marvel,12.067733284429302,True
2025-11-29T16:10:58.497403,Marvel,12.067733284429302,True
2025-11-29T16:10:58.526385,Marvel,12.007510097084385,True
2025-11-29T16:10:58.550471,Marvel,11.947744110740624,True
2025-11-29T16:10:58.593803,Marvel,11.888445894385473,True
2025-11-29T16:10:58.642394,Marvel,11.829626512177326,True
2025-11-29T16:10:58.674839,Marvel,11.771297558770904,True
2025-11-29T16:10:58.707554,Marvel,11.713471198058683,True
2025-11-29T16:10:58.737676,Marvel,11.65616020574862,True
2025-11-29T16:10:58.764626,Marvel,11.599378016261788,True
2025-11-29T16:10:58.789113,Marvel,11.543138774508053,True
2025-11-29T16:10:58.811939,Marvel,11.487457393186233,True
2025-11-29T16:10:58.847068,Marvel,11.432349616360057,True
2025-11-29T16:10:58.902235,Marvel,11.377832090186477,True
2025-11-29T16:10:58.926526,Marvel,11.323922441822983,True
2025-11-29T16:10:58.951470,Marvel,11.323922441822983,True
2025-11-29T16:10:58.982247,Marvel,11.323922441822983,True
2025-11-29T16:10:59.021530,Marvel,11.323922441822983,True
2025-11-29T16:10:59.044590,Marvel,11.323922441822983,True
2025-11-29T16:10:59.083460,Marvel,11.323922441822983,True
2025-11-29T16:10:59.126781,Marvel,11.323922441822983,True
2025-11-29T16:10:59.149929,Marvel,11.323922441822983,True
2025-11-29T16:10:59.178262,Marvel,11.323922441822983,True
2025-11-29T16:10:59.206369,Marvel,11.323922441822983,True
2025-11-29T16:10:59.235009,Marvel,11.323922441822983,True
2025-11-29T16:10:59.266524,Marvel,11.323922441822983,True
2025-11-29T16:10:59.302921,Marvel,11.323922441822983,True
2025-11-29T16:10:59.327413,Marvel,11.323922441822983,True
2025-11-29T16:10:59.368876,Marvel,11.323922441822983,True
2025-11-29T16:10:59.395231,Marvel,11.323922441822983,True
2025-11-29T16:10:59.419379,Marvel,11.323922441822983,True
2025-11-29T16:10:59.477004,Marvel,11.323922441822983,True
2025-11-29T16:10:59.506006,Marvel,11.270639367721307,True
2025-11-29T16:10:59.530446,Marvel,11.218002732733746,True
2025-11-29T16:10:59.568577,Marvel,11.16603368172446,True
2025-11-29T16:10:59.596072,Marvel,11.114754765703713,True
2025-11-29T16:10:59.643572,Marvel,11.064190084903563,True
2025-11-29T16:10:59.674924,Marvel,11.014365451709352,True
2025-11-29T16:10:59.701250,Marvel,10.965308576978963,True
2025-11-29T16:10:59.726400,Marvel,10.91704928405666,True
2025-11-29T16:10:59.766162,Marvel,10.869619755767287,True
2025-11-29T16:10:59.793949,Marvel,10.823054820923193,True
2025-11-29T16:10:59.817966,Marvel,10.823054820923193,True
2025-11-29T16:10:59.853311,Marvel,10.823054820923193,True
2025-11-29T16:10:59.889106,Marvel,10.823054820923193,True
2025-11-29T16:10:59.926551,Marvel,10.823054820923193,True
2025-11-29T16:10:59.959456,Marvel,10.823054820923193,True
2025-11-29T16:11:00.008329,Marvel,10.823054820923193,True
2025-11-29T16:11:00.034357,Marvel,10.823054820923193,True
2025-11-29T16:11:00.057432,Marvel,10.823054820923193,True
2025-11-29T16:11:00.107678,Marvel,10.823054820923193,True
2025-11-29T16:11:00.145642,Marvel,10.823054820923193,True
2025-11-29T16:11:00.171287,Marvel,10.869619755767287,True
2025-11-29T16:11:00.197068,Marvel,10.91704928405666,True
2025-11-29T16:11:00.222708,Marvel,10.965308576978963,True
2025-11-29T16:11:00.268100,Marvel,9.76476493293341,True
2025-11-29T16:11:00.302364,Marvel,9.160641630677532,True
2025-11-29T16:11:00.329375,Marvel,9.071381653936593,True
2025-11-29T16:11:00.383411,Marvel,9.026431589771153,True
2025-11-29T16:11:00.409275,Marvel,9.002134314801811,True
2025-11-29T16:11:00.436211,Marvel,9.0511911895322,True
2025-11-29T16:11:00.460992,Marvel,9.101015822726414,True
2025-11-29T16:11:00.490518,Marvel,9.151580503526562,True
2025-11-29T16:11:00.523779,Marvel,9.20285941954731,True
2025-11-29T16:11:00.571381,Marvel,9.254828470556596,True
2025-11-29T16:11:00.603948,Marvel,9.254828470556596,True
2025-11-29T16:11:00.634767,Marvel,9.254828470556596,True
2025-11-29T16:11:00.659425,Marvel,9.254828470556596,True
2025-11-29T16:11:00.688161,Marvel,9.191208342554937,True
2025-11-29T16:11:00.716039,Marvel,9.137108039842573,True
2025-11-29T16:11:00.752443,Marvel,9.051919689475033,True
2025-11-29T16:11:00.779050,Marvel,8.994858824438827,True
2025-11-29T16:11:00.820051,Marvel,7.745258305662884,True
2025-11-29T16:11:00.848311,Marvel,6.496455368695029,True
2025-11-29T16:11:00.874639,Marvel,5.844902538149778,True
2025-11-29T16:11:00.914336,Marvel,5.709077626564745,True
2025-11-29T16:11:00.951177,Marvel,5.6184650299529935,True
2025-11-29T16:11:00.981748,Marvel,5.539122411434614,True
2025-11-29T16:11:01.006447,Marvel,5.488155830154789,True
2025-11-29T16:11:01.053643,Marvel,5.421166206245514,True
2025-11-29T16:11:01.082530,Marvel,5.36791522536801,True
2025-11-29T16:11:01.114626,Marvel,5.333956193080657,True
2025-11-29T16:11:01.141058,Marvel,5.34929415095326,True
2025-11-29T16:11:01.170535,Marvel,5.346472764261644,True
2025-11-29T16:11:01.214983,Marvel,5.350314537886058,True
2025-11-29T16:11:01.245383,Marvel,5.359449051245566,True
2025-11-29T16:11:01.278674,Marvel,5.381215405623616,True
2025-11-29T16:11:01.324066,Marvel,5.394709218312443,True
2025-11-29T16:11:01.364742,Marvel,5.411891321368822,True
2025-11-29T16:11:01.392783,Marvel,5.432259163617096,True
2025-11-29T16:11:01.421537,Marvel,5.459031567901373,True
2025-11-29T16:11:01.465610,Marvel,5.4821964344091985,True
2025-11-29T16:11:01.497226,Marvel,5.353709099398707,True
2025-11-29T16:11:01.539513,Marvel,5.270826579955622,True
2025-11-29T16:11:01.572885,Marvel,5.209976312145497,True
2025-11-29T16:11:01.609259,Marvel,5.200551983410096,True
2025-11-29T16:11:01.640025,Marvel,5.15540820584297,True
2025-11-29T16:11:01.677648,Marvel,5.120805392396579,True
2025-11-29T16:11:01.703771,Marvel,5.094724103231471,True
2025-11-29T16:11:01.736101,Marvel,5.075967119036604,True
2025-11-29T16:11:01.762428,Marvel,5.063807620711253,True
2025-11-29T16:11:01.790108,Marvel,5.0578248572598055,True
2025-11-29T16:11:01.835347,Marvel,5.0578248572598055,True
2025-11-29T16:11:01.861991,Marvel,5.063807620711253,True
2025-11-29T16:11:01.891457,Marvel,5.075967119036604,True
2025-11-29T16:11:01.929917,Marvel,5.1066800032825945,True
2025-11-29T16:11:01.959176,Marvel,5.141807732678964,True
2025-11-29T16:11:01.984598,Marvel,5.18338187246086,True
2025-11-29T16:11:02.012678,Marvel,5.239460574184976,True
2025-11-29T16:11:02.038609,Marvel,5.317903338925168,True
2025-11-29T16:11:02.074345,Marvel,5.3438464653152415,True
2025-11-29T16:11:02.111474,Marvel,5.376557684531608,True
2025-11-29T16:11:02.138162,Marvel,5.417311526500872,True
2025-11-29T16:11:02.163130,Marvel,5.458885666282767,True
2025-11-29T16:11:02.209883,Marvel,5.522410299521663,True
2025-11-29T16:11:02.238410,Marvel,5.607807539466416,True
2025-11-29T16:11:02.263820,Marvel,5.738667420092487,True
2025-11-29T16:11:02.297154,Marvel,6.981903413077972,True
2025-11-29T16:11:02.325781,Marvel,7.102944816573685,True
2025-11-29T16:11:02.351811,Marvel,8.33698116119399,True
2025-11-29T16:11:02.378628,Marvel,8.406682470510962,True
2025-11-29T16:11:02.417359,Marvel,9.054536122204672,True
2025-11-29T16:11:02.442696,Marvel,9.041658017538989,True
2025-11-29T16:11:02.470729,Marvel,9.05031072722724,True
2025-11-29T16:11:02.498385,Marvel,9.054536122204672,True
2025-11-29T16:11:02.525806,Marvel,9.06417743140608,True
2025-11-29T16:11:02.551306,Marvel,9.06417743140608,True
2025-11-29T16:11:02.579572,Marvel,9.083067559568114,True
2025-11-29T16:11:02.607754,Marvel,9.096378844939645,True
2025-11-29T16:11:02.634152,Marvel,9.096378844939645,True
2025-11-29T16:11:02.659497,Marvel,9.083067559568114,True
2025-11-29T16:11:02.692776,Marvel,9.096378844939645,True
2025-11-29T16:11:02.721193,Marvel,9.127605821911137,True
2025-11-29T16:11:02.770873,Marvel,9.127605821911137,True
2025-11-29T16:11:02.797286,Marvel,9.127605821911137,True
2025-11-29T16:11:02.827067,Marvel,9.127605821911137,True
2025-11-29T16:11:02.853915,Marvel,9.127605821911137,True
2025-11-29T16:11:02.894463,Marvel,9.10786614003416,True
2025-11-29T16:11:02.918929,Marvel,9.096139793837455,True
2025-11-29T16:11:02.947319,Marvel,9.091130771366958,True
2025-11-29T16:11:02.971775,Marvel,9.096139793837455,True
2025-11-29T16:11:03.008090,Marvel,9.091130771366958,True
2025-11-29T16:11:03.042914,Marvel,9.075418081295012,True
2025-11-29T16:11:03.067909,Marvel,9.064040719010867,True
2025-11-29T16:11:03.101463,Marvel,9.051103196814653,True
2025-11-29T16:11:03.126762,Marvel,9.051103196814653,True
2025-11-29T16:11:03.162959,Marvel,9.040865547951576,True
2025-11-29T16:11:03.192161,Marvel,9.033250838761223,True
2025-11-29T16:11:03.230158,Marvel,9.033250838761223,True
2025-11-29T16:11:03.254209,Marvel,9.033250838761223,True
2025-11-29T16:11:03.290718,Marvel,9.033250838761223,True
2025-11-29T16:11:03.322829,Marvel,9.033250838761223,True
2025-11-29T16:11:03.355841,Marvel,7.791107290830539,True
2025-11-29T16:11:03.379945,Marvel,7.146536812795346,True
2025-11-29T16:11:03.429513,Marvel,5.906765810480241,True
2025-11-29T16:11:03.454160,Marvel,5.7824281939897215,True
2025-11-29T16:11:03.484913,Marvel,5.699545674546636,True
2025-11-29T16:11:03.531551,Marvel,5.638695406736512,True
2025-11-29T16:11:03.565166,Marvel,5.591966689994559,True
2025-11-29T16:11:03.591460,Marvel,4.357930345374252,True
2025-11-29T16:11:03.636612,Marvel,4.236888941878539,True
2025-11-29T16:11:03.662289,Marvel,4.162015814923578,True
2025-11-29T16:11:03.688447,Marvel,4.1098270423998615,True
2025-11-29T16:11:03.747592,Marvel,4.064683264832735,True
2025-11-29T16:11:03.782811,Marvel,4.036208567126939,True
2025-11-29T16:11:03.853147,Marvel,4.016885474243528,True
2025-11-29T16:11:03.883027,Marvel,4.0056521453547616,True
2025-11-29T16:11:03.948919,Marvel,4.001963854987211,True
2025-11-29T16:11:04.031385,Marvel,3.987364531288815,True
2025-11-29T16:11:04.055806,Marvel,3.977809310747566,True
2025-11-29T16:11:04.087406,Marvel,3.973082679701018,True
2025-11-29T16:11:04.127943,Marvel,3.985242178026369,True
2025-11-29T16:11:04.186713,Marvel,3.9788485054185765,True
2025-11-29T16:11:04.217063,Marvel,3.999637054848592,True
2025-11-29T16:11:04.243254,Marvel,4.0057651705891875,True
2025-11-29T16:11:04.274133,Marvel,4.0354160975395255,True
2025-11-29T16:11:04.300259,Marvel,4.04732887078128,True
2025-11-29T16:11:04.357783,Marvel,4.086703250313679,True
2025-11-29T16:11:04.384881,Marvel,4.104267863343051,True
2025-11-29T16:11:04.411130,Marvel,4.126313118556226,True
2025-11-29T16:11:04.438239,Marvel,4.135908049563391,True
2025-11-29T16:11:04.468090,Marvel,4.164014140759695,True
2025-11-29T16:11:04.494133,Marvel,4.218357566692001,True
2025-11-29T16:11:04.520368,Marvel,4.2529534027703235,True
2025-11-29T16:11:04.546895,Marvel,4.293830578096896,True
2025-11-29T16:11:04.572677,Marvel,4.342314497234826,True
2025-11-29T16:11:04.597322,Marvel,4.362107027794645,True
2025-11-29T16:11:04.624800,Marvel,4.387770201705965,True
2025-11-29T16:11:04.650390,Marvel,4.420691536755665,True
2025-11-29T16:11:04.675664,Marvel,4.4632602679940945,True
2025-11-29T16:11:04.699266,Marvel,4.524735978180678,True
2025-11-29T16:11:04.724339,Marvel,4.582536890822823,True
2025-11-29T16:11:04.748317,Marvel,4.668439476410962,True
2025-11-29T16:11:04.774677,Marvel,5.324531829676126,True
2025-11-29T16:11:04.797454,Marvel,5.401465739633029,True
2025-11-29T16:11:04.821562,Marvel,5.499698877900144,True
2025-11-29T16:11:04.845492,Marvel,5.642868503004577,True
2025-11-29T16:11:04.869070,Marvel,6.897929673223708,True
2025-11-29T16:11:04.892284,Marvel,6.977334725019228,True
2025-11-29T16:11:04.917233,Marvel,7.077966170506485,True
2025-11-29T16:11:04.940995,Marvel,7.223465389001159,True
2025-11-29T16:11:04.964788,Marvel,8.480791222533545,True
2025-11-29T16:11:04.989266,Marvel,9.738645858889159,True
2025-11-29T16:11:05.012708,Marvel,10.400595521857259,True
2025-11-29T16:11:05.035893,Marvel,10.470575552256053,True
2025-11-29T16:11:05.060337,Marvel,10.553692209433544,True
2025-11-29T16:11:05.083663,Marvel,10.657940489954132,True
2025-11-29T16:11:05.107767,Marvel,10.806966453038832,True
2025-11-29T16:11:05.130887,Marvel,12.067733284429302,True
2025-11-29T16:11:05.154471,Marvel,12.067733284429302,True
2025-11-29T16:11:05.177468,Marvel,12.067733284429302,True
2025-11-29T16:11:05.201170,Marvel,12.067733284429302,True
2025-11-29T16:11:05.224145,Marvel,12.067733284429302,True
2025-11-29T16:11:05.246733,Marvel,12.067733284429302,True
2025-11-29T16:11:05.271739,Marvel,12.067733284429302,True
2025-11-29T16:24:02.110310,Marvel,3.812916610133483,True
2025-11-29T16:24:02.155006,Marvel,3.812916610133483,True
2025-11-29T16:24:02.194613,Marvel,3.8129166101334833,True
2025-11-29T16:24:02.239455,Marvel,3.817738119156766,True
2025-11-29T16:24:02.278942,Marvel,3.827486849317996,True
2025-11-29T16:24:02.315852,Marvel,3.867520640509739,True
2025-11-29T16:24:02.370811,Marvel,3.9377395765964676,True
2025-11-29T16:24:02.411052,Marvel,4.612930056230454,True
2025-11-29T16:24:02.445956,Marvel,4.632678102591235,True
2025-11-29T16:24:02.478674,Marvel,4.657605640336444,True
2025-11-29T16:24:02.518016,Marvel,4.688321582514542,True
2025-11-29T16:24:02.556326,Marvel,4.72571838661203,True
2025-11-29T16:24:02.590681,Marvel,4.771153425675714,True
2025-11-29T16:24:02.625008,Marvel,4.826824674673427,True
2025-11-29T16:24:02.660043,Marvel,4.896667446712449,True
2025-11-29T16:24:02.694605,Marvel,4.989029433321191,True
2025-11-29T16:24:02.728956,Marvel,5.0979036576766665,True
2025-11-29T16:24:02.763951,Marvel,6.416652032547978,True
2025-11-29T16:24:02.798479,Marvel,6.446474999471382,True
2025-11-29T16:24:02.832286,Marvel,6.469972360571786,True
2025-11-29T16:24:02.866710,Marvel,6.504495667480269,True
2025-11-29T16:24:02.902208,Marvel,6.542640528291722,True
2025-11-29T16:24:02.941871,Marvel,6.573784359844172,True
2025-11-29T16:24:02.977201,Marvel,6.634247702122261,True
2025-11-29T16:24:03.013113,Marvel,6.686419705303228,True
2025-11-29T16:24:03.049971,Marvel,6.708670303254907,True
2025-11-29T16:24:03.086100,Marvel,6.782697677267182,True
2025-11-29T16:24:03.124511,Marvel,6.826346525592731,True
2025-11-29T16:24:03.161690,Marvel,7.462717661557916,True
2025-11-29T16:24:03.196569,Marvel,7.559464859904372,True
2025-11-29T16:24:03.230575,Marvel,7.695647738734792,True
2025-11-29T16:24:03.265520,Marvel,9.012941458105274,True
2025-11-29T16:24:03.299624,Marvel,9.062944722344426,True
2025-11-29T16:24:03.338364,Marvel,9.125827747626595,True
2025-11-29T16:24:03.373570,Marvel,9.199831092295218,True
2025-11-29T16:24:03.413010,Marvel,9.20257875055627,True
2025-11-29T16:24:03.452276,Marvel,9.125827747626595,True
2025-11-29T16:24:03.486793,Marvel,9.062944722344426,True
2025-11-29T16:24:03.522771,Marvel,9.062944722344426,True
2025-11-29T16:24:03.560081,Marvel,9.009966962878515,True
2025-11-29T16:24:03.594741,Marvel,9.009966962878515,True
2025-11-29T16:24:03.630823,Marvel,9.009966962878515,True
2025-11-29T16:24:03.666701,Marvel,9.009966962878515,True
2025-11-29T16:24:03.702573,Marvel,9.061719709595458,True
2025-11-29T16:24:03.736593,Marvel,9.00954770641449,True
2025-11-29T16:24:03.771944,Marvel,8.96508451527883,True
2025-11-29T16:24:03.806585,Marvel,8.96799046957058,True
2025-11-29T16:24:03.840348,Marvel,8.973304353307325,True
2025-11-29T16:24:03.874274,Marvel,8.980966493724122,True
2025-11-29T16:24:03.908199,Marvel,8.94568897089503,True
2025-11-29T16:24:03.942520,Marvel,8.94568897089503,True
2025-11-29T16:24:03.976850,Marvel,8.94568897089503,True
2025-11-29T16:24:04.011623,Marvel,8.915937321252475,True
2025-11-29T16:24:04.045527,Marvel,8.928061853246513,True
2025-11-29T16:24:04.079831,Marvel,8.904364129788116,True
2025-11-29T16:24:04.116603,Marvel,8.22496240038658,True
2025-11-29T16:24:04.149977,Marvel,8.207074133787968,True
2025-11-29T16:24:04.186363,Marvel,8.193443771015898,True
2025-11-29T16:24:04.220776,Marvel,8.183851175414073,True
2025-11-29T16:24:04.255112,Marvel,8.178150830111802,True
2025-11-29T16:24:04.288998,Marvel,8.176259713570452,True
2025-11-29T16:24:04.323758,Marvel,8.178150830111802,True
2025-11-29T16:24:04.359384,Marvel,8.183851175414073,True
2025-11-29T16:24:04.396525,Marvel,8.193443771015898,True
2025-11-29T16:24:04.430822,Marvel,8.207074133787968,True
2025-11-29T16:24:04.464103,Marvel,8.22496240038658,True
2025-11-29T16:24:04.498569,Marvel,8.210433422765208,True
2025-11-29T16:24:04.537492,Marvel,8.234131146223605,True
2025-11-29T16:24:04.570449,Marvel,8.223311497142294,True
2025-11-29T16:24:04.604279,Marvel,8.13544057858084,True
2025-11-29T16:24:04.639617,Marvel,8.128616509191927,True
2025-11-29T16:24:04.674031,Marvel,8.159418935949283,True
2025-11-29T16:24:04.708353,Marvel,8.156258736960538,True
2025-11-29T16:24:04.742770,Marvel,8.193491102110885,True
2025-11-29T16:24:04.777789,Marvel,8.237080315063332,True
2025-11-29T16:24:04.811706,Marvel,8.237080315063332,True
2025-11-29T16:24:04.847283,Marvel,8.237080315063332,True
2025-11-29T16:24:04.881398,Marvel,8.237080315063332,True
2025-11-29T16:24:04.914973,Marvel,8.237080315063332,True
2025-11-29T16:24:04.949640,Marvel,6.96787895660062,True
2025-11-29T16:24:04.983212,Marvel,6.281504556396284,True
2025-11-29T16:24:05.018262,Marvel,6.238786674298767,True
2025-11-29T16:24:05.052144,Marvel,6.198172935090907,True
2025-11-29T16:24:05.086055,Marvel,4.938101428653365,True
2025-11-29T16:24:05.120596,Marvel,4.804257919515509,True
2025-11-29T16:24:05.155154,Marvel,4.831882996277443,True
2025-11-29T16:24:05.189948,Marvel,4.737654045327194,True
2025-11-29T16:24:05.225782,Marvel,4.655097010502483,True
2025-11-29T16:24:05.260103,Marvel,4.704240928193281,True
2025-11-29T16:24:05.293235,Marvel,4.633397782513403,True
2025-11-29T16:24:05.329134,Marvel,4.5878155009046555,True
2025-11-29T16:24:05.363709,Marvel,4.668880309691794,True
2025-11-29T16:24:05.402246,Marvel,4.63624065783234,True
2025-11-29T16:24:05.438077,Marvel,4.6113098261116106,True
2025-11-29T16:24:05.481005,Marvel,4.563717652024268,True
2025-11-29T16:24:05.517769,Marvel,4.522550733861979,True
2025-11-29T16:24:05.554484,Marvel,4.499053372761576,True
2025-11-29T16:24:05.591919,Marvel,4.479169810661009,True
2025-11-29T16:24:05.628296,Marvel,4.472804898376094,True
2025-11-29T16:24:05.667711,Marvel,4.4327443381226646,True
2025-11-29T16:24:05.703509,Marvel,5.70732017539563,True
2025-11-29T16:24:05.742825,Marvel,5.7031021790181295,True
2025-11-29T16:24:05.779713,Marvel,5.664209554613636,True
2025-11-29T16:24:05.818225,Marvel,5.685564227956206,True
2025-11-29T16:24:05.857440,Marvel,5.647908113330109,True
2025-11-29T16:24:05.895804,Marvel,5.686292610556476,True
2025-11-29T16:24:05.935059,Marvel,5.649949804291538,True
2025-11-29T16:24:05.973271,Marvel,5.61500685698466,True
2025-11-29T16:24:06.010944,Marvel,5.5815619921261135,True
2025-11-29T16:24:08.572699,Marvel,5.54972755326575,True
2025-11-29T16:24:08.611002,Marvel,5.5196331668968455,True
2025-11-29T16:24:08.649696,Marvel,5.49142989706929,True
2025-11-29T16:24:08.687856,Marvel,5.4652958035112,True
2025-11-29T16:24:08.725600,Marvel,5.4414435342544785,True
2025-11-29T16:24:08.762816,Marvel,5.4201309497196695,True
2025-11-29T16:24:08.799276,Marvel,5.401676410053344,True
2025-11-29T16:24:08.838108,Marvel,5.386481509107249,True
2025-11-29T16:24:08.878766,Marvel,5.375066240587517,True
2025-11-29T16:24:08.917782,Marvel,5.368126068139519,True
2025-11-29T16:24:08.954524,Marvel,6.009871682914959,True
2025-11-29T16:24:08.990981,Marvel,6.008375862607954,True
2025-11-29T16:24:09.029884,Marvel,6.013750341418209,True
2025-11-29T16:24:09.068123,Marvel,6.028254672253633,True
2025-11-29T16:24:09.105596,Marvel,6.071074649961661,True
2025-11-29T16:24:09.143560,Marvel,6.12021856765246,True
2025-11-29T16:24:09.182441,Marvel,6.234242246941347,True
2025-11-29T16:24:09.218357,Marvel,6.285931828900626,True
2025-11-29T16:24:09.259448,Marvel,6.927677443676066,True
2025-11-29T16:24:09.294818,Marvel,8.20225328094903,True
2025-11-29T16:24:09.331439,Marvel,9.476829118221996,True
2025-11-29T16:24:09.369003,Marvel,8.188948196216117,True
2025-11-29T16:24:09.405830,Marvel,8.093379056593555,True
2025-11-29T16:24:09.442788,Marvel,6.818803219320591,True
2025-11-29T16:24:09.481129,Marvel,5.525772842381299,True
2025-11-29T16:24:09.517849,Marvel,5.415008801812643,True
2025-11-29T16:24:09.556314,Marvel,5.365864884121844,True
2025-11-29T16:24:09.595455,Marvel,4.712704000826674,True
2025-11-29T16:24:09.631345,Marvel,4.680860927687238,True
2025-11-29T16:24:09.669483,Marvel,4.666356596851815,True
2025-11-29T16:24:09.706936,Marvel,4.5638472847812555,True
2025-11-29T16:24:09.744964,Marvel,4.524642771913296,True
2025-11-29T16:24:09.780718,Marvel,3.8814013368308524,True
2025-11-29T16:24:09.820502,Marvel,3.8537762600689183,True
2025-11-29T16:24:09.858449,Marvel,3.8776564264598608,True
2025-11-29T16:24:09.896390,Marvel,3.8446464080437486,True
2025-11-29T16:24:09.933820,Marvel,3.83470700322091,True
2025-11-29T16:24:09.972496,Marvel,3.8438368552460793,True
2025-11-29T16:24:10.009658,Marvel,3.8453326755530832,True
2025-11-29T16:24:10.046022,Marvel,3.8675832735047635,True
2025-11-29T16:24:10.083802,Marvel,3.8690790938117674,True
2025-11-29T16:24:10.120349,Marvel,3.8760192662597657,True
2025-11-29T16:24:10.159047,Marvel,3.8874345347794974,True
2025-11-29T16:24:10.195791,Marvel,3.8943747072274957,True
2025-11-29T16:24:10.233453,Marvel,3.954933893438025,True
2025-11-29T16:24:10.271796,Marvel,3.9701287943841206,True
2025-11-29T16:24:10.309247,Marvel,3.9885833340504457,True
2025-11-29T16:24:10.346391,Marvel,4.003778234996542,True
2025-11-29T16:24:10.384165,Marvel,3.3620326202211017,True
2025-11-29T16:24:10.420877,Marvel,3.3804871598874273,True
2025-11-29T16:24:10.459205,Marvel,3.401799744422236,True
2025-11-29T16:24:10.495719,Marvel,3.4231123289570444,True
2025-11-29T16:24:10.533971,Marvel,3.4469645982137656,True
2025-11-29T16:24:10.569748,Marvel,3.473098691771857,True
2025-11-29T16:24:10.608310,Marvel,3.477316688149358,True
2025-11-29T16:24:10.645794,Marvel,3.5055199579769134,True
2025-11-29T16:24:10.683498,Marvel,3.535614344345818,True
2025-11-29T16:24:10.718801,Marvel,3.5489194290787314,True
2025-11-29T16:24:10.758037,Marvel,3.4997755113879334,True
2025-11-29T16:24:10.795193,Marvel,3.4721504346259993,True
2025-11-29T16:24:10.830857,Marvel,3.4576461037905757,True
2025-11-29T16:24:10.868923,Marvel,3.452271624980322,True
2025-11-29T16:24:10.905159,Marvel,3.4537674452873253,True
2025-11-29T16:24:10.939020,Marvel,3.4607076177353235,True
2025-11-29T16:24:10.972813,Marvel,3.567692025877617,True
2025-11-29T16:24:11.007546,Marvel,3.5828869268237122,True
2025-11-29T16:24:11.042011,Marvel,4.819078266870312,True
2025-11-29T16:24:11.078996,Marvel,4.8759173037630035,True
2025-11-29T16:24:11.112913,Marvel,4.897229888297812,True
2025-11-29T16:24:11.147856,Marvel,4.921082157554533,True
2025-11-29T16:24:11.181138,Marvel,4.947216251112625,True
2025-11-29T16:24:11.216360,Marvel,4.947216251112625,True
2025-11-29T16:24:11.250202,Marvel,4.947216251112625,True
2025-11-29T16:24:11.283222,Marvel,4.945325134571275,True
2025-11-29T16:24:11.317576,Marvel,4.954106936405371,True
2025-11-29T16:24:11.354202,Marvel,4.967486835599409,True
2025-11-29T16:24:11.392583,Marvel,4.913907437426948,True
2025-11-29T16:24:11.425224,Marvel,5.589097917060933,True
2025-11-29T16:24:11.459482,Marvel,5.612625595848078,True
2025-11-29T16:24:11.495323,Marvel,5.642028229665019,True
2025-11-29T16:24:11.528683,Marvel,5.651481074463561,True
2025-11-29T16:24:11.562929,Marvel,5.664239605309962,True
2025-11-29T16:24:11.596740,Marvel,5.64099511575421,True
2025-11-29T16:24:11.632688,Marvel,5.657203406750918,True
2025-11-29T16:24:11.670380,Marvel,5.6770577403784,True
2025-11-29T16:24:11.703636,Marvel,5.715057439277986,True
2025-11-29T16:24:11.739585,Marvel,5.729214840478326,True
2025-11-29T16:24:11.777441,Marvel,5.724065385544915,True
2025-11-29T16:24:11.814104,Marvel,5.728754046699386,True
2025-11-29T16:24:11.849166,Marvel,5.752251407799788,True
2025-11-29T16:24:11.884581,Marvel,5.786774714708272,True
2025-11-29T16:24:11.917221,Marvel,5.844497114461639,True
2025-11-29T16:24:11.954154,Marvel,5.916294728821919,True
2025-11-29T16:24:11.986234,Marvel,5.894940055479349,True
2025-11-29T16:24:12.021069,Marvel,5.894940055479349,True
2025-11-29T16:24:12.055358,Marvel,5.892217879408852,True
2025-11-29T16:24:12.090070,Marvel,5.90402714383476,True
2025-11-29T16:24:12.124702,Marvel,5.973054623626126,True
2025-11-29T16:24:12.158809,Marvel,6.659885271661016,True
2025-11-29T16:24:12.193084,Marvel,6.8014134227262435,True
2025-11-29T16:24:12.227342,Marvel,8.122786784369922,True
2025-11-29T16:24:12.262510,Marvel,8.153154444587582,True
2025-11-29T16:24:12.296060,Marvel,8.215262056078661,True
2025-11-29T16:24:12.329928,Marvel,8.272035960938826,True
2025-11-29T16:24:12.363856,Marvel,8.272035960938826,True
2025-11-29T16:24:12.399091,Marvel,7.6794342638541835,True
2025-11-29T16:24:12.437714,Marvel,6.500427566203781,True
2025-11-29T16:24:12.472904,Marvel,6.37570959848299,True
2025-11-29T16:24:12.507331,Marvel,6.232537178204771,True
2025-11-29T16:24:12.545113,Marvel,6.13659573614326,True
2025-11-29T16:24:12.578123,Marvel,6.06301164793866,True
2025-11-29T16:24:12.611300,Marvel,6.003422283843786,True
2025-11-29T16:24:12.647083,Marvel,5.988398574343671,True
2025-11-29T16:24:12.682618,Marvel,5.977820157285182,True
2025-11-29T16:24:12.718493,Marvel,5.9712453387940005,True
2025-11-29T16:24:12.753623,Marvel,5.968352790147007,True
2025-11-29T16:24:12.788058,Marvel,5.979817701256636,True
2025-11-29T16:24:12.824406,Marvel,5.982475023100724,True
2025-11-29T16:24:12.858120,Marvel,5.988211184125127,True
2025-11-29T16:24:12.891423,Marvel,5.99693333740572,True
2025-11-29T16:24:12.926481,Marvel,6.008581518691983,True
2025-11-29T16:24:12.961249,Marvel,5.968264092574852,True
2025-11-29T16:24:12.995413,Marvel,5.984305649051395,True
2025-11-29T16:24:13.029812,Marvel,5.953967030498035,True
2025-11-29T16:24:13.066095,Marvel,5.9747528534638725,True
2025-11-29T16:24:13.099570,Marvel,5.953489756084316,True
2025-11-29T16:24:13.133769,Marvel,5.93991184319664,True
2025-11-29T16:24:13.167757,Marvel,5.965962841886018,True
2025-11-29T16:24:13.202438,Marvel,5.957305473575392,True
2025-11-29T16:24:13.236268,Marvel,5.954447428706908,True
2025-11-29T16:24:13.270853,Marvel,5.957305473575392,True
2025-11-29T16:24:13.306079,Marvel,5.965962841886018,True
2025-11-29T16:24:13.341669,Marvel,5.896935362094652,True
2025-11-29T16:24:13.374392,Marvel,5.8578950168129875,True
2025-11-29T16:24:13.407561,Marvel,5.836450513529565,True
2025-11-29T16:24:13.442448,Marvel,5.829580214412308,True
2025-11-29T16:24:13.475105,Marvel,5.817770949986398,True
2025-11-29T16:24:13.510796,Marvel,5.8204931260568955,True
2025-11-29T16:24:13.544691,Marvel,5.841847799399465,True
2025-11-29T16:24:13.577576,Marvel,5.895427197571927,True
2025-11-29T16:24:13.613243,Marvel,6.555627352013692,True
2025-11-29T16:24:13.646454,Marvel,6.582314415358754,True
2025-11-29T16:24:13.682958,Marvel,5.955073131418738,True
2025-11-29T16:24:13.715640,Marvel,5.926740308427991,True
2025-11-29T16:24:13.751849,Marvel,5.9290221327293615,True
2025-11-29T16:24:13.784852,Marvel,5.906345193222174,True
2025-11-29T16:24:13.817965,Marvel,5.88695315825599,True
2025-11-29T16:24:13.852095,Marvel,5.870796609565151,True
2025-11-29T16:24:13.887632,Marvel,5.931866551185632,True
2025-11-29T16:24:13.921309,Marvel,6.015953416183308,True
2025-11-29T16:24:13.955733,Marvel,6.147865362070808,True
2025-11-29T16:24:13.992815,Marvel,6.063102596937753,True
2025-11-29T16:24:14.028442,Marvel,7.375334548836815,True
2025-11-29T16:24:14.064057,Marvel,7.320766358585079,True
2025-11-29T16:24:14.099728,Marvel,7.282266472865063,True
2025-11-29T16:24:14.136004,Marvel,6.649436250367538,True
2025-11-29T16:24:14.169063,Marvel,6.516210996118879,True
2025-11-29T16:24:14.202924,Marvel,6.493173274586853,True
2025-11-29T16:24:14.237442,Marvel,6.422716772361246,True
2025-11-29T16:24:14.273200,Marvel,6.424145794795489,True
2025-11-29T16:24:14.306614,Marvel,6.4339440752568,True
2025-11-29T16:24:14.343921,Marvel,6.394903729975134,True
2025-11-29T16:24:14.376736,Marvel,6.339785659931852,True
2025-11-29T16:24:14.411214,Marvel,6.296136811606303,True
2025-11-29T16:24:14.449210,Marvel,6.289642762918623,True
2025-11-29T16:24:14.482150,Marvel,6.258498931366173,True
2025-11-29T16:24:14.519878,Marvel,6.236290275715941,True
2025-11-29T16:24:14.553671,Marvel,6.222712362828267,True
2025-11-29T16:24:14.588257,Marvel,6.218023701673795,True
2025-11-29T16:24:14.625328,Marvel,6.223173156607208,True
2025-11-29T16:24:14.660805,Marvel,6.251594812089161,True
2025-11-29T16:24:14.695975,Marvel,6.265967224175972,True
2025-11-29T16:24:14.729284,Marvel,6.311549505784718,True
2025-11-29T16:24:14.764090,Marvel,6.34832805499301,True
2025-11-29T16:24:14.798569,Marvel,6.410564821476097,True
2025-11-29T16:24:14.831590,Marvel,6.442073393844442,True
2025-11-29T16:24:14.868314,Marvel,6.484780994507421,True
2025-11-29T16:24:14.901001,Marvel,7.156620995651766,True
2025-11-29T16:24:14.933644,Marvel,7.216080511274063,True
2025-11-29T16:24:14.968665,Marvel,7.30583816817272,True
2025-11-29T16:24:15.001951,Marvel,7.444125189892798,True
2025-11-29T16:24:15.035177,Marvel,8.755043833430701,True
2025-11-29T16:24:15.068272,Marvel,8.755043833430701,True
2025-11-29T16:24:15.101756,Marvel,8.755043833430701,True
2025-11-29T16:24:15.135948,Marvel,8.76332981259466,True
2025-11-29T16:24:15.170717,Marvel,8.76332981259466,True
2025-11-29T16:24:15.205866,Marvel,8.774765133194473,True
2025-11-29T16:24:15.241170,Marvel,8.774765133194473,True
2025-11-29T16:24:15.276727,Marvel,8.789311255887128,True
2025-11-29T16:24:15.308774,Marvel,8.806963238361854,True
2025-11-29T16:24:15.343544,Marvel,8.810313716851494,True
2025-11-29T16:24:15.377800,Marvel,8.817053394330816,True
2025-11-29T16:24:15.413701,Marvel,8.817053394330816,True
2025-11-29T16:24:15.446586,Marvel,8.841799510107467,True
2025-11-29T16:24:15.482165,Marvel,8.854290047115684,True
2025-11-29T16:24:15.518412,Marvel,8.870633577206972,True
2025-11-29T16:24:15.554967,Marvel,8.904364129788116,True
2025-11-29T16:24:15.593192,Marvel,8.94258080961738,True
2025-11-29T16:24:15.627581,Marvel,8.985733984595532,True
2025-11-29T16:24:15.665292,Marvel,8.985733984595532,True
2025-11-29T16:24:15.699154,Marvel,8.985733984595532,True
2025-11-29T16:24:15.733778,Marvel,8.985733984595532,True
2025-11-29T16:24:15.767395,Marvel,8.985733984595532,True
2025-11-29T16:24:15.801656,Marvel,8.970058165502142,True
2025-11-29T16:24:15.837119,Marvel,8.95670714498021,True
2025-11-29T16:24:15.871464,Marvel,8.970058165502142,True
2025-11-29T16:24:15.907410,Marvel,8.985733984595532,True
2025-11-29T16:24:15.941559,Marvel,8.970058165502142,True
2025-11-29T16:24:15.977182,Marvel,8.970058165502142,True
2025-11-29T16:24:16.012078,Marvel,8.95670714498021,True
2025-11-29T16:24:16.046071,Marvel,8.94568897089503,True
2025-11-29T16:24:16.081238,Marvel,8.94568897089503,True
2025-11-29T16:24:16.115070,Marvel,8.94568897089503,True
2025-11-29T16:24:16.150402,Marvel,8.94568897089503,True
2025-11-29T16:24:16.185484,Marvel,8.937026456837378,True
2025-11-29T16:24:16.220507,Marvel,8.906224030080022,True
2025-11-29T16:24:16.254818,Marvel,8.880252012863828,True
2025-11-29T16:24:16.289389,Marvel,8.858645992276724,True
2025-11-29T16:24:16.323517,Marvel,8.841065952407039,True
2025-11-29T16:24:16.356785,Marvel,8.854290047115684,True
2025-11-29T16:24:16.390947,Marvel,8.827262107037665,True
2025-11-29T16:24:16.424971,Marvel,8.841799510107467,True
2025-11-29T16:24:16.461697,Marvel,8.817053394330816,True
2025-11-29T16:24:16.496055,Marvel,8.795770242823282,True
2025-11-29T16:24:16.529277,Marvel,8.79092168188531,True
2025-11-29T16:24:16.561739,Marvel,8.789311255887128,True
2025-11-29T16:24:16.595236,Marvel,8.806963238361854,True
2025-11-29T16:24:16.629508,Marvel,8.810313716851494,True
2025-11-29T16:24:16.664370,Marvel,8.1403648322485,True
2025-11-29T16:24:16.698357,Marvel,8.052493913687044,True
2025-11-29T16:24:16.732690,Marvel,6.729927088862878,True
2025-11-29T16:24:16.768113,Marvel,5.421906386731367,True
2025-11-29T16:24:16.803129,Marvel,5.294502808248442,True
2025-11-29T16:24:16.837721,Marvel,5.21526450418874,True
2025-11-29T16:24:16.870844,Marvel,5.073317096659489,True
2025-11-29T16:24:16.904231,Marvel,4.403368212056494,True
2025-11-29T16:24:16.939098,Marvel,4.32035492940123,True
2025-11-29T16:24:16.973515,Marvel,4.2842814310203,True
2025-11-29T16:24:17.010953,Marvel,4.245781545300284,True
2025-11-29T16:24:17.044994,Marvel,4.205167806092425,True
2025-11-29T16:24:17.080683,Marvel,4.179033712534334,True
2025-11-29T16:24:17.115290,Marvel,4.155181443277613,True
2025-11-29T16:24:17.149601,Marvel,4.1169070737623175,True
2025-11-29T16:24:17.184826,Marvel,4.081264196976409,True
2025-11-29T16:24:17.220215,Marvel,4.059951612441601,True
2025-11-29T16:24:17.254385,Marvel,4.041497072775275,True
2025-11-29T16:24:17.290705,Marvel,4.00885742091582,True
2025-11-29T16:24:17.326721,Marvel,3.9797085928175906,True
2025-11-29T16:24:17.362317,Marvel,2.680139574137219,True
2025-11-29T16:24:17.400600,Marvel,2.6695923896134115,True
2025-11-29T16:24:17.437042,Marvel,2.6681633671791696,True
2025-11-29T16:24:17.471666,Marvel,2.673272986486009,True
2025-11-29T16:24:17.505963,Marvel,2.6839672749179133,True
2025-11-29T16:24:17.539739,Marvel,2.7014120258312726,True
2025-11-29T16:24:17.574881,Marvel,2.640852839620743,True
2025-11-29T16:24:17.607744,Marvel,2.5999226781258953,True
2025-11-29T16:24:17.643937,Marvel,2.5857652769255557,True
2025-11-29T16:24:17.680020,Marvel,2.5830431008550585,True
2025-11-29T16:24:17.713800,Marvel,2.567042949712631,True
2025-11-29T16:24:17.750849,Marvel,2.5857225132557984,True
2025-11-29T16:24:17.783908,Marvel,2.572601767329288,True
2025-11-29T16:24:17.819892,Marvel,2.5857225132557984,True
2025-11-29T16:24:17.854497,Marvel,2.629491952136342,True
2025-11-29T16:24:17.890079,Marvel,2.083315476983464,True
2025-11-29T16:24:17.924230,Marvel,3.3763458539227553,True
2025-11-29T16:24:17.964089,Marvel,3.3195068170300637,True
2025-11-29T16:24:17.997108,Marvel,3.305807736390973,True
2025-11-29T16:24:18.033382,Marvel,3.305807736390973,True
2025-11-29T16:24:18.068381,Marvel,3.3013326403192393,True
2025-11-29T16:24:18.106069,Marvel,3.3226873136618096,True
2025-11-29T16:24:18.140730,Marvel,3.3226873136618096,True
2025-11-29T16:24:18.175233,Marvel,3.376266711834271,True
2025-11-29T16:24:18.211401,Marvel,3.376266711834271,True
2025-11-29T16:24:18.246913,Marvel,3.3226873136618096,True
2025-11-29T16:24:18.281738,Marvel,3.3226873136618096,True
2025-11-29T16:24:18.318349,Marvel,3.3013326403192393,True
2025-11-29T16:24:18.354120,Marvel,3.3226873136618096,True
2025-11-29T16:24:18.388319,Marvel,3.3226873136618096,True
2025-11-29T16:24:18.424201,Marvel,3.3245771298749913,True
2025-11-29T16:24:18.457954,Marvel,3.3104197286746517,True
2025-11-29T16:24:18.494741,Marvel,3.3291420558875764,True
2025-11-29T16:24:18.528683,Marvel,2.047626046166612,True
2025-11-29T16:24:18.564336,Marvel,2.059435310592522,True
2025-11-29T16:24:18.598174,Marvel,1.9692406497802142,True
2025-11-29T16:24:18.631674,Marvel,1.9477218088513504,True
2025-11-29T16:24:18.664221,Marvel,1.9349657190924632,True
2025-11-29T16:24:18.701639,Marvel,1.878191814232299,True
2025-11-29T16:24:18.736429,Marvel,1.838694301989469,True
2025-11-29T16:24:18.771676,Marvel,1.8134362610786479,True
2025-11-29T16:24:18.808713,Marvel,1.8149320813856518,True
2025-11-29T16:24:18.842235,Marvel,1.82187225383365,True
2025-11-29T16:24:18.876957,Marvel,1.8332875223533818,True
2025-11-29T16:24:18.910259,Marvel,1.848482423299477,True
2025-11-29T16:24:18.944496,Marvel,1.8669369629658024,True
2025-11-29T16:24:18.979628,Marvel,1.8882495475006111,True
2025-11-29T16:24:19.012996,Marvel,0.6136737102276453,True
2025-11-29T16:24:19.046820,Marvel,0.6375259794843666,True
2025-11-29T16:24:19.080431,Marvel,0.663660073042458,True
2025-11-29T16:24:19.115822,Marvel,1.96322909172283,True
2025-11-29T16:24:19.148888,Marvel,1.9781272768174722,True
2025-11-29T16:24:19.183721,Marvel,2.0040036668088756,True
2025-11-29T16:24:19.218852,Marvel,2.0457775104920772,True
2025-11-29T16:24:19.255909,Marvel,2.117606872576989,True
2025-11-29T16:24:19.291452,Marvel,2.794295434659306,True
2025-11-29T16:24:19.325387,Marvel,2.8797821586150425,True
2025-11-29T16:24:19.359563,Marvel,3.0130074128637006,True
2025-11-29T16:24:19.395688,Marvel,3.061839442091033,True
2025-11-29T16:24:19.428460,Marvel,3.1402844995708286,True
2025-11-29T16:24:19.461942,Marvel,4.4560272550060835,True
2025-11-29T16:24:19.495166,Marvel,5.1399905650586115,True
2025-11-29T16:24:19.534368,Marvel,5.19771296481198,True
2025-11-29T16:24:19.566598,Marvel,5.269510579172259,True
2025-11-29T16:24:19.601269,Marvel,5.3637395301225075,True
2025-11-29T16:24:19.635823,Marvel,5.448083038791539,True
2025-11-29T16:24:19.670540,Marvel,5.4796856622161565,True
2025-11-29T16:24:19.707482,Marvel,6.169034557647253,True
2025-11-29T16:24:19.742190,Marvel,6.293752525368044,True
2025-11-29T16:24:19.775533,Marvel,6.3149769087077665,True
2025-11-29T16:24:19.810450,Marvel,7.637931440427478,True
2025-11-29T16:24:19.843868,Marvel,7.666634144765387,True
2025-11-29T16:24:19.877906,Marvel,7.6651383244583835,True
2025-11-29T16:24:19.917222,Marvel,7.670512803268638,True
2025-11-29T16:24:19.951386,Marvel,6.410441296831096,True
2025-11-29T16:24:19.985997,Marvel,6.374798420045188,True
2025-11-29T16:24:20.021050,Marvel,6.402423496807122,True
2025-11-29T16:24:20.054483,Marvel,6.369783844947667,True
2025-11-29T16:24:20.088916,Marvel,6.418927762638465,True
2025-11-29T16:24:22.106949,Felix,11.512810335715578,True
2025-11-29T16:24:22.163843,Felix,11.512810335715578,True
2025-11-29T16:24:22.197804,Felix,11.512810335715578,True
2025-11-29T16:24:22.231484,Felix,11.512810335715578,True
2025-11-29T16:24:22.265148,Felix,11.512810335715578,True
2025-11-29T16:24:22.298366,Felix,11.512810335715578,True
2025-11-29T16:24:22.332285,Felix,11.512810335715578,True
2025-11-29T16:24:22.364691,Felix,11.512810335715578,True
2025-11-29T16:24:22.397981,Felix,11.512810335715578,True
2025-11-29T16:24:22.431776,Felix,11.512810335715578,True
2025-11-29T16:24:22.464485,Felix,11.512810335715578,True
2025-11-29T16:24:22.498989,Felix,11.512810335715578,True
2025-11-29T16:24:22.533554,Felix,11.512810335715578,True
2025-11-29T16:24:22.566929,Felix,11.512810335715578,True
2025-11-29T16:24:22.601719,Felix,11.512810335715578,True
2025-11-29T16:24:22.636369,Felix,11.512810335715578,True
2025-11-29T16:24:22.670999,Felix,11.512810335715578,True
2025-11-29T16:24:22.705341,Felix,11.512810335715578,True
2025-11-29T16:24:22.739351,Felix,11.512810335715578,True
2025-11-29T16:24:22.772769,Felix,11.512810335715578,True
2025-11-29T16:24:22.811311,Felix,11.512810335715578,True
2025-11-29T16:24:22.844603,Felix,11.512810335715578,True
2025-11-29T16:24:22.879444,Felix,11.512810335715578,True
2025-11-29T16:24:22.913388,Felix,11.512810335715578,True
2025-11-29T16:24:22.947820,Felix,11.512810335715578,True
2025-11-29T16:24:22.982692,Felix,11.512810335715578,True
2025-11-29T16:24:23.016410,Felix,11.512810335715578,True
2025-11-29T16:24:23.049764,Felix,11.512810335715578,True
2025-11-29T16:24:23.085714,Felix,11.512810335715578,True
2025-11-29T16:24:23.119880,Felix,11.512810335715578,True
2025-11-29T16:24:23.153334,Felix,11.512810335715578,True
2025-11-29T16:24:23.186671,Felix,11.512810335715578,True
2025-11-29T16:24:23.220271,Felix,11.512810335715578,True
2025-11-29T16:24:23.253686,Felix,11.512810335715578,True
2025-11-29T16:24:23.286674,Felix,11.512810335715578,True
2025-11-29T16:24:23.320613,Felix,11.512810335715578,True
2025-11-29T16:24:23.359449,Felix,11.512810335715578,True
2025-11-29T16:24:23.393029,Felix,11.512810335715578,True
2025-11-29T16:24:23.427491,Felix,11.512810335715578,True
2025-11-29T16:24:23.466288,Felix,11.512810335715578,True
2025-11-29T16:24:23.500197,Felix,11.512810335715578,True
2025-11-29T16:24:23.535107,Felix,11.512810335715578,True
2025-11-29T16:24:23.569202,Felix,11.512810335715578,True
2025-11-29T16:24:23.603567,Felix,11.512810335715578,True
2025-11-29T16:24:23.638096,Felix,11.512810335715578,True
2025-11-29T16:24:23.670748,Felix,11.512810335715578,True
2025-11-29T16:24:23.704101,Felix,11.512810335715578,True
2025-11-29T16:24:23.743091,Felix,11.512810335715578,True
2025-11-29T16:24:23.776591,Felix,11.512810335715578,True
2025-11-29T16:24:23.812752,Felix,11.512810335715578,True
2025-11-29T16:24:23.847755,Felix,11.512810335715578,True
2025-11-29T16:24:23.881700,Felix,11.512810335715578,True
2025-11-29T16:24:23.916319,Felix,11.512810335715578,True
2025-11-29T16:24:23.950632,Felix,11.512810335715578,True
2025-11-29T16:24:23.985292,Felix,11.512810335715578,True
2025-11-29T16:24:24.019136,Felix,11.512810335715578,True
2025-11-29T16:24:24.053099,Felix,11.512810335715578,True
2025-11-29T16:24:24.088701,Felix,11.512810335715578,True
2025-11-29T16:24:24.121031,Felix,11.512810335715578,True
2025-11-29T16:24:24.157362,Felix,11.512810335715578,True
2025-11-29T16:24:24.191198,Felix,11.512810335715578,True
2025-11-29T16:24:24.225054,Felix,11.512810335715578,True
2025-11-29T16:24:24.262025,Felix,11.512810335715578,True
2025-11-29T16:24:24.317562,Felix,11.512810335715578,True
2025-11-29T16:24:24.350584,Felix,11.512810335715578,True
2025-11-29T16:24:24.385559,Felix,11.512810335715578,True
2025-11-29T16:24:24.419954,Felix,11.512810335715578,True
2025-11-29T16:24:24.453991,Felix,11.512810335715578,True
2025-11-29T16:24:24.488716,Felix,11.512810335715578,True
2025-11-29T16:24:24.521010,Felix,11.512810335715578,True
2025-11-29T16:24:24.555628,Felix,11.512810335715578,True
2025-11-29T16:24:24.590963,Felix,11.512810335715578,True
2025-11-29T16:24:24.623754,Felix,11.512810335715578,True
2025-11-29T16:24:24.658093,Felix,11.512810335715578,True
2025-11-29T16:24:24.692212,Felix,11.512810335715578,True
2025-11-29T16:24:24.726129,Felix,11.512810335715578,True
2025-11-29T16:24:24.761248,Felix,11.512810335715578,True
2025-11-29T16:24:24.795849,Felix,11.512810335715578,True
2025-11-29T16:24:24.833107,Felix,11.512810335715578,True
2025-11-29T16:24:24.867007,Felix,11.512810335715578,True
2025-11-29T16:24:24.901925,Felix,11.512810335715578,True
2025-11-29T16:24:24.936908,Felix,11.512810335715578,True
2025-11-29T16:24:24.969621,Felix,11.512810335715578,True
2025-11-29T16:24:25.006117,Felix,11.512810335715578,True
2025-11-29T16:24:25.040303,Felix,11.512810335715578,True
2025-11-29T16:24:25.073767,Felix,11.512810335715578,True
2025-11-29T16:24:25.107763,Felix,11.512810335715578,True
2025-11-29T16:24:25.141553,Felix,11.512810335715578,True
2025-11-29T16:24:25.174842,Felix,11.512810335715578,True
2025-11-29T16:24:25.209297,Felix,11.512810335715578,True
2025-11-29T16:24:25.243332,Felix,11.512810335715578,True
2025-11-29T16:24:25.276365,Felix,11.512810335715578,True
2025-11-29T16:24:25.310225,Felix,11.512810335715578,True
2025-11-29T16:24:25.344052,Felix,11.512810335715578,True
2025-11-29T16:24:25.378592,Felix,11.512810335715578,True
2025-11-29T16:24:25.413114,Felix,11.512810335715578,True
2025-11-29T16:24:25.446386,Felix,11.512810335715578,True
2025-11-29T16:24:25.479565,Felix,11.512810335715578,True
2025-11-29T16:24:25.513655,Felix,11.512810335715578,True
2025-11-29T16:24:25.548597,Felix,11.512810335715578,True
2025-11-29T16:24:25.582922,Felix,11.512810335715578,True
2025-11-29T16:24:25.617088,Felix,11.512810335715578,True
2025-11-29T16:24:25.650685,Felix,11.512810335715578,True
2025-11-29T16:24:25.686687,Felix,11.512810335715578,True
2025-11-29T16:24:25.720395,Felix,11.512810335715578,True
2025-11-29T16:24:25.832186,Felix,11.512810335715578,True
2025-11-29T16:24:25.866035,Felix,11.512810335715578,True
2025-11-29T16:24:25.900237,Felix,11.512810335715578,True
2025-11-29T16:24:25.934435,Felix,11.512810335715578,True
2025-11-29T16:24:25.971174,Felix,11.512810335715578,True
2025-11-29T16:24:26.845019,Felix,11.512810335715578,True
2025-11-29T16:24:26.880211,Felix,11.512810335715578,True
2025-11-29T16:24:26.939304,Felix,11.512810335715578,True
2025-11-29T16:24:26.979889,Felix,11.512810335715578,True
2025-11-29T16:24:27.018911,Felix,11.512810335715578,True
2025-11-29T16:24:27.055474,Felix,11.512810335715578,True
2025-11-29T16:24:27.091468,Felix,11.512810335715578,True
2025-11-29T16:24:27.129316,Felix,11.512810335715578,True
2025-11-29T16:24:27.164084,Felix,11.512810335715578,True
2025-11-29T16:24:27.198816,Felix,11.512810335715578,True
2025-11-29T16:24:27.231752,Felix,11.512810335715578,True
2025-11-29T16:24:27.267391,Felix,11.512810335715578,True
2025-11-29T16:24:27.302856,Felix,11.512810335715578,True
2025-11-29T16:24:27.336153,Felix,11.512810335715578,True
2025-11-29T16:24:27.369560,Felix,11.512810335715578,True
2025-11-29T16:24:27.403708,Felix,11.512810335715578,True
2025-11-29T16:24:27.438055,Felix,11.512810335715578,True
2025-11-29T16:24:27.473524,Felix,11.512810335715578,True
2025-11-29T16:24:27.509230,Felix,11.512810335715578,True
2025-11-29T16:24:27.544237,Felix,11.512810335715578,True
2025-11-29T16:24:27.580104,Felix,11.512810335715578,True
2025-11-29T16:24:27.615217,Felix,11.512810335715578,True
2025-11-29T16:24:27.648854,Felix,11.512810335715578,True
2025-11-29T16:24:27.683686,Felix,11.512810335715578,True
2025-11-29T16:24:27.718950,Felix,11.512810335715578,True
2025-11-29T16:24:27.754107,Felix,11.512810335715578,True
2025-11-29T16:24:27.787688,Felix,11.512810335715578,True
2025-11-29T16:24:27.823022,Felix,11.512810335715578,True
2025-11-29T16:24:27.857988,Felix,11.512810335715578,True
2025-11-29T16:24:27.892947,Felix,11.512810335715578,True
2025-11-29T16:24:27.929913,Felix,11.512810335715578,True
2025-11-29T16:24:27.964017,Felix,11.512810335715578,True
2025-11-29T16:24:28.000584,Felix,11.512810335715578,True
2025-11-29T16:24:28.033670,Felix,11.512810335715578,True
2025-11-29T16:24:28.067824,Felix,11.512810335715578,True
2025-11-29T16:24:28.102274,Felix,11.512810335715578,True
2025-11-29T16:24:28.136596,Felix,11.512810335715578,True
2025-11-29T16:24:28.173701,Felix,11.512810335715578,True
2025-11-29T16:24:28.208286,Felix,11.512810335715578,True
2025-11-29T16:24:28.243312,Felix,11.512810335715578,True
2025-11-29T16:24:28.278792,Felix,11.512810335715578,True
2025-11-29T16:24:28.315017,Felix,11.512810335715578,True
2025-11-29T16:24:28.347906,Felix,11.512810335715578,True
2025-11-29T16:24:28.385702,Felix,11.512810335715578,True
2025-11-29T16:24:28.419673,Felix,11.512810335715578,True
2025-11-29T16:24:28.454504,Felix,11.512810335715578,True
2025-11-29T16:24:28.489996,Felix,11.512810335715578,True
2025-11-29T16:24:28.524003,Felix,11.512810335715578,True
2025-11-29T16:24:28.560397,Felix,11.512810335715578,True
2025-11-29T16:24:28.594956,Felix,11.512810335715578,True
2025-11-29T16:24:28.628707,Felix,11.512810335715578,True
2025-11-29T16:24:28.662897,Felix,11.512810335715578,True
2025-11-29T16:24:28.696162,Felix,11.512810335715578,True
2025-11-29T16:24:28.732496,Felix,11.512810335715578,True
2025-11-29T16:24:28.766814,Felix,11.512810335715578,True
2025-11-29T16:24:28.801040,Felix,11.512810335715578,True
2025-11-29T16:24:28.837491,Felix,11.512810335715578,True
2025-11-29T16:24:28.870319,Felix,11.512810335715578,True
2025-11-29T16:24:28.905469,Felix,11.512810335715578,True
2025-11-29T16:24:28.939860,Felix,11.512810335715578,True
2025-11-29T16:24:28.974487,Felix,11.512810335715578,True
2025-11-29T16:24:29.010030,Felix,11.512810335715578,True
2025-11-29T16:24:29.044902,Felix,11.512810335715578,True
2025-11-29T16:24:29.079037,Felix,11.512810335715578,True
2025-11-29T16:24:29.112715,Felix,11.512810335715578,True
2025-11-29T16:24:29.147038,Felix,11.512810335715578,True
2025-11-29T16:24:29.180286,Felix,11.512810335715578,True
2025-11-29T16:24:29.214498,Felix,11.512810335715578,True
2025-11-29T16:24:29.252277,Felix,11.512810335715578,True
2025-11-29T16:24:29.286938,Felix,11.512810335715578,True
2025-11-29T16:24:29.324080,Felix,11.512810335715578,True
2025-11-29T16:24:29.356144,Felix,11.512810335715578,True
2025-11-29T16:24:29.392433,Felix,11.512810335715578,True
2025-11-29T16:24:29.427154,Felix,11.512810335715578,True
2025-11-29T16:24:29.461399,Felix,11.512810335715578,True
2025-11-29T16:24:29.498186,Felix,11.512810335715578,True
2025-11-29T16:24:29.533998,Felix,11.512810335715578,True
2025-11-29T16:24:29.568670,Felix,11.512810335715578,True
2025-11-29T16:24:29.603723,Felix,11.512810335715578,True
2025-11-29T16:24:29.639257,Felix,11.512810335715578,True
2025-11-29T16:24:29.674568,Felix,11.512810335715578,True
2025-11-29T16:24:29.708493,Felix,11.512810335715578,True
2025-11-29T16:24:29.743357,Felix,11.512810335715578,True
2025-11-29T16:24:29.778042,Felix,11.512810335715578,True
2025-11-29T16:24:29.812466,Felix,11.512810335715578,True
2025-11-29T16:24:29.846745,Felix,11.512810335715578,True
2025-11-29T16:24:29.881516,Felix,11.512810335715578,True
2025-11-29T16:24:29.917400,Felix,11.512810335715578,True
2025-11-29T16:24:29.955613,Felix,11.512810335715578,True
2025-11-29T16:24:29.988959,Felix,11.512810335715578,True
2025-11-29T16:24:30.024567,Felix,11.512810335715578,True
2025-11-29T16:24:30.061914,Felix,11.512810335715578,True
2025-11-29T16:24:30.099626,Felix,11.512810335715578,True
2025-11-29T16:24:30.135715,Felix,11.512810335715578,True
2025-11-29T16:24:30.169737,Felix,11.512810335715578,True
2025-11-29T16:24:30.204201,Felix,11.512810335715578,True
2025-11-29T16:24:30.241456,Felix,11.512810335715578,True
2025-11-29T16:24:30.279649,Felix,11.512810335715578,True
2025-11-29T16:24:30.317549,Felix,11.512810335715578,True
2025-11-29T16:24:30.351885,Felix,11.512810335715578,True
2025-11-29T16:24:30.386193,Felix,11.512810335715578,True
2025-11-29T16:24:30.422619,Felix,11.512810335715578,True
2025-11-29T16:24:30.457396,Felix,11.512810335715578,True
2025-11-29T16:24:30.492158,Felix,11.512810335715578,True
2025-11-29T16:24:30.527944,Felix,11.512810335715578,True
2025-11-29T16:24:30.564871,Felix,11.512810335715578,True
2025-11-29T16:24:30.600162,Felix,11.512810335715578,True
2025-11-29T16:24:30.634147,Felix,11.512810335715578,True
2025-11-29T16:24:30.671198,Felix,11.512810335715578,True
2025-11-29T16:24:30.707208,Felix,11.512810335715578,True
2025-11-29T16:24:30.743305,Felix,11.512810335715578,True
2025-11-29T16:24:30.780177,Felix,11.512810335715578,True
2025-11-29T16:24:30.812766,Felix,11.512810335715578,True
2025-11-29T16:24:30.848299,Felix,11.512810335715578,True
2025-11-29T16:24:30.883906,Felix,11.512810335715578,True
2025-11-29T16:24:30.919178,Felix,11.512810335715578,True
2025-11-29T16:24:30.953134,Felix,11.512810335715578,True
2025-11-29T16:24:30.989589,Felix,11.512810335715578,True
2025-11-29T16:24:31.023606,Felix,11.512810335715578,True
2025-11-29T16:24:31.059700,Felix,11.512810335715578,True
2025-11-29T16:24:31.095501,Felix,11.512810335715578,True
2025-11-29T16:24:31.133808,Felix,11.512810335715578,True
2025-11-29T16:24:31.171256,Felix,11.512810335715578,True
2025-11-29T16:24:31.207097,Felix,11.512810335715578,True
2025-11-29T16:24:31.242480,Felix,11.512810335715578,True
2025-11-29T16:24:31.277557,Felix,11.512810335715578,True
2025-11-29T16:24:31.311560,Felix,11.512810335715578,True
2025-11-29T16:24:31.349890,Felix,11.512810335715578,True
2025-11-29T16:24:31.383904,Felix,11.512810335715578,True
2025-11-29T16:24:31.418671,Felix,11.512810335715578,True
2025-11-29T16:24:31.453100,Felix,11.512810335715578,True
2025-11-29T16:24:31.488078,Felix,11.512810335715578,True
2025-11-29T16:24:31.523970,Felix,11.512810335715578,True
2025-11-29T16:24:31.559320,Felix,11.512810335715578,True
2025-11-29T16:24:31.593173,Felix,11.512810335715578,True
2025-11-29T16:24:31.627845,Felix,11.512810335715578,True
2025-11-29T16:24:31.663099,Felix,11.512810335715578,True
2025-11-29T16:24:31.696161,Felix,11.512810335715578,True
2025-11-29T16:24:31.729971,Felix,11.512810335715578,True
2025-11-29T16:24:31.763641,Felix,11.512810335715578,True
2025-11-29T16:24:31.796895,Felix,11.512810335715578,True
2025-11-29T16:24:31.833167,Felix,11.512810335715578,True
2025-11-29T16:24:31.867173,Felix,11.512810335715578,True
2025-11-29T16:24:31.901723,Felix,11.512810335715578,True
2025-11-29T16:24:31.937104,Felix,11.512810335715578,True
2025-11-29T16:24:31.972106,Felix,11.512810335715578,True
2025-11-29T16:24:32.007404,Felix,11.512810335715578,True
2025-11-29T16:24:32.042845,Felix,11.512810335715578,True
2025-11-29T16:24:32.078600,Felix,11.512810335715578,True
2025-11-29T16:24:32.113172,Felix,11.512810335715578,True
2025-11-29T16:24:32.149230,Felix,11.512810335715578,True
2025-11-29T16:24:32.183594,Felix,11.512810335715578,True
2025-11-29T16:24:32.221207,Felix,11.512810335715578,True
2025-11-29T16:24:32.256347,Felix,11.512810335715578,True
2025-11-29T16:24:32.292441,Felix,11.512810335715578,True
2025-11-29T16:24:32.328389,Felix,11.512810335715578,True
2025-11-29T16:24:32.364499,Felix,11.512810335715578,True
2025-11-29T16:24:32.399893,Felix,11.512810335715578,True
2025-11-29T16:24:32.435641,Felix,11.512810335715578,True
2025-11-29T16:24:32.470080,Felix,11.512810335715578,True
2025-11-29T16:24:32.505308,Felix,11.512810335715578,True
2025-11-29T16:24:32.540284,Felix,11.512810335715578,True
2025-11-29T16:24:32.577330,Felix,11.512810335715578,True
2025-11-29T16:24:32.611571,Felix,11.512810335715578,True
2025-11-29T16:24:32.647892,Felix,11.512810335715578,True
2025-11-29T16:24:32.683446,Felix,11.512810335715578,True
2025-11-29T16:24:32.718269,Felix,11.512810335715578,True
2025-11-29T16:24:32.756131,Felix,11.512810335715578,True
2025-11-29T16:24:32.790890,Felix,11.512810335715578,True
2025-11-29T16:24:32.824133,Felix,11.512810335715578,True
2025-11-29T16:24:32.859379,Felix,11.512810335715578,True
2025-11-29T16:24:32.894549,Felix,11.512810335715578,True
2025-11-29T16:24:32.930396,Felix,11.512810335715578,True
2025-11-29T16:24:32.964567,Felix,11.512810335715578,True
2025-11-29T16:24:33.000932,Felix,11.512810335715578,True
2025-11-29T16:24:33.034984,Felix,11.512810335715578,True
2025-11-29T16:24:33.069207,Felix,11.512810335715578,True
2025-11-29T16:24:33.106860,Felix,11.512810335715578,True
2025-11-29T16:24:33.141062,Felix,11.512810335715578,True
2025-11-29T16:24:33.174115,Felix,11.512810335715578,True
2025-11-29T16:24:33.209414,Felix,11.512810335715578,True
2025-11-29T16:24:33.246259,Felix,11.512810335715578,True
2025-11-29T16:24:33.281169,Felix,11.512810335715578,True
2025-11-29T16:24:33.315803,Felix,11.512810335715578,True
2025-11-29T16:24:33.349487,Felix,11.512810335715578,True
2025-11-29T16:24:33.382814,Felix,11.512810335715578,True
2025-11-29T16:24:33.416935,Felix,11.512810335715578,True
2025-11-29T16:24:33.450876,Felix,11.512810335715578,True
2025-11-29T16:24:33.484669,Felix,11.512810335715578,True
2025-11-29T16:24:33.521580,Felix,11.512810335715578,True
2025-11-29T16:24:33.555781,Felix,11.512810335715578,True
2025-11-29T16:24:33.590710,Felix,11.512810335715578,True
2025-11-29T16:24:33.625704,Felix,11.512810335715578,True
2025-11-29T16:24:33.659858,Felix,11.512810335715578,True
2025-11-29T16:24:33.695100,Felix,11.512810335715578,True
2025-11-29T16:24:33.727997,Felix,11.512810335715578,True
2025-11-29T16:24:33.764555,Felix,11.512810335715578,True
2025-11-29T16:24:33.802044,Felix,11.512810335715578,True
2025-11-29T16:24:33.841851,Felix,11.512810335715578,True
2025-11-29T16:24:33.879488,Felix,11.512810335715578,True
2025-11-29T16:24:33.916420,Felix,11.512810335715578,True
2025-11-29T16:24:33.957401,Felix,11.512810335715578,True
2025-11-29T16:24:33.994349,Felix,11.512810335715578,True
2025-11-29T16:24:34.033363,Felix,11.512810335715578,True
2025-11-29T16:24:34.073676,Felix,11.512810335715578,True
2025-11-29T16:24:34.110915,Felix,11.512810335715578,True
2025-11-29T16:24:34.149963,Felix,11.512810335715578,True
2025-11-29T16:24:34.188329,Felix,11.512810335715578,True
2025-11-29T16:24:34.226480,Felix,11.512810335715578,True
2025-11-29T16:24:34.262777,Felix,11.512810335715578,True
2025-11-29T16:24:34.299700,Felix,11.512810335715578,True
2025-11-29T16:24:34.335841,Felix,11.512810335715578,True
2025-11-29T16:24:34.373244,Felix,11.512810335715578,True
2025-11-29T16:24:34.409012,Felix,11.512810335715578,True
2025-11-29T16:24:34.444938,Felix,11.512810335715578,True
2025-11-29T16:24:34.481415,Felix,11.512810335715578,True
2025-11-29T16:24:34.518458,Felix,11.512810335715578,True
2025-11-29T16:24:34.554939,Felix,11.512810335715578,True
2025-11-29T16:24:34.590082,Felix,11.512810335715578,True
2025-11-29T16:24:34.626152,Felix,11.512810335715578,True
2025-11-29T16:24:34.660801,Felix,11.512810335715578,True
2025-11-29T16:24:34.697054,Felix,11.512810335715578,True
2025-11-29T16:24:34.734183,Felix,11.512810335715578,True
2025-11-29T16:24:34.773200,Felix,11.512810335715578,True
2025-11-29T16:24:34.811483,Felix,11.512810335715578,True
2025-11-29T16:24:34.851781,Felix,11.512810335715578,True
2025-11-29T16:24:34.885798,Felix,11.512810335715578,True
2025-11-29T16:24:34.923153,Felix,11.512810335715578,True
2025-11-29T16:24:34.956770,Felix,11.512810335715578,True
2025-11-29T16:24:34.990966,Felix,11.512810335715578,True
2025-11-29T16:24:35.025316,Felix,11.512810335715578,True
2025-11-29T16:24:35.060562,Felix,11.512810335715578,True
2025-11-29T16:24:35.095682,Felix,11.512810335715578,True
2025-11-29T16:24:35.128235,Felix,11.512810335715578,True
2025-11-29T16:24:35.164003,Felix,11.512810335715578,True
2025-11-29T16:24:35.198777,Felix,11.512810335715578,True
2025-11-29T16:24:35.234807,Felix,11.512810335715578,True
2025-11-29T16:24:35.268836,Felix,11.512810335715578,True
2025-11-29T16:24:35.304245,Felix,11.512810335715578,True
2025-11-29T16:24:35.339258,Felix,11.512810335715578,True
2025-11-29T16:24:35.374120,Felix,11.512810335715578,True
2025-11-29T16:24:35.407811,Felix,11.512810335715578,True
2025-11-29T16:24:35.441641,Felix,11.512810335715578,True
2025-11-29T16:24:35.476632,Felix,11.512810335715578,True
2025-11-29T16:24:35.509120,Felix,11.512810335715578,True
2025-11-29T16:24:35.545053,Felix,11.512810335715578,True
2025-11-29T16:24:35.579067,Felix,11.512810335715578,True
2025-11-29T16:24:35.612215,Felix,11.512810335715578,True
2025-11-29T16:24:35.645732,Felix,11.512810335715578,True
2025-11-29T16:24:35.679718,Felix,11.512810335715578,True
2025-11-29T16:24:35.713865,Felix,11.512810335715578,True
2025-11-29T16:24:35.747705,Felix,11.512810335715578,True
2025-11-29T16:24:35.781982,Felix,11.512810335715578,True
2025-11-29T16:24:35.816960,Felix,11.512810335715578,True
2025-11-29T16:24:35.849318,Felix,11.512810335715578,True
2025-11-29T16:24:35.881549,Felix,11.512810335715578,True
2025-11-29T16:24:35.914960,Felix,11.512810335715578,True
2025-11-29T16:24:35.949271,Felix,11.512810335715578,True
2025-11-29T16:24:35.983891,Felix,11.512810335715578,True
2025-11-29T16:24:36.017892,Felix,11.512810335715578,True
2025-11-29T16:24:36.051556,Felix,11.512810335715578,True
2025-11-29T16:24:36.084848,Felix,11.512810335715578,True
2025-11-29T16:24:36.123585,Felix,11.512810335715578,True
2025-11-29T16:24:36.157889,Felix,11.512810335715578,True
2025-11-29T16:24:36.192359,Felix,11.512810335715578,True
2025-11-29T16:24:36.226279,Felix,11.512810335715578,True
2025-11-29T16:24:36.260166,Felix,11.512810335715578,True
2025-11-29T16:24:36.314131,Felix,11.512810335715578,True
2025-11-29T16:24:36.347703,Felix,11.512810335715578,True
2025-11-29T16:24:36.381537,Felix,11.512810335715578,True
2025-11-29T16:24:37.124689,Marvel,6.514496902261027,True
2025-11-29T16:24:37.164253,Marvel,7.789072739533993,True
2025-11-29T16:24:37.208609,Marvel,7.759923911435764,True
2025-11-29T16:24:37.246369,Marvel,7.734930730028357,True
2025-11-29T16:24:37.280161,Marvel,7.686552035581611,True
2025-11-29T16:24:37.314674,Marvel,7.666668473481044,True
2025-11-29T16:24:37.348105,Marvel,7.619065192825387,True
2025-11-29T16:24:37.382990,Marvel,7.572267668454675,True
2025-11-29T16:24:37.420443,Marvel,7.558962583721762,True
2025-11-29T16:24:37.455297,Marvel,7.513003572279096,True
2025-11-29T16:24:37.490026,Marvel,7.467918539019646,True
2025-11-29T16:24:37.524117,Marvel,7.423746001421301,True
2025-11-29T16:24:37.559325,Marvel,7.380527932503356,True
2025-11-29T16:24:37.592878,Marvel,7.338310237226268,True
2025-11-29T16:24:37.630972,Marvel,7.297143319063979,True
2025-11-29T16:24:37.664102,Marvel,7.257082758810549,True
2025-11-29T16:24:37.698737,Marvel,7.218190134406056,True
2025-11-29T16:24:37.732877,Marvel,7.18053401977996,True
2025-11-29T16:24:37.768690,Marvel,8.455109857052925,True
2025-11-29T16:24:37.802725,Marvel,8.418767050787986,True
2025-11-29T16:24:37.836456,Marvel,8.383824103481109,True
2025-11-29T16:24:37.870006,Marvel,8.379606107103609,True
2025-11-29T16:24:37.904315,Marvel,8.346161242245062,True
2025-11-29T16:24:37.939479,Marvel,8.314326803384699,True
2025-11-29T16:24:37.975994,Marvel,8.284232417015794,True
2025-11-29T16:24:38.010167,Marvel,8.256029147188238,True
2025-11-29T16:24:38.044597,Marvel,8.229895053630148,True
2025-11-29T16:24:38.078982,Marvel,8.206042784373427,True
2025-11-29T16:24:38.113320,Marvel,8.184730199838619,True
2025-11-29T16:24:38.145921,Marvel,8.166275660172293,True
2025-11-29T16:24:38.179890,Marvel,8.151080759226197,True
2025-11-29T16:24:38.214290,Marvel,8.139665490706465,True
2025-11-29T16:24:38.250194,Marvel,8.132725318258467,True
2025-11-29T16:24:38.283742,Marvel,8.131229497951463,True
2025-11-29T16:24:38.319353,Marvel,8.136603976761718,True
2025-11-29T16:24:38.353994,Marvel,8.151108307597141,True
2025-11-29T16:24:38.387158,Marvel,8.178733384359075,True
2025-11-29T16:24:38.421775,Marvel,8.227877302049873,True
2025-11-29T16:24:38.455946,Marvel,8.323446441672434,True
2025-11-29T16:24:38.492740,Marvel,8.333385846495274,True
2025-11-29T16:24:38.528589,Marvel,8.37177034372164,True
2025-11-29T16:24:38.562295,Marvel,8.37177034372164,True
2025-11-29T16:24:38.595305,Marvel,9.013515958497077,True
2025-11-29T16:24:38.629735,Marvel,9.013515958497077,True
2025-11-29T16:24:38.663016,Marvel,9.013515958497077,True
2025-11-29T16:24:38.698348,Marvel,10.288091795770043,True
2025-11-29T16:24:38.732716,Marvel,10.288091795770043,True
2025-11-29T16:24:38.766175,Marvel,10.288091795770043,True
2025-11-29T16:24:38.801394,Marvel,10.288091795770043,True
2025-11-29T16:24:38.835750,Marvel,10.288091795770043,True
2025-11-29T16:24:38.869157,Marvel,10.288091795770043,True
2025-11-29T16:24:38.903739,Marvel,10.288091795770043,True
2025-11-29T16:24:38.939210,Marvel,10.288091795770043,True
2025-11-29T16:24:38.974257,Marvel,10.288091795770043,True
2025-11-29T16:24:39.013733,Marvel,9.646346180994604,True
2025-11-29T16:24:39.047998,Marvel,9.550777041372042,True
2025-11-29T16:24:39.085064,Marvel,9.512392544145676,True
2025-11-29T16:24:39.119295,Marvel,9.463248626454877,True
2025-11-29T16:24:39.153818,Marvel,9.463248626454877,True
2025-11-29T16:24:39.188458,Marvel,9.463248626454877,True
2025-11-29T16:24:39.222743,Marvel,9.463248626454877,True
2025-11-29T16:24:39.255239,Marvel,9.463248626454877,True
2025-11-29T16:24:39.291940,Marvel,9.463248626454877,True
2025-11-29T16:24:39.326263,Marvel,9.463248626454877,True
2025-11-29T16:24:39.359993,Marvel,9.463248626454877,True
2025-11-29T16:24:39.394346,Marvel,9.463248626454877,True
2025-11-29T16:24:39.428899,Marvel,9.463248626454877,True
2025-11-29T16:24:39.463170,Marvel,9.463248626454877,True
2025-11-29T16:24:39.498687,Marvel,9.463248626454877,True
2025-11-29T16:24:39.531706,Marvel,9.463248626454877,True
2025-11-29T16:24:39.566266,Marvel,9.463248626454877,True
2025-11-29T16:24:39.599827,Marvel,9.463248626454877,True
2025-11-29T16:24:39.633508,Marvel,9.463248626454877,True
2025-11-29T16:24:39.668602,Marvel,9.463248626454877,True
2025-11-29T16:24:39.702621,Marvel,9.463248626454877,True
2025-11-29T16:24:39.735049,Marvel,9.463248626454877,True
2025-11-29T16:24:39.768695,Marvel,9.463248626454877,True
2025-11-29T16:24:39.802761,Marvel,9.463248626454877,True
2025-11-29T16:24:39.836545,Marvel,9.463248626454877,True
2025-11-29T16:24:39.871344,Marvel,9.463248626454877,True
2025-11-29T16:24:39.906873,Marvel,9.463248626454877,True
2025-11-29T16:24:39.942522,Marvel,9.463248626454877,True
2025-11-29T16:24:39.977061,Marvel,9.463248626454877,True
2025-11-29T16:24:40.009587,Marvel,9.463248626454877,True
2025-11-29T16:24:40.045779,Marvel,9.463248626454877,True
2025-11-29T16:24:40.080317,Marvel,9.463248626454877,True
2025-11-29T16:24:40.113692,Marvel,9.463248626454877,True
2025-11-29T16:24:40.147858,Marvel,9.463248626454877,True
2025-11-29T16:24:40.181469,Marvel,9.463248626454877,True
2025-11-29T16:24:40.216529,Marvel,9.463248626454877,True
2025-11-29T16:24:40.249707,Marvel,9.463248626454877,True
2025-11-29T16:24:40.285704,Marvel,9.512392544145676,True
2025-11-29T16:24:40.332545,Marvel,9.512392544145676,True
2025-11-29T16:24:40.396834,Marvel,9.512392544145676,True
2025-11-29T16:24:40.509058,Marvel,9.512392544145676,True
2025-11-29T16:24:40.544346,Marvel,9.512392544145676,True
2025-11-29T16:24:40.580975,Marvel,9.512392544145676,True
2025-11-29T16:24:40.615596,Marvel,9.512392544145676,True
2025-11-29T16:24:40.651556,Marvel,9.512392544145676,True
2025-11-29T16:24:40.689606,Marvel,9.512392544145676,True
2025-11-29T16:24:40.725853,Marvel,9.512392544145676,True
2025-11-29T16:24:40.762531,Marvel,9.512392544145676,True
2025-11-29T16:24:40.800160,Marvel,9.512392544145676,True
2025-11-29T16:24:43.450644,Marvel,9.512392544145676,True
2025-11-29T16:24:43.489256,Marvel,9.550777041372042,True
2025-11-29T16:24:43.528601,Marvel,9.646346180994604,True
2025-11-29T16:24:43.567134,Marvel,10.288091795770043,True
2025-11-29T16:24:43.605442,Marvel,11.562667633043008,True
2025-11-29T16:24:43.656226,Marvel,11.562667633043008,True
2025-11-29T16:24:43.695455,Marvel,11.562667633043008,True
2025-11-29T16:24:43.734068,Marvel,11.562667633043008,True
2025-11-29T16:24:43.773097,Marvel,11.562667633043008,True
2025-11-29T16:24:43.810611,Marvel,11.562667633043008,True
2025-11-29T16:24:43.850467,Marvel,11.562667633043008,True
2025-11-29T16:24:43.887175,Marvel,11.562667633043008,True
2025-11-29T16:24:43.925285,Marvel,11.562667633043008,True
2025-11-29T16:24:43.962610,Marvel,10.288091795770043,True
2025-11-29T16:24:44.000091,Marvel,10.288091795770043,True
2025-11-29T16:24:44.037052,Marvel,10.288091795770043,True
2025-11-29T16:24:44.073249,Marvel,10.192522656147482,True
2025-11-29T16:24:44.111243,Marvel,9.550777041372042,True
2025-11-29T16:24:44.146959,Marvel,8.909031426596602,True
2025-11-29T16:24:44.185266,Marvel,8.870646929370237,True
2025-11-29T16:24:44.225400,Marvel,7.5960710920972705,True
2025-11-29T16:24:44.262389,Marvel,7.586131687274433,True
2025-11-29T16:24:44.299520,Marvel,7.590349683651933,True
2025-11-29T16:24:44.344161,Marvel,6.315773846378969,True
2025-11-29T16:24:44.379605,Marvel,6.220204706756407,True
2025-11-29T16:24:44.418451,Marvel,6.171060789065608,True
2025-11-29T16:24:44.459267,Marvel,6.143435712303674,True
2025-11-29T16:24:44.497763,Marvel,4.868859875030709,True
2025-11-29T16:24:44.532732,Marvel,4.854355544195285,True
2025-11-29T16:24:44.571620,Marvel,4.848981065385031,True
2025-11-29T16:24:44.609718,Marvel,4.753411925762469,True
2025-11-29T16:24:44.647601,Marvel,4.753411925762469,True
2025-11-29T16:24:44.683806,Marvel,4.715027428536104,True
2025-11-29T16:24:44.721867,Marvel,4.619458288913542,True
2025-11-29T16:24:44.759696,Marvel,3.3448824516405766,True
2025-11-29T16:24:44.799857,Marvel,3.249313312018015,True
2025-11-29T16:24:44.834727,Marvel,2.607567697242575,True
2025-11-29T16:24:44.871332,Marvel,2.5584237795517772,True
2025-11-29T16:24:44.908707,Marvel,2.5584237795517772,True
2025-11-29T16:24:44.945745,Marvel,2.5584237795517772,True
2025-11-29T16:24:44.985362,Marvel,2.5484843747289387,True
2025-11-29T16:24:45.023570,Marvel,2.499340457038141,True
2025-11-29T16:24:45.060395,Marvel,2.450196539347343,True
2025-11-29T16:24:45.096989,Marvel,1.175620702074377,True
2025-11-29T16:24:45.132893,Marvel,1.1479956253124428,True
2025-11-29T16:24:45.170788,Marvel,1.052426485689881,True
2025-11-29T16:24:45.206458,Marvel,1.003282567999083,True
2025-11-29T16:24:45.243429,Marvel,1.003282567999083,True
2025-11-29T16:24:45.281353,Marvel,0.9756574912371491,True
2025-11-29T16:24:45.319546,Marvel,0.9611531604017254,True
2025-11-29T16:24:45.355957,Marvel,0.9557786815914714,True
2025-11-29T16:24:45.392533,Marvel,0.9412743507560477,True
2025-11-29T16:24:45.430687,Marvel,0.9412743507560477,True
2025-11-29T16:24:45.467713,Marvel,0.9358998719457937,True
2025-11-29T16:24:45.503403,Marvel,0.9373956922527975,True
2025-11-29T16:24:45.539781,Marvel,0.9443358647007959,True
2025-11-29T16:24:45.576652,Marvel,0.9557511332205275,True
2025-11-29T16:24:45.610810,Marvel,0.9709460341666226,True
2025-11-29T16:24:45.644539,Marvel,0.9709460341666226,True
2025-11-29T16:24:45.678569,Marvel,0.9709460341666226,True
2025-11-29T16:24:45.712317,Marvel,0.9894005738329482,True
2025-11-29T16:24:45.747397,Marvel,1.0107131583677569,True
2025-11-29T16:24:45.781317,Marvel,1.034565427624478,True
2025-11-29T16:24:45.814890,Marvel,1.1562686608051314,True
2025-11-29T16:24:45.848471,Marvel,1.1844719306326867,True
2025-11-29T16:24:45.884633,Marvel,1.1859677509396904,True
2025-11-29T16:24:45.918574,Marvel,2.4674837606606546,True
2025-11-29T16:24:45.952525,Marvel,2.4746810328028848,True
2025-11-29T16:24:45.986847,Marvel,2.4998153385718185,True
2025-11-29T16:24:46.020990,Marvel,2.528209283060983,True
2025-11-29T16:24:46.054829,Marvel,2.6074475871206855,True
2025-11-29T16:24:46.088418,Marvel,2.66714466888186,True
2025-11-29T16:24:46.120854,Marvel,3.3407247225176624,True
2025-11-29T16:24:46.154622,Marvel,3.369951470584638,True
2025-11-29T16:24:46.187973,Marvel,3.410589894978153,True
2025-11-29T16:24:46.222849,Marvel,3.4664182415676423,True
2025-11-29T16:24:46.258033,Marvel,3.545656545627345,True
2025-11-29T16:24:46.291630,Marvel,3.6266349021785054,True
2025-11-29T16:24:46.325605,Marvel,3.7556489066596135,True
2025-11-29T16:24:46.360133,Marvel,5.065167691239457,True
2025-11-29T16:24:46.395610,Marvel,5.197079637126958,True
2025-11-29T16:24:46.430798,Marvel,5.234735751753054,True
2025-11-29T16:24:46.468801,Marvel,5.312012873383913,True
2025-11-29T16:24:46.504018,Marvel,5.4476425732599045,True
2025-11-29T16:24:46.538412,Marvel,5.369197515780108,True
2025-11-29T16:24:46.572118,Marvel,5.369197515780108,True
2025-11-29T16:24:46.606712,Marvel,5.4476425732599045,True
2025-11-29T16:24:46.640974,Marvel,6.763385328695159,True
2025-11-29T16:24:46.676330,Marvel,6.805603023972247,True
2025-11-29T16:24:46.710610,Marvel,6.848821092890192,True
2025-11-29T16:24:46.745807,Marvel,7.534739245263976,True
2025-11-29T16:24:46.783341,Marvel,8.854400115796391,True
2025-11-29T16:24:46.817998,Marvel,8.854400115796391,True
2025-11-29T16:24:46.851492,Marvel,8.868524688378693,True
2025-11-29T16:24:46.884007,Marvel,8.784181179709663,True
2025-11-29T16:24:46.920520,Marvel,8.74414738851792,True
2025-11-29T16:24:46.953805,Marvel,7.4413682814173985,True
2025-11-29T16:24:46.987408,Marvel,7.345799141794837,True
2025-11-29T16:24:47.021505,Marvel,6.677919433461307,True
2025-11-29T16:24:47.055578,Marvel,6.5836904825110585,True
2025-11-29T16:24:47.089553,Marvel,5.264942107639748,True
2025-11-29T16:24:47.123105,Marvel,5.145520698760465,True
2025-11-29T16:24:47.155460,Marvel,3.870944861487498,True
2025-11-29T16:24:47.190315,Marvel,3.2078866621772497,True
2025-11-29T16:24:47.223459,Marvel,3.151047625284558,True
2025-11-29T16:24:47.258308,Marvel,3.086708806647665,True
2025-11-29T16:24:47.294494,Marvel,3.0476684613659994,True
2025-11-29T16:24:47.327838,Marvel,3.0262239580825776,True
2025-11-29T16:24:47.364500,Marvel,2.9985988813206435,True
2025-11-29T16:24:47.400502,Marvel,2.98409455048522,True
2025-11-29T16:24:47.435459,Marvel,2.977224251367962,True
2025-11-29T16:24:47.470373,Marvel,2.977224251367962,True
2025-11-29T16:24:47.503286,Marvel,2.9932244025103896,True
2025-11-29T16:24:47.536962,Marvel,3.0223452995793276,True
2025-11-29T16:24:47.571382,Marvel,3.078429389718124,True
2025-11-29T16:24:47.605896,Marvel,3.0466265893199114,True
2025-11-29T16:24:47.639800,Marvel,3.0196037949889183,True
2025-11-29T16:24:47.676379,Marvel,2.985377049274627,True
2025-11-29T16:24:47.709636,Marvel,2.956731757540929,True
2025-11-29T16:24:47.744299,Marvel,2.9330340340825307,True
2025-11-29T16:24:47.778407,Marvel,2.9902186764787264,True
2025-11-29T16:24:47.812737,Marvel,2.9710171015189557,True
2025-11-29T16:24:47.846643,Marvel,4.249810935169423,True
2025-11-29T16:24:47.880824,Marvel,4.249810935169423,True
2025-11-29T16:24:47.913558,Marvel,4.226773213637397,True
2025-11-29T16:24:47.952102,Marvel,4.226773213637397,True
2025-11-29T16:24:47.985550,Marvel,4.226773213637397,True
2025-11-29T16:24:48.020636,Marvel,4.226773213637397,True
2025-11-29T16:24:48.056053,Marvel,4.226773213637397,True
2025-11-29T16:24:48.094657,Marvel,4.226773213637397,True
2025-11-29T16:24:48.130475,Marvel,4.226773213637397,True
2025-11-29T16:24:48.164541,Marvel,4.226773213637397,True
2025-11-29T16:24:48.199335,Marvel,4.226773213637397,True
2025-11-29T16:24:48.234458,Marvel,2.917254429057554,True
2025-11-29T16:24:48.269862,Marvel,2.808380204702079,True
2025-11-29T16:24:48.305012,Marvel,2.7257914221527346,True
2025-11-29T16:24:48.338616,Marvel,2.7257914221527346,True
2025-11-29T16:24:48.372294,Marvel,2.7257914221527346,True
2025-11-29T16:24:48.406700,Marvel,2.666331906530438,True
2025-11-29T16:24:48.443385,Marvel,2.6217331893261098,True
2025-11-29T16:24:48.476675,Marvel,2.6217331893261098,True
2025-11-29T16:24:48.510362,Marvel,2.6217331893261098,True
2025-11-29T16:24:48.545532,Marvel,2.6217331893261098,True
2025-11-29T16:24:48.578790,Marvel,2.6217331893261098,True
2025-11-29T16:24:48.613638,Marvel,2.612140714138355,True
2025-11-29T16:24:48.647735,Marvel,2.6521745053300982,True
2025-11-29T16:24:48.682712,Marvel,2.6655544045241353,True
2025-11-29T16:24:48.715897,Marvel,2.6838043684365864,True
2025-11-29T16:24:48.749563,Marvel,2.7236846859699564,True
2025-11-29T16:24:48.782548,Marvel,2.7192095898982234,True
2025-11-29T16:24:48.816526,Marvel,2.7389576362590056,True
2025-11-29T16:24:48.848973,Marvel,2.763885174004213,True
2025-11-29T16:24:48.882655,Marvel,4.0761171259032745,True
2025-11-29T16:24:48.916923,Marvel,4.153394247534134,True
2025-11-29T16:24:48.951230,Marvel,4.835200422563003,True
2025-11-29T16:24:48.988626,Marvel,4.869427168277293,True
2025-11-29T16:24:49.023705,Marvel,4.910149043247378,True
2025-11-29T16:24:49.058360,Marvel,4.958741590975577,True
2025-11-29T16:24:49.093489,Marvel,4.9959739561259235,True
2025-11-29T16:24:49.125982,Marvel,5.03956316907837,True
2025-11-29T16:24:49.160810,Marvel,5.100026511356459,True
2025-11-29T16:24:49.195052,Marvel,5.152198514537425,True
2025-11-29T16:24:49.233979,Marvel,5.214306126028506,True
2025-11-29T16:24:49.268859,Marvel,5.2903098972371865,True
2025-11-29T16:24:49.302895,Marvel,5.388579741095726,True
2025-11-29T16:24:49.340019,Marvel,5.533995797220724,True
2025-11-29T16:24:49.374291,Marvel,6.8199869030134215,True
2025-11-29T16:24:49.407577,Marvel,6.86280688072145,True
2025-11-29T16:24:49.443126,Marvel,6.962494213331725,True
2025-11-29T16:24:49.478346,Marvel,7.076517892620613,True
2025-11-29T16:24:49.514259,Marvel,7.7694805111460585,True
2025-11-29T16:24:49.548965,Marvel,9.095925467038871,True
2025-11-29T16:24:49.582861,Marvel,9.186811030140326,True
2025-11-29T16:24:49.618095,Marvel,9.186811030140326,True
2025-11-29T16:24:49.651072,Marvel,9.881670682429464,True
2025-11-29T16:24:49.686050,Marvel,9.881670682429464,True
2025-11-29T16:24:49.719959,Marvel,9.881670682429464,True
2025-11-29T16:24:49.754199,Marvel,9.881670682429464,True
2025-11-29T16:24:49.791923,Marvel,9.881670682429464,True
2025-11-29T16:24:49.829053,Marvel,9.881670682429464,True
2025-11-29T16:24:49.861197,Marvel,9.881670682429464,True
2025-11-29T16:24:49.895297,Marvel,9.881670682429464,True
2025-11-29T16:24:49.929845,Marvel,9.881670682429464,True
2025-11-29T16:24:49.964890,Marvel,9.881670682429464,True
2025-11-29T16:24:49.998774,Marvel,9.91692526680016,True
2025-11-29T16:24:50.031757,Marvel,9.956017691411684,True
2025-11-29T16:24:50.065505,Marvel,9.956017691411684,True
2025-11-29T16:24:50.099111,Marvel,9.91692526680016,True
2025-11-29T16:24:50.133667,Marvel,9.91692526680016,True
2025-11-29T16:24:50.168235,Marvel,9.91692526680016,True
2025-11-29T16:24:50.205093,Marvel,9.881670682429464,True
2025-11-29T16:24:50.239659,Marvel,9.849869229450574,True
2025-11-29T16:24:50.276176,Marvel,9.849869229450574,True
2025-11-29T16:24:50.309641,Marvel,9.849869229450574,True
2025-11-29T16:24:50.344965,Marvel,9.881670682429464,True
2025-11-29T16:24:50.379979,Marvel,9.881670682429464,True
2025-11-29T16:24:50.415509,Marvel,9.881670682429464,True
2025-11-29T16:24:50.449631,Marvel,9.881670682429464,True
2025-11-29T16:24:50.483469,Marvel,9.91692526680016,True
2025-11-29T16:24:50.520021,Marvel,9.956017691411684,True
2025-11-29T16:24:50.555191,Marvel,9.956017691411684,True
2025-11-29T16:24:50.592122,Marvel,9.956017691411684,True
2025-11-29T16:24:50.626692,Marvel,9.956017691411684,True
2025-11-29T16:24:50.660239,Marvel,9.956017691411684,True
2025-11-29T16:24:50.693457,Marvel,9.956017691411684,True
2025-11-29T16:24:50.728283,Marvel,9.956017691411684,True
2025-11-29T16:24:50.762342,Marvel,9.956017691411684,True
2025-11-29T16:24:50.797588,Marvel,9.956017691411684,True
2025-11-29T16:24:50.833078,Marvel,9.259984751078626,True
2025-11-29T16:24:50.868340,Marvel,7.931699789768639,True
2025-11-29T16:24:50.900624,Marvel,7.840201255028575,True
2025-11-29T16:24:50.935989,Marvel,7.692131049530922,True
2025-11-29T16:24:50.968514,Marvel,7.6303225260882375,True
2025-11-29T16:24:51.002731,Marvel,7.529961604647433,True
2025-11-29T16:24:51.036918,Marvel,7.451793112966022,True
2025-11-29T16:24:51.076431,Marvel,7.387441865628162,True
2025-11-29T16:24:51.110903,Marvel,7.3706521182981755,True
2025-11-29T16:24:51.145093,Marvel,7.365207766157181,True
2025-11-29T16:24:51.180094,Marvel,7.323022012437438,True
2025-11-29T16:24:51.214348,Marvel,7.332941460650166,True
2025-11-29T16:24:51.249979,Marvel,7.299757667149515,True
2025-11-29T16:24:51.284325,Marvel,7.270608926160183,True
2025-11-29T16:24:51.319313,Marvel,7.24512398632428,True
2025-11-29T16:24:51.353359,Marvel,7.223017244138336,True
2025-11-29T16:24:51.387482,Marvel,7.204066304436976,True
2025-11-29T16:24:51.421492,Marvel,7.1880970366661865,True
2025-11-29T16:24:51.455981,Marvel,7.174973354117147,True
2025-11-29T16:24:51.496990,Marvel,7.1645900977004215,True
2025-11-29T16:24:51.532458,Marvel,7.156868044396679,True
2025-11-29T16:24:51.566801,Marvel,7.151750431450126,True
2025-11-29T16:24:51.604935,Marvel,7.149200613310572,True
2025-11-29T16:24:51.638138,Marvel,7.149200613310572,True
2025-11-29T16:24:51.672337,Marvel,7.151750431450126,True
2025-11-29T16:24:51.706712,Marvel,7.19718547051381,True
2025-11-29T16:24:51.743147,Marvel,7.203409441369222,True
2025-11-29T16:24:51.778084,Marvel,7.174182572888177,True
2025-11-29T16:24:51.812323,Marvel,7.184565829304902,True
2025-11-29T16:24:51.847602,Marvel,7.212375244873239,True
2025-11-29T16:24:51.881629,Marvel,7.283218390553118,True
2025-11-29T16:24:51.915178,Marvel,7.376534845842261,True
2025-11-29T16:24:51.949914,Marvel,7.491987547565389,True
2025-11-29T16:24:51.986594,Marvel,8.791556566245761,True
2025-11-29T16:24:52.020378,Marvel,8.791556566245761,True
2025-11-29T16:24:52.054679,Marvel,8.791556566245761,True
2025-11-29T16:24:52.087177,Marvel,8.791556566245761,True
2025-11-29T16:24:52.120346,Marvel,8.790611007975086,True
2025-11-29T16:24:52.153164,Marvel,8.790611007975086,True
2025-11-29T16:24:52.186777,Marvel,8.790611007975086,True
2025-11-29T16:24:52.222491,Marvel,8.790611007975086,True
2025-11-29T16:24:52.256910,Marvel,8.790611007975086,True
2025-11-29T16:24:52.290728,Marvel,8.790611007975086,True
2025-11-29T16:24:52.326324,Marvel,8.790611007975086,True
2025-11-29T16:24:52.362945,Marvel,8.790611007975086,True
2025-11-29T16:24:52.395942,Marvel,8.790611007975086,True
2025-11-29T16:24:52.432122,Marvel,8.790611007975086,True
2025-11-29T16:24:52.466810,Marvel,8.790611007975086,True
2025-11-29T16:24:52.501206,Marvel,7.487831900874565,True
2025-11-29T16:24:52.536573,Marvel,7.366128667693912,True
2025-11-29T16:24:52.571872,Marvel,7.287835921904885,True
2025-11-29T16:24:52.610397,Marvel,7.269797477864631,True
2025-11-29T16:24:52.643013,Marvel,7.27300756628478,True
2025-11-29T16:24:52.681043,Marvel,7.25988388373574,True
2025-11-29T16:24:52.715534,Marvel,7.271834760495536,True
2025-11-29T16:24:52.750973,Marvel,7.201991988456514,True
2025-11-29T16:24:52.783685,Marvel,7.194269935152771,True
2025-11-29T16:24:52.818307,Marvel,7.139705044063917,True
2025-11-29T16:24:52.853543,Marvel,7.135755366966301,True
2025-11-29T16:24:52.890506,Marvel,7.092724773529951,True
2025-11-29T16:24:52.926970,Marvel,7.092724773529951,True
2025-11-29T16:24:52.964423,Marvel,7.059277646530077,True
2025-11-29T16:24:53.000243,Marvel,7.03277295411953,True
2025-11-29T16:24:53.036172,Marvel,7.012353783778899,True
2025-11-29T16:24:53.071689,Marvel,6.997454298356089,True
2025-11-29T16:24:53.105625,Marvel,6.987705568194859,True
2025-11-29T16:24:53.139636,Marvel,6.982884059171576,True
2025-11-29T16:24:53.175450,Marvel,6.982884059171576,True
2025-11-29T16:24:53.211427,Marvel,6.987705568194859,True
2025-11-29T16:24:53.245980,Marvel,7.0069071431546295,True
2025-11-29T16:24:53.280189,Marvel,7.030604866613028,True
2025-11-29T16:24:53.314394,Marvel,7.0592501583467255,True
2025-11-29T16:24:53.351198,Marvel,7.093476904061016,True
2025-11-29T16:24:53.385785,Marvel,7.120184353581568,True
2025-11-29T16:24:53.419625,Marvel,7.155653218760727,True
2025-11-29T16:24:53.457559,Marvel,7.201991988456514,True
2025-11-29T16:24:53.491240,Marvel,7.263061930076994,True
2025-11-29T16:24:53.526159,Marvel,7.291974540621169,True
2025-11-29T16:24:53.559244,Marvel,7.376061405618844,True
2025-11-29T16:24:53.595502,Marvel,7.415061478159288,True
2025-11-29T16:24:53.628887,Marvel,7.554803155380195,True
2025-11-29T16:24:53.663585,Marvel,8.87446402591261,True
2025-11-29T16:24:53.697742,Marvel,8.930362442178115,True
2025-11-29T16:24:53.732678,Marvel,9.015544463775193,True
2025-11-29T16:24:53.768113,Marvel,9.015544463775193,True
2025-11-29T16:24:53.802933,Marvel,9.015544463775193,True
2025-11-29T16:24:53.837415,Marvel,9.015544463775193,True
2025-11-29T16:24:53.875840,Marvel,9.70489335920629,True
2025-11-29T16:24:53.910883,Marvel,9.70489335920629,True
2025-11-29T16:24:53.944648,Marvel,9.693632884815571,True
2025-11-29T16:24:53.979035,Marvel,9.693632884815571,True
2025-11-29T16:24:54.015303,Marvel,9.693632884815571,True
2025-11-29T16:24:54.049690,Marvel,9.693632884815571,True
2025-11-29T16:24:54.086518,Marvel,9.693632884815571,True
2025-11-29T16:24:54.119184,Marvel,9.693632884815571,True
2025-11-29T16:24:54.154604,Marvel,9.693632884815571,True
2025-11-29T16:24:54.189184,Marvel,9.693632884815571,True
2025-11-29T16:24:54.225395,Marvel,9.693632884815571,True
2025-11-29T16:24:54.260777,Marvel,9.70489335920629,True
2025-11-29T16:24:54.294042,Marvel,9.718329106346157,True
2025-11-29T16:24:54.328015,Marvel,9.734010167655352,True
2025-11-29T16:24:54.362718,Marvel,9.734010167655352,True
2025-11-29T16:24:54.398286,Marvel,9.734010167655352,True
2025-11-29T16:24:54.433405,Marvel,9.734010167655352,True
2025-11-29T16:24:54.468316,Marvel,9.734010167655352,True
2025-11-29T16:24:54.501707,Marvel,9.752022645297426,True
2025-11-29T16:24:54.534830,Marvel,9.734010167655352,True
2025-11-29T16:24:54.571381,Marvel,9.734010167655352,True
2025-11-29T16:24:54.604968,Marvel,9.718329106346157,True
2025-11-29T16:24:54.638162,Marvel,9.718329106346157,True
2025-11-29T16:24:54.670350,Marvel,9.70489335920629,True
2025-11-29T16:24:54.704228,Marvel,9.70489335920629,True
2025-11-29T16:24:54.738137,Marvel,9.70489335920629,True
2025-11-29T16:24:54.773730,Marvel,9.718329106346157,True
2025-11-29T16:24:54.806482,Marvel,9.734010167655352,True
2025-11-29T16:24:54.847822,Marvel,9.752022645297426,True
2025-11-29T16:24:54.880755,Marvel,9.772471673847999,True
2025-11-29T16:24:54.914950,Marvel,9.79548540777045,True
2025-11-29T16:24:54.949252,Marvel,9.821220432832206,True
2025-11-29T16:24:54.985253,Marvel,9.821220432832206,True
2025-11-29T16:24:55.019798,Marvel,9.79548540777045,True
2025-11-29T16:24:55.056598,Marvel,9.79548540777045,True
2025-11-29T16:24:55.089274,Marvel,9.79548540777045,True
2025-11-29T16:24:55.121709,Marvel,8.494775476939393,True
2025-11-29T16:24:55.154767,Marvel,7.829177592907233,True
2025-11-29T16:24:55.189597,Marvel,7.7694805111460585,True
2025-11-29T16:24:55.222687,Marvel,7.655456831857171,True
2025-11-29T16:24:55.256215,Marvel,7.555095910416366,True
2025-11-29T16:24:55.291753,Marvel,7.512275932708337,True
2025-11-29T16:24:55.323710,Marvel,6.8199869030134215,True
2025-11-29T16:24:55.359058,Marvel,6.755635655675562,True
2025-11-29T16:24:55.394176,Marvel,6.701135250697566,True
2025-11-29T16:24:55.427685,Marvel,6.654252376557824,True
2025-11-29T16:24:55.463075,Marvel,6.6135892683501645,True
2025-11-29T16:24:55.497770,Marvel,5.292215906706487,True
2025-11-29T16:24:55.530705,Marvel,5.15068775564126,True
2025-11-29T16:24:55.566362,Marvel,3.831026885108843,True
2025-11-29T16:24:55.601418,Marvel,3.6912852078879363,True
2025-11-29T16:24:55.637712,Marvel,3.5989232212791946,True
2025-11-29T16:24:55.670571,Marvel,3.559882875997529,True
2025-11-29T16:24:55.702677,Marvel,3.5031608498850173,True
2025-11-29T16:24:55.736379,Marvel,3.456619452912474,True
2025-11-29T16:24:55.771777,Marvel,3.418054712966048,True
2025-11-29T16:24:55.806644,Marvel,2.7374164737861153,True
2025-11-29T16:24:55.839464,Marvel,2.650616441469221,True
2025-11-29T16:24:55.873137,Marvel,2.5758891379779163,True
2025-11-29T16:24:55.905664,Marvel,2.5133211139091047,True
2025-11-29T16:24:55.939470,Marvel,2.465371918215135,True
2025-11-29T16:24:55.974246,Marvel,2.423598074531933,True
2025-11-29T16:24:56.007597,Marvel,2.388129209352775,True
2025-11-29T16:24:56.040799,Marvel,2.3614217598322234,True
2025-11-29T16:24:56.075419,Marvel,2.3422278387221303,True
2025-11-29T16:24:56.107822,Marvel,2.32979083798514,True
2025-11-29T16:24:56.142845,Marvel,2.3236731543964266,True
2025-11-29T16:24:56.175554,Marvel,2.3236731543964266,True
2025-11-29T16:24:56.207812,Marvel,2.32979083798514,True
2025-11-29T16:24:56.240820,Marvel,2.3467029347938633,True
2025-11-29T16:24:56.275333,Marvel,2.3713412080449507,True
2025-11-29T16:24:56.308347,Marvel,2.40491895668276,True
2025-11-29T16:24:56.343113,Marvel,2.449517673887088,True
2025-11-29T16:24:56.375864,Marvel,2.4885580191687535,True
2025-11-29T16:24:56.410393,Marvel,2.5419199332370526,True
2025-11-29T16:24:56.443072,Marvel,2.6444292453076126,True
2025-11-29T16:24:56.477552,Marvel,1.9912683620124414,True
2025-11-29T16:24:56.513801,Marvel,1.945943692338077,True
2025-11-29T16:24:56.549536,Marvel,1.9558631405508051,True
2025-11-29T16:24:56.583370,Marvel,1.9764325203071542,True
2025-11-29T16:24:56.617616,Marvel,1.9809974463197393,True
2025-11-29T16:24:56.650704,Marvel,2.0128405194591745,True
2025-11-29T16:24:56.685301,Marvel,2.0752895218828855,True
2025-11-29T16:24:56.719870,Marvel,3.3697489212564182,True
2025-11-29T16:24:56.754334,Marvel,3.46531806087898,True
2025-11-29T16:24:56.788953,Marvel,4.739893898151946,True
2025-11-29T16:24:56.822879,Marvel,4.709799511783041,True
2025-11-29T16:24:56.856580,Marvel,4.748184009009407,True
2025-11-29T16:24:56.890491,Marvel,5.389929623784846,True
2025-11-29T16:24:56.923147,Marvel,5.361726353957291,True
2025-11-29T16:24:56.957629,Marvel,5.3355922603992,True
2025-11-29T16:24:56.992118,Marvel,5.311739991142479,True
2025-11-29T16:24:57.028502,Marvel,5.978478787325324,True
2025-11-29T16:24:57.060822,Marvel,5.957166202790516,True
2025-11-29T16:24:57.095161,Marvel,5.93871166312419,True
2025-11-29T16:24:57.128914,Marvel,5.923516762178096,True
2025-11-29T16:24:57.164265,Marvel,5.912101493658364,True
2025-11-29T16:24:57.198662,Marvel,5.900686225138632,True
2025-11-29T16:24:57.231512,Marvel,5.893746052690634,True
2025-11-29T16:24:57.264686,Marvel,5.878551151744539,True
2025-11-29T16:24:57.299426,Marvel,5.867135883224806,True
2025-11-29T16:24:57.333471,Marvel,5.860195710776809,True
2025-11-29T16:24:57.368282,Marvel,5.858699890469804,True
2025-11-29T16:24:57.402310,Marvel,5.864074369280059,True
2025-11-29T16:24:57.437615,Marvel,5.878578700115483,True
2025-11-29T16:24:57.473359,Marvel,5.906203776877417,True
2025-11-29T16:24:57.506399,Marvel,5.901985780499915,True
2025-11-29T16:24:57.541047,Marvel,5.900489960192912,True
2025-11-29T16:24:57.573817,Marvel,5.91042936501575,True
2025-11-29T16:24:57.606335,Marvel,5.915803843826005,True
2025-11-29T16:24:57.640157,Marvel,5.930308174661429,True
2025-11-29T16:24:57.672023,Marvel,5.968692671887794,True
2025-11-29T16:24:57.712051,Marvel,5.996317748649728,True
2025-11-29T16:24:57.744840,Marvel,6.045461666340525,True
2025-11-29T16:24:57.779724,Marvel,6.141030805963087,True
2025-11-29T16:24:57.813259,Marvel,6.13409063351509,True
2025-11-29T16:24:57.846206,Marvel,6.132594813208085,True
2025-11-29T16:24:57.879752,Marvel,6.13796929201834,True
2025-11-29T16:24:57.914873,Marvel,6.152473622853764,True
2025-11-29T16:24:57.948871,Marvel,6.180098699615698,True
2025-11-29T16:24:57.986066,Marvel,6.229242617306495,True
2025-11-29T16:24:58.020113,Marvel,6.324811756929057,True
2025-11-29T16:24:58.055704,Marvel,7.599387594202023,True
2025-11-29T16:24:58.089627,Marvel,8.873963431474987,True
2025-11-29T16:24:58.123975,Marvel,8.24113320897746,True
2025-11-29T16:24:58.157864,Marvel,8.319425954766489,True
2025-11-29T16:24:58.192943,Marvel,8.319425954766489,True
2025-11-29T16:24:58.226832,Marvel,8.319425954766489,True
2025-11-29T16:24:58.261845,Marvel,8.319425954766489,True
2025-11-29T16:24:58.295072,Marvel,7.140419257116086,True
2025-11-29T16:24:58.328167,Marvel,5.836694591744891,True
2025-11-29T16:24:58.360210,Marvel,5.7161322707149225,True
2025-11-29T16:24:58.396118,Marvel,5.6471047909235565,True
2025-11-29T16:24:58.429407,Marvel,5.538230566568082,True
2025-11-29T16:24:58.461864,Marvel,4.896484951792643,True
2025-11-29T16:24:58.498519,Marvel,4.847341034101845,True
2025-11-29T16:24:58.532553,Marvel,3.5727651968288794,True
2025-11-29T16:24:58.568061,Marvel,3.5451401200669452,True
2025-11-29T16:24:58.602042,Marvel,3.5306357892315217,True
2025-11-29T16:24:58.636072,Marvel,3.525261310421268,True
2025-11-29T16:24:58.668957,Marvel,3.429692170798706,True
2025-11-29T16:24:58.701158,Marvel,3.380548253107908,True
2025-11-29T16:24:58.734244,Marvel,3.348705179968473,True
2025-11-29T16:24:58.767979,Marvel,2.074129342695507,True
2025-11-29T16:24:58.800075,Marvel,1.9785602030729454,True
2025-11-29T16:24:58.832215,Marvel,1.9294162853821475,True
2025-11-29T16:24:58.866879,Marvel,1.914911954546724,True
2025-11-29T16:24:58.898825,Marvel,1.8872868777847898,True
2025-11-29T16:24:58.931538,Marvel,1.8819123989745359,True
2025-11-29T16:24:58.965962,Marvel,1.8834082192815396,True
2025-11-29T16:24:58.999049,Marvel,1.8903483917295378,True
2025-11-29T16:24:59.035149,Marvel,1.9017636602492696,True
2025-11-29T16:24:59.069204,Marvel,1.9169585611953648,True
2025-11-29T16:24:59.102940,Marvel,1.9354131008616902,True
2025-11-29T16:24:59.137066,Marvel,1.956725685396499,True
2025-11-29T16:24:59.173185,Marvel,1.98057795465322,True
2025-11-29T16:24:59.207049,Marvel,2.0067120482113117,True
2025-11-29T16:24:59.241115,Marvel,2.034915318038867,True
2025-11-29T16:24:59.274425,Marvel,2.0650097044077715,True
2025-11-29T16:24:59.309310,Marvel,2.096844143268134,True
2025-11-29T16:24:59.341766,Marvel,2.1302890081266805,True
2025-11-29T16:24:59.375990,Marvel,2.0919045109003145,True
2025-11-29T16:24:59.408857,Marvel,2.126847458207192,True
2025-11-29T16:24:59.442672,Marvel,2.1631902644721306,True
2025-11-29T16:24:59.476362,Marvel,2.200846379098227,True
2025-11-29T16:24:59.512317,Marvel,2.23973900350272,True
2025-11-29T16:24:59.547474,Marvel,2.27979956375615,True
2025-11-29T16:24:59.584570,Marvel,2.320966481918439,True
2025-11-29T16:24:59.619812,Marvel,2.3631841771955275,True
2025-11-29T16:24:59.651485,Marvel,2.4064022461134713,True
2025-11-29T16:24:59.685987,Marvel,2.4505747837118164,True
2025-11-29T16:24:59.719043,Marvel,2.4956598169712674,True
2025-11-29T16:24:59.752985,Marvel,2.541618828413933,True
2025-11-29T16:24:59.788604,Marvel,2.588416352784645,True
2025-11-29T16:24:59.822757,Marvel,3.910595470713268,True
2025-11-29T16:24:59.856038,Marvel,3.9689135699828526,True
2025-11-29T16:24:59.889602,Marvel,3.992793736373795,True
2025-11-29T16:24:59.923077,Marvel,4.683665277316976,True
2025-11-29T16:24:59.958537,Marvel,6.008088031092377,True
2025-11-29T16:24:59.991713,Marvel,6.107775363702652,True
2025-11-29T16:25:00.025533,Marvel,6.164366846262913,True
2025-11-29T16:25:00.059785,Marvel,6.254561507075221,True
2025-11-29T16:25:00.092181,Marvel,7.581006462968032,True
2025-11-29T16:25:00.125351,Marvel,7.6480118596785465,True
2025-11-29T16:25:00.158960,Marvel,7.73951039441861,True
2025-11-29T16:25:00.192693,Marvel,7.820844595217567,True
2025-11-29T16:25:00.228397,Marvel,7.820844595217567,True
2025-11-29T16:25:00.261552,Marvel,7.871484333215369,True
2025-11-29T16:25:00.300326,Marvel,8.021340798395551,True
2025-11-29T16:25:00.338320,Marvel,9.350766197106664,True
2025-11-29T16:25:00.371436,Marvel,9.350766197106664,True
2025-11-29T16:25:00.409147,Marvel,9.350766197106664,True
2025-11-29T16:25:00.444764,Marvel,9.350766197106664,True
2025-11-29T16:25:00.480921,Marvel,9.404667055486856,True
2025-11-29T16:25:00.515147,Marvel,9.465970993595661,True
2025-11-29T16:25:00.549070,Marvel,9.53692395111983,True
2025-11-29T16:25:00.583117,Marvel,9.53692395111983,True
2025-11-29T16:25:00.617345,Marvel,9.62150387924363,True
2025-11-29T16:25:00.650189,Marvel,9.62150387924363,True
2025-11-29T16:25:00.687545,Marvel,9.62150387924363,True
2025-11-29T16:25:00.724723,Marvel,9.62150387924363,True
2025-11-29T16:25:00.759898,Marvel,9.62150387924363,True
2025-11-29T16:25:00.794679,Marvel,9.62150387924363,True
2025-11-29T16:25:00.828355,Marvel,9.62150387924363,True
2025-11-29T16:25:00.862607,Marvel,9.62150387924363,True
2025-11-29T16:25:00.896694,Marvel,9.53692395111983,True
2025-11-29T16:25:00.929606,Marvel,9.53692395111983,True
2025-11-29T16:25:00.964315,Marvel,9.53692395111983,True
2025-11-29T16:25:00.999196,Marvel,9.53692395111983,True
2025-11-29T16:25:01.032453,Marvel,9.53692395111983,True
2025-11-29T16:25:01.066262,Marvel,9.53692395111983,True
2025-11-29T16:25:01.102538,Marvel,10.235624417257135,True
2025-11-29T16:25:01.136172,Marvel,10.235624417257135,True
2025-11-29T16:25:01.170599,Marvel,10.235624417257135,True
2025-11-29T16:25:01.206687,Marvel,10.235624417257135,True
2025-11-29T16:25:01.242324,Marvel,10.164165235059844,True
2025-11-29T16:25:01.279092,Marvel,10.164165235059844,True
2025-11-29T16:25:01.314494,Marvel,10.164165235059844,True
2025-11-29T16:25:01.350026,Marvel,10.164165235059844,True
2025-11-29T16:25:01.384430,Marvel,10.164165235059844,True
2025-11-29T16:25:01.422047,Marvel,10.164165235059844,True
2025-11-29T16:25:01.457588,Marvel,10.102342129560848,True
2025-11-29T16:25:01.495377,Marvel,10.102342129560848,True
2025-11-29T16:25:01.529601,Marvel,10.102342129560848,True
2025-11-29T16:25:01.565437,Marvel,10.102342129560848,True
2025-11-29T16:25:01.603763,Marvel,10.102342129560848,True
2025-11-29T16:25:01.636971,Marvel,10.164165235059844,True
2025-11-29T16:25:01.671358,Marvel,10.164165235059844,True
2025-11-29T16:25:01.704901,Marvel,10.164165235059844,True
2025-11-29T16:25:01.741577,Marvel,10.102342129560848,True
2025-11-29T16:25:01.775335,Marvel,10.102342129560848,True
2025-11-29T16:25:01.810201,Marvel,10.102342129560848,True
2025-11-29T16:25:01.846384,Marvel,10.102342129560848,True
2025-11-29T16:25:01.882657,Marvel,10.102342129560848,True
2025-11-29T16:25:01.916056,Marvel,10.102342129560848,True
2025-11-29T16:25:01.951546,Marvel,10.102342129560848,True
2025-11-29T16:25:01.984907,Marvel,10.102342129560848,True
2025-11-29T16:25:02.019928,Marvel,10.102342129560848,True
2025-11-29T16:25:02.054886,Marvel,10.102342129560848,True
2025-11-29T16:25:02.088955,Marvel,10.102342129560848,True
2025-11-29T16:25:02.124660,Marvel,10.102342129560848,True
2025-11-29T16:25:02.158483,Marvel,10.047908490569297,True
2025-11-29T16:25:02.193346,Marvel,10.047908490569297,True
2025-11-29T16:25:02.228212,Marvel,10.047908490569297,True
2025-11-29T16:25:02.264474,Marvel,10.047908490569297,True
2025-11-29T16:25:02.302191,Marvel,9.999451984330102,True
2025-11-29T16:25:02.335186,Marvel,9.999451984330102,True
2025-11-29T16:25:02.368929,Marvel,9.999451984330102,True
2025-11-29T16:25:02.404494,Marvel,9.999451984330102,True
2025-11-29T16:25:02.440504,Marvel,9.999451984330102,True
2025-11-29T16:25:02.474462,Marvel,9.999451984330102,True
2025-11-29T16:25:02.510440,Marvel,9.999451984330102,True
2025-11-29T16:25:02.544829,Marvel,9.999451984330102,True
2025-11-29T16:25:02.578434,Marvel,9.999451984330102,True
2025-11-29T16:25:02.612495,Marvel,9.999451984330102,True
2025-11-29T16:25:02.643990,Marvel,10.047908490569297,True
2025-11-29T16:25:02.679047,Marvel,10.047908490569297,True
2025-11-29T16:25:02.714918,Marvel,10.047908490569297,True
2025-11-29T16:25:02.749086,Marvel,10.047908490569297,True
2025-11-29T16:25:02.784271,Marvel,10.047908490569297,True
2025-11-29T16:25:02.818790,Marvel,10.047908490569297,True
2025-11-29T16:25:02.854075,Marvel,10.047908490569297,True
2025-11-29T16:25:02.888157,Marvel,10.047908490569297,True
2025-11-29T16:25:02.924662,Marvel,10.047908490569297,True
2025-11-29T16:25:02.959545,Marvel,10.047908490569297,True
2025-11-29T16:25:02.998067,Marvel,10.102342129560848,True
2025-11-29T16:25:03.032459,Marvel,10.102342129560848,True
2025-11-29T16:25:03.068702,Marvel,9.404667055486856,True
2025-11-29T16:25:03.102728,Marvel,9.404667055486856,True
2025-11-29T16:25:03.134903,Marvel,9.404667055486856,True
2025-11-29T16:25:03.170815,Marvel,9.404667055486856,True
2025-11-29T16:25:03.205002,Marvel,9.465970993595661,True
2025-11-29T16:25:03.240393,Marvel,9.465970993595661,True
2025-11-29T16:25:03.275483,Marvel,9.465970993595661,True
2025-11-29T16:25:03.308952,Marvel,9.465970993595661,True
2025-11-29T16:25:03.344405,Marvel,9.404667055486856,True
2025-11-29T16:25:03.378015,Marvel,9.404667055486856,True
2025-11-29T16:25:03.411592,Marvel,9.350766197106664,True
2025-11-29T16:25:03.447535,Marvel,9.350766197106664,True
2025-11-29T16:25:03.481631,Marvel,9.404667055486856,True
2025-11-29T16:25:03.516426,Marvel,9.404667055486856,True
2025-11-29T16:25:03.549838,Marvel,9.465970993595661,True
2025-11-29T16:25:03.584568,Marvel,9.465970993595661,True
2025-11-29T16:25:03.617214,Marvel,9.465970993595661,True
2025-11-29T16:25:03.652366,Marvel,9.465970993595661,True
2025-11-29T16:25:03.684562,Marvel,9.404667055486856,True
2025-11-29T16:25:03.717464,Marvel,9.404667055486856,True
2025-11-29T16:25:03.751519,Marvel,9.404667055486856,True
2025-11-29T16:25:03.786521,Marvel,9.404667055486856,True
2025-11-29T16:25:03.820025,Marvel,9.404667055486856,True
2025-11-29T16:25:03.853530,Marvel,9.404667055486856,True
2025-11-29T16:25:03.887666,Marvel,9.465970993595661,True
2025-11-29T16:25:03.922461,Marvel,9.465970993595661,True
2025-11-29T16:25:03.958189,Marvel,9.465970993595661,True
2025-11-29T16:25:03.994000,Marvel,9.465970993595661,True
2025-11-29T16:25:04.027866,Marvel,9.53692395111983,True
2025-11-29T16:25:04.065031,Marvel,9.465970993595661,True
2025-11-29T16:25:04.097310,Marvel,9.404667055486856,True
2025-11-29T16:25:04.131858,Marvel,9.404667055486856,True
2025-11-29T16:25:04.166433,Marvel,9.404667055486856,True
2025-11-29T16:25:04.203181,Marvel,9.350766197106664,True
2025-11-29T16:25:04.236678,Marvel,9.350766197106664,True
2025-11-29T16:25:04.271766,Marvel,9.350766197106664,True
2025-11-29T16:25:04.304429,Marvel,9.302856808116516,True
2025-11-29T16:25:04.339207,Marvel,9.259984751078626,True
2025-11-29T16:25:04.374218,Marvel,9.221470527987698,True
2025-11-29T16:25:04.407307,Marvel,9.221470527987698,True
2025-11-29T16:25:04.440054,Marvel,9.221470527987698,True
2025-11-29T16:25:04.472524,Marvel,9.221470527987698,True
2025-11-29T16:25:04.506007,Marvel,9.221470527987698,True
2025-11-29T16:25:04.539268,Marvel,9.221470527987698,True
2025-11-29T16:25:04.572197,Marvel,9.221470527987698,True
2025-11-29T16:25:04.606275,Marvel,9.221470527987698,True
2025-11-29T16:25:04.640082,Marvel,9.221470527987698,True
2025-11-29T16:25:04.673825,Marvel,9.221470527987698,True
2025-11-29T16:25:04.707665,Marvel,9.186811030140326,True
2025-11-29T16:25:04.741364,Marvel,9.155622548800045,True
2025-11-29T16:25:04.774163,Marvel,9.821220432832206,True
2025-11-29T16:25:04.808764,Marvel,9.79548540777045,True
2025-11-29T16:25:04.841432,Marvel,9.79548540777045,True
2025-11-29T16:25:04.876573,Marvel,9.79548540777045,True
2025-11-29T16:25:04.910455,Marvel,9.79548540777045,True
2025-11-29T16:25:04.944045,Marvel,9.79548540777045,True
2025-11-29T16:25:04.978707,Marvel,9.79548540777045,True
2025-11-29T16:25:05.013854,Marvel,9.79548540777045,True
2025-11-29T16:25:05.048228,Marvel,9.821220432832206,True
2025-11-29T16:25:05.081861,Marvel,8.494775476939393,True
2025-11-29T16:25:05.116307,Marvel,8.37535406806011,True
2025-11-29T16:25:05.150671,Marvel,7.682391449534665,True
2025-11-29T16:25:05.186187,Marvel,7.58270411692439,True
2025-11-29T16:25:05.222373,Marvel,7.5052321236600195,True
2025-11-29T16:25:05.256205,Marvel,6.181530360219313,True
2025-11-29T16:25:05.290801,Marvel,6.037582526150005,True
2025-11-29T16:25:05.324292,Marvel,5.9408353278035495,True
2025-11-29T16:25:05.357498,Marvel,5.866412726670903,True
2025-11-29T16:25:05.390232,Marvel,5.830595811300672,True
2025-11-29T16:25:05.423844,Marvel,5.779262321047752,True
2025-11-29T16:25:05.456864,Marvel,5.76230360168843,True
2025-11-29T16:25:05.489532,Marvel,5.702714237593556,True
2025-11-29T16:25:05.522879,Marvel,5.653167221184956,True
2025-11-29T16:25:05.556278,Marvel,5.611444972574016,True
2025-11-29T16:25:05.592374,Marvel,5.611444972574016,True
2025-11-29T16:25:05.624554,Marvel,5.611444972574016,True
2025-11-29T16:25:05.659924,Marvel,5.611444972574016,True
2025-11-29T16:25:05.693095,Marvel,5.611444972574016,True
2025-11-29T16:25:05.728882,Marvel,5.611444972574016,True
2025-11-29T16:25:05.764299,Marvel,5.6394681405458655,True
2025-11-29T16:25:05.797059,Marvel,5.672225409624478,True
2025-11-29T16:25:05.832662,Marvel,5.672225409624478,True
2025-11-29T16:25:05.865927,Marvel,5.672225409624478,True
2025-11-29T16:25:05.899855,Marvel,5.710370270435931,True
2025-11-29T16:25:05.934092,Marvel,5.710370270435931,True
2025-11-29T16:25:05.969041,Marvel,5.710370270435931,True
2025-11-29T16:25:06.006780,Marvel,5.754833461571592,True
2025-11-29T16:25:06.045854,Marvel,5.807005464752558,True
2025-11-29T16:25:06.081529,Marvel,5.869113076243639,True
2025-11-29T16:25:06.114781,Marvel,5.869113076243639,True
2025-11-29T16:25:06.148478,Marvel,5.869113076243639,True
2025-11-29T16:25:06.181682,Marvel,5.869113076243639,True
2025-11-29T16:25:06.214853,Marvel,5.869113076243639,True
2025-11-29T16:25:06.250211,Marvel,5.869113076243639,True
2025-11-29T16:25:06.283312,Marvel,5.179764180812543,True
2025-11-29T16:25:06.317156,Marvel,5.179764180812543,True
2025-11-29T16:25:06.350476,Marvel,5.179764180812543,True
2025-11-29T16:25:06.387178,Marvel,5.179764180812543,True
2025-11-29T16:25:06.421825,Marvel,5.254992538230135,True
2025-11-29T16:25:06.456765,Marvel,5.352515150367679,True
2025-11-29T16:25:06.490672,Marvel,5.497210216157982,True
2025-11-29T16:25:06.525010,Marvel,6.821632969933384,True
2025-11-29T16:25:06.559174,Marvel,6.821632969933384,True
2025-11-29T16:25:06.593086,Marvel,6.821632969933384,True
2025-11-29T16:25:06.627200,Marvel,6.821632969933384,True
2025-11-29T16:25:06.664656,Marvel,6.821632969933384,True
2025-11-29T16:25:06.698544,Marvel,6.821632969933384,True
2025-11-29T16:25:06.730863,Marvel,6.821632969933384,True
2025-11-29T16:25:06.766117,Marvel,6.821632969933384,True
2025-11-29T16:25:06.801040,Marvel,6.870680564545857,True
2025-11-29T16:25:06.834407,Marvel,6.927272047106118,True
2025-11-29T16:25:06.868547,Marvel,7.620886780501403,True
2025-11-29T16:25:06.907581,Marvel,6.360815274063861,True
2025-11-29T16:25:06.941430,Marvel,6.440941416700886,True
2025-11-29T16:25:06.976482,Marvel,6.49255963390758,True
2025-11-29T16:25:07.010724,Marvel,6.551643236754856,True
2025-11-29T16:25:07.049247,Marvel,6.6204348931479,True
2025-11-29T16:25:07.082050,Marvel,6.7029095313479825,True
2025-11-29T16:25:07.115588,Marvel,6.807450127725974,True
2025-11-29T16:25:07.151407,Marvel,6.807450127725974,True
2025-11-29T16:25:07.188322,Marvel,8.137955424297493,True
2025-11-29T16:25:07.220428,Marvel,8.243547968677035,True
2025-11-29T16:25:07.254888,Marvel,8.289973190608798,True
2025-11-29T16:25:07.287863,Marvel,9.62150387924363,True
2025-11-29T16:25:07.321486,Marvel,9.62150387924363,True
2025-11-29T16:25:07.354678,Marvel,9.62150387924363,True
2025-11-29T16:25:07.387121,Marvel,9.62150387924363,True
2025-11-29T16:25:07.421641,Marvel,9.62150387924363,True
2025-11-29T16:25:07.454800,Marvel,9.62150387924363,True
2025-11-29T16:25:07.489189,Marvel,9.62150387924363,True
2025-11-29T16:25:07.521867,Marvel,9.62150387924363,True
2025-11-29T16:25:07.556281,Marvel,9.62150387924363,True
2025-11-29T16:25:07.591295,Marvel,9.53692395111983,True
2025-11-29T16:25:07.625931,Marvel,9.465970993595661,True
2025-11-29T16:25:07.658500,Marvel,9.465970993595661,True
2025-11-29T16:25:07.691696,Marvel,9.465970993595661,True
2025-11-29T16:25:07.724805,Marvel,9.404667055486856,True
2025-11-29T16:25:07.758384,Marvel,9.404667055486856,True
2025-11-29T16:25:07.791083,Marvel,9.404667055486856,True
2025-11-29T16:25:07.822959,Marvel,9.404667055486856,True
2025-11-29T16:25:07.857546,Marvel,9.404667055486856,True
2025-11-29T16:25:07.892346,Marvel,9.404667055486856,True
2025-11-29T16:25:07.927092,Marvel,9.310885879573295,True
2025-11-29T16:25:07.961570,Marvel,9.310885879573295,True
2025-11-29T16:25:07.997194,Marvel,9.310885879573295,True
2025-11-29T16:25:08.031842,Marvel,9.246096913312309,True
2025-11-29T16:25:08.065037,Marvel,7.917233750481722,True
2025-11-29T16:25:08.099027,Marvel,7.767955486822138,True
2025-11-29T16:25:08.132868,Marvel,7.665697531617642,True
2025-11-29T16:25:08.166720,Marvel,7.585571388980617,True
2025-11-29T16:25:08.199450,Marvel,7.519197939525347,True
2025-11-29T16:25:08.234182,Marvel,7.462606456965086,True
2025-11-29T16:25:08.269074,Marvel,7.413558862352613,True
2025-11-29T16:25:08.303920,Marvel,7.367929942227678,True
2025-11-29T16:25:08.336393,Marvel,7.325744188507935,True
2025-11-29T16:25:08.369765,Marvel,7.288780762580921,True
2025-11-29T16:25:08.402904,Marvel,7.256372382871358,True
2025-11-29T16:25:08.436498,Marvel,7.256372382871358,True
2025-11-29T16:25:08.471947,Marvel,7.2228799432335595,True
2025-11-29T16:25:08.504994,Marvel,7.2228799432335595,True
2025-11-29T16:25:08.539757,Marvel,7.196804493891461,True
2025-11-29T16:25:08.573407,Marvel,7.196804493891461,True
2025-11-29T16:25:08.608953,Marvel,7.248137984144381,True
2025-11-29T16:25:08.648058,Marvel,7.227172154109122,True
2025-11-29T16:25:08.683894,Marvel,7.227172154109122,True
2025-11-29T16:25:08.719830,Marvel,7.227172154109122,True
2025-11-29T16:25:08.757458,Marvel,7.227172154109122,True
2025-11-29T16:25:08.794050,Marvel,7.227172154109122,True
2025-11-29T16:25:08.832631,Marvel,7.227172154109122,True
2025-11-29T16:25:08.872618,Marvel,7.287635496387211,True
2025-11-29T16:25:08.908188,Marvel,7.287635496387211,True
2025-11-29T16:25:08.946271,Marvel,7.287635496387211,True
2025-11-29T16:25:08.983670,Marvel,7.362058097519857,True
2025-11-29T16:25:09.019468,Marvel,7.362058097519857,True
2025-11-29T16:25:09.056163,Marvel,7.362058097519857,True
2025-11-29T16:25:09.092268,Marvel,7.362058097519857,True
2025-11-29T16:25:09.130386,Marvel,7.362058097519857,True
2025-11-29T16:25:09.165448,Marvel,7.362058097519857,True
2025-11-29T16:25:09.202903,Marvel,7.362058097519857,True
2025-11-29T16:25:09.241594,Marvel,7.362058097519857,True
2025-11-29T16:25:09.278749,Marvel,7.344409401247375,True
2025-11-29T16:25:09.317746,Marvel,7.344409401247375,True
2025-11-29T16:25:09.354837,Marvel,7.4261929707976275,True
2025-11-29T16:25:09.391863,Marvel,7.568559634790901,True
2025-11-29T16:25:09.428750,Marvel,7.557404987206097,True
2025-11-29T16:25:09.465724,Marvel,7.549720345278727,True
2025-11-29T16:25:09.502116,Marvel,8.870255193994359,True
2025-11-29T16:25:09.535669,Marvel,8.864909921759551,True
2025-11-29T16:25:09.570144,Marvel,8.864909921759551,True
2025-11-29T16:25:09.604329,Marvel,8.862542770597617,True
2025-11-29T16:25:09.638110,Marvel,8.836824772665599,True
2025-11-29T16:25:09.672472,Marvel,8.83823548917655,True
2025-11-29T16:25:09.707753,Marvel,8.83823548917655,True
2025-11-29T16:25:09.740232,Marvel,8.842396061806152,True
2025-11-29T16:25:09.776733,Marvel,8.842396061806152,True
2025-11-29T16:25:09.814107,Marvel,8.81733037843427,True
2025-11-29T16:25:09.850750,Marvel,8.81733037843427,True
2025-11-29T16:25:09.884555,Marvel,8.842396061806152,True
2025-11-29T16:25:09.918221,Marvel,8.866159217416914,True
2025-11-29T16:25:09.951363,Marvel,8.894182385388765,True
2025-11-29T16:25:09.987004,Marvel,8.926939654467377,True
2025-11-29T16:25:10.021542,Marvel,8.96508451527883,True
2025-11-29T16:25:10.056766,Marvel,9.00954770641449,True
2025-11-29T16:25:10.091893,Marvel,9.009966962878515,True
2025-11-29T16:25:10.125725,Marvel,9.062944722344426,True
2025-11-29T16:25:10.163056,Marvel,9.125827747626595,True
2025-11-29T16:25:10.197310,Marvel,9.20257875055627,True
2025-11-29T16:25:10.231591,Marvel,9.20257875055627,True
2025-11-29T16:25:10.265717,Marvel,9.20779688162981,True
2025-11-29T16:25:10.299426,Marvel,9.20779688162981,True
2025-11-29T16:25:10.333903,Marvel,9.21562241445177,True
2025-11-29T16:25:10.367613,Marvel,9.21562241445177,True
2025-11-29T16:25:10.400912,Marvel,9.21562241445177,True
2025-11-29T16:25:10.436172,Marvel,9.226225678993918,True
2025-11-29T16:25:10.472836,Marvel,9.226225678993918,True
2025-11-29T16:25:10.506964,Marvel,9.21562241445177,True
2025-11-29T16:25:10.540629,Marvel,9.21562241445177,True
2025-11-29T16:25:10.575285,Marvel,9.21562241445177,True
2025-11-29T16:25:10.610821,Marvel,9.21562241445177,True
2025-11-29T16:25:10.644654,Marvel,9.21562241445177,True
2025-11-29T16:25:10.679584,Marvel,9.21562241445177,True
2025-11-29T16:25:10.713916,Marvel,9.21562241445177,True
2025-11-29T16:25:10.748386,Marvel,9.21562241445177,True
2025-11-29T16:25:10.783510,Marvel,9.21562241445177,True
2025-11-29T16:25:10.817560,Marvel,9.21562241445177,True
2025-11-29T16:25:10.852506,Marvel,9.21562241445177,True
2025-11-29T16:25:10.887387,Marvel,9.21562241445177,True
2025-11-29T16:25:10.922229,Marvel,9.137453922770359,True
2025-11-29T16:25:10.956404,Marvel,9.137453922770359,True
2025-11-29T16:25:10.990611,Marvel,9.137453922770359,True
2025-11-29T16:25:11.025444,Marvel,9.147383598481976,True
2025-11-29T16:25:11.061169,Marvel,9.147383598481976,True
2025-11-29T16:25:11.096232,Marvel,9.160326232716688,True
2025-11-29T16:25:11.131858,Marvel,9.160326232716688,True
2025-11-29T16:25:11.166985,Marvel,9.176552474550627,True
2025-11-29T16:25:11.203930,Marvel,9.196413888566262,True
2025-11-29T16:25:11.236856,Marvel,9.196413888566262,True
2025-11-29T16:25:11.270107,Marvel,9.15276072963261,True
2025-11-29T16:25:11.304310,Marvel,9.15276072963261,True
2025-11-29T16:25:11.338101,Marvel,9.15276072963261,True
2025-11-29T16:25:11.373289,Marvel,9.22037909798173,True
2025-11-29T16:25:11.407776,Marvel,9.1808815857389,True
2025-11-29T16:25:11.442073,Marvel,9.1808815857389,True
2025-11-29T16:25:11.476132,Marvel,9.1808815857389,True
2025-11-29T16:25:11.511545,Marvel,9.1808815857389,True
2025-11-29T16:25:11.547331,Marvel,9.22037909798173,True
2025-11-29T16:25:11.582326,Marvel,9.277153002841894,True
2025-11-29T16:25:11.617358,Marvel,9.22037909798173,True
2025-11-29T16:25:11.651287,Marvel,9.15276072963261,True
2025-11-29T16:25:11.684965,Marvel,9.094885184947264,True
2025-11-29T16:25:11.719703,Marvel,9.094885184947264,True
2025-11-29T16:25:11.754177,Marvel,9.044511886634423,True
2025-11-29T16:25:11.792232,Marvel,9.044511886634423,True
2025-11-29T16:25:11.825466,Marvel,9.044511886634423,True
2025-11-29T16:25:11.859396,Marvel,9.044511886634423,True
2025-11-29T16:25:11.891487,Marvel,9.000235055332414,True
2025-11-29T16:25:11.926931,Marvel,8.978840468511166,True
2025-11-29T16:25:11.961535,Marvel,8.961633203868185,True
2025-11-29T16:25:11.998162,Marvel,8.923922546220176,True
2025-11-29T16:25:12.032457,Marvel,8.890738752719525,True
2025-11-29T16:25:12.067329,Marvel,7.568559634790901,True
2025-11-29T16:25:12.101226,Marvel,7.4261929707976275,True
2025-11-29T16:25:12.135464,Marvel,7.331090041664165,True
2025-11-29T16:25:12.169300,Marvel,6.644259393629275,True
2025-11-29T16:25:12.204882,Marvel,6.572461779268995,True
2025-11-29T16:25:12.240076,Marvel,6.501437630183174,True
2025-11-29T16:25:12.273335,Marvel,6.44828015644239,True
2025-11-29T16:25:12.309742,Marvel,6.391558130329878,True
2025-11-29T16:25:12.343226,Marvel,6.345016733357337,True
2025-11-29T16:25:12.377566,Marvel,6.30645199341091,True
2025-11-29T16:25:12.412027,Marvel,6.274499541454416,True
2025-11-29T16:25:12.449221,Marvel,6.248258695348051,True
2025-11-29T16:25:12.482830,Marvel,6.230370428749438,True
2025-11-29T16:25:12.518042,Marvel,6.216740065977369,True
2025-11-29T16:25:12.551122,Marvel,6.207147470375544,True
2025-11-29T16:25:12.589116,Marvel,6.207952683374636,True
2025-11-29T16:25:12.627445,Marvel,6.203992390563823,True
2025-11-29T16:25:12.661750,Marvel,6.203992390563823,True
2025-11-29T16:25:12.696495,Marvel,6.203992390563823,True
2025-11-29T16:25:12.731469,Marvel,6.207952683374636,True
2025-11-29T16:25:12.764505,Marvel,6.215934852978277,True
2025-11-29T16:25:12.798808,Marvel,6.209817169389565,True
2025-11-29T16:25:12.832683,Marvel,6.209817169389565,True
2025-11-29T16:25:12.868888,Marvel,6.215934852978277,True
2025-11-29T16:25:12.903325,Marvel,6.208737580836047,True
2025-11-29T16:25:12.937677,Marvel,4.9272215711150835,True
2025-11-29T16:25:12.972629,Marvel,4.830156611185517,True
2025-11-29T16:25:13.006937,Marvel,4.749178254634357,True
2025-11-29T16:25:13.042070,Marvel,4.1128071186691715,True
2025-11-29T16:25:13.078001,Marvel,4.041782969583351,True
2025-11-29T16:25:13.111748,Marvel,4.046347895595936,True
2025-11-29T16:25:13.145893,Marvel,4.020471505604532,True
2025-11-29T16:25:13.178680,Marvel,3.963697600744368,True
2025-11-29T16:25:13.214485,Marvel,3.952009504069875,True
2025-11-29T16:25:13.249044,Marvel,3.952009504069875,True
2025-11-29T16:25:13.283199,Marvel,3.963697600744368,True
2025-11-29T16:25:13.316780,Marvel,3.944975273531443,True
2025-11-29T16:25:13.351754,Marvel,3.911397524893634,True
2025-11-29T16:25:13.385580,Marvel,3.8867592516425464,True
2025-11-29T16:25:13.419714,Marvel,3.869847154833823,True
2025-11-29T16:25:13.453312,Marvel,3.908887500115489,True
2025-11-29T16:25:13.487723,Marvel,3.9027698165267757,True
2025-11-29T16:25:13.524046,Marvel,3.9810625623158034,True
2025-11-29T16:25:13.560303,Marvel,4.09508624160469,True
2025-11-29T16:25:13.592684,Marvel,5.3909746634124645,True
2025-11-29T16:25:13.626686,Marvel,5.39637239300286,True
2025-11-29T16:25:13.658963,Marvel,5.432445891383791,True
2025-11-29T16:25:13.691424,Marvel,5.499033658437712,True
2025-11-29T16:25:13.728918,Marvel,5.5139331438605215,True
2025-11-29T16:25:13.761511,Marvel,5.534352314201152,True
2025-11-29T16:25:13.795413,Marvel,5.546484594524891,True
2025-11-29T16:25:13.829009,Marvel,5.546484594524891,True
2025-11-29T16:25:13.862848,Marvel,5.546484594524891,True
2025-11-29T16:25:13.896088,Marvel,5.546484594524891,True
2025-11-29T16:25:13.930294,Marvel,5.546484594524891,True
2025-11-29T16:25:13.964673,Marvel,5.546484594524891,True
2025-11-29T16:25:13.998899,Marvel,5.546484594524891,True
2025-11-29T16:25:14.033465,Marvel,5.541335139591478,True
2025-11-29T16:25:14.068548,Marvel,5.5460238007459495,True
2025-11-29T16:25:14.106218,Marvel,5.559601713633624,True
2025-11-29T16:25:14.139770,Marvel,5.581810369283856,True
2025-11-29T16:25:14.174545,Marvel,5.581810369283856,True
2025-11-29T16:25:14.208107,Marvel,5.581810369283856,True
2025-11-29T16:25:14.242057,Marvel,5.612954200836308,True
2025-11-29T16:25:14.276646,Marvel,5.653971556432468,True
2025-11-29T16:25:14.311563,Marvel,6.333991540723204,True
2025-11-29T16:25:14.346589,Marvel,6.3891096107664875,True
2025-11-29T16:25:14.382345,Marvel,6.459452569625936,True
2025-11-29T16:25:14.417894,Marvel,6.5532252727456335,True
2025-11-29T16:25:14.450746,Marvel,6.660209680887926,True
2025-11-29T16:25:14.482774,Marvel,7.9811637860675795,True
2025-11-29T16:25:14.514922,Marvel,8.01773950509905,True
2025-11-29T16:25:14.550381,Marvel,8.04574227995793,True
2025-11-29T16:25:14.583617,Marvel,8.093732880986014,True
2025-11-29T16:25:14.618511,Marvel,8.093732880986014,True
2025-11-29T16:25:14.653228,Marvel,8.093732880986014,True
2025-11-29T16:25:14.686399,Marvel,8.109670143013878,True
2025-11-29T16:25:14.720839,Marvel,8.1284103704028,True
2025-11-29T16:25:14.754587,Marvel,8.100757362611574,True
2025-11-29T16:25:14.788358,Marvel,8.129175761979528,True
2025-11-29T16:25:14.821917,Marvel,8.116232372326959,True
2025-11-29T16:25:14.856439,Marvel,8.114342556113778,True
2025-11-29T16:25:14.889704,Marvel,8.09770301819951,True
2025-11-29T16:25:14.923263,Marvel,8.148053465319894,True
2025-11-29T16:25:14.957762,Marvel,8.176447409809057,True
2025-11-29T16:25:14.991973,Marvel,8.270494976028298,True
2025-11-29T16:25:15.024569,Marvel,8.297102328684698,True
2025-11-29T16:25:15.060064,Marvel,8.29021164339195,True
2025-11-29T16:25:15.092497,Marvel,8.28792981909058,True
2025-11-29T16:25:15.127664,Marvel,8.29021164339195,True
2025-11-29T16:25:15.160538,Marvel,8.297102328684698,True
2025-11-29T16:25:15.194473,Marvel,8.308742175387277,True
2025-11-29T16:25:15.231041,Marvel,8.98232222902308,True
2025-11-29T16:25:15.264547,Marvel,9.00057219293553,True
2025-11-29T16:25:15.298467,Marvel,9.024099871722676,True
2025-11-29T16:25:15.331097,Marvel,7.7425838620017124,True
2025-11-29T16:25:15.363861,Marvel,7.645518902072148,True
2025-11-29T16:25:15.398470,Marvel,7.601749463191604,True
2025-11-29T16:25:15.431970,Marvel,7.5886287172650935,True
2025-11-29T16:25:15.468591,Marvel,7.601749463191604,True
2025-11-29T16:25:15.504278,Marvel,7.645518902072146,True
2025-11-29T16:25:15.542010,Marvel,7.612071775072273,True
2025-11-29T16:25:15.578060,Marvel,7.585567082661726,True
2025-11-29T16:25:15.615779,Marvel,7.540280612156151,True
2025-11-29T16:25:15.652749,Marvel,7.523641074241883,True
2025-11-29T16:25:18.348808,Marvel,6.826232390473571,True
2025-11-29T16:25:18.385959,Marvel,5.497088109702721,True
2025-11-29T16:25:18.425156,Marvel,5.405292031700996,True
2025-11-29T16:25:18.460708,Marvel,5.343167534630688,True
2025-11-29T16:25:18.501744,Marvel,5.296505321673448,True
2025-11-29T16:25:18.538743,Marvel,5.265473440004684,True
2025-11-29T16:25:18.576531,Marvel,5.256691638170588,True
2025-11-29T16:25:18.616870,Marvel,5.252340637599755,True
2025-11-29T16:25:18.653628,Marvel,5.230483743606644,True
2025-11-29T16:25:18.692059,Marvel,5.212308745527511,True
2025-11-29T16:25:18.729217,Marvel,5.197774346467518,True
2025-11-29T16:25:18.766446,Marvel,5.186890903230363,True
2025-11-29T16:25:18.802681,Marvel,5.17972202888105,True
2025-11-29T16:25:18.839853,Marvel,5.1763906066726335,True
2025-11-29T16:25:18.877950,Marvel,5.18659931937948,True
2025-11-29T16:25:18.914534,Marvel,5.188612557219669,True
2025-11-29T16:25:18.951493,Marvel,5.194865529764708,True
2025-11-29T16:25:18.987851,Marvel,5.316568762945361,True
2025-11-29T16:25:19.024136,Marvel,4.6456743200716915,True
2025-11-29T16:25:19.061843,Marvel,4.660741698917715,True
2025-11-29T16:25:19.104372,Marvel,5.963520806018236,True
2025-11-29T16:25:19.141346,Marvel,5.973731630286574,True
2025-11-29T16:25:19.178532,Marvel,5.992260984414022,True
2025-11-29T16:25:19.216115,Marvel,5.992260984414022,True
2025-11-29T16:25:19.253270,Marvel,6.021487852895067,True
2025-11-29T16:25:19.290474,Marvel,5.992260984414022,True
2025-11-29T16:25:19.327348,Marvel,5.973731630286574,True
2025-11-29T16:25:19.365036,Marvel,5.963520806018236,True
2025-11-29T16:25:19.404229,Marvel,5.963520806018236,True
2025-11-29T16:25:19.439090,Marvel,5.960310717598087,True
2025-11-29T16:25:19.480235,Marvel,5.960310717598087,True
2025-11-29T16:25:19.516354,Marvel,5.960310717598087,True
2025-11-29T16:25:19.553819,Marvel,5.960310717598087,True
2025-11-29T16:25:19.593648,Marvel,5.963325452138225,True
2025-11-29T16:25:19.629439,Marvel,5.963325452138225,True
2025-11-29T16:25:19.667204,Marvel,5.963325452138225,True
2025-11-29T16:25:19.705159,Marvel,5.963325452138225,True
2025-11-29T16:25:19.740883,Marvel,5.963325452138225,True
2025-11-29T16:25:19.778289,Marvel,5.963325452138225,True
2025-11-29T16:25:19.814567,Marvel,5.972112834740958,True
2025-11-29T16:25:19.854147,Marvel,5.95590454374425,True
2025-11-29T16:25:19.889583,Marvel,5.943146012897849,True
2025-11-29T16:25:19.928812,Marvel,5.94113277505766,True
2025-11-29T16:25:19.965255,Marvel,5.932993238620277,True
2025-11-29T16:25:20.001548,Marvel,5.928144677682305,True
2025-11-29T16:25:20.038967,Marvel,5.926534251684121,True
2025-11-29T16:25:20.077721,Marvel,5.928144677682305,True
2025-11-29T16:25:20.116762,Marvel,5.932993238620277,True
2025-11-29T16:25:20.153507,Marvel,5.94113277505766,True
2025-11-29T16:25:20.187598,Marvel,5.952654796125666,True
2025-11-29T16:25:20.222170,Marvel,5.987329424152659,True
2025-11-29T16:25:20.256339,Marvel,7.301965821679053,True
2025-11-29T16:25:20.289673,Marvel,7.35307214466418,True
2025-11-29T16:25:20.323986,Marvel,7.433674337167636,True
2025-11-29T16:25:20.358353,Marvel,8.118638020861018,True
2025-11-29T16:25:20.391823,Marvel,8.138958289202641,True
2025-11-29T16:25:20.423763,Marvel,8.162730737927285,True
2025-11-29T16:25:20.459746,Marvel,8.190235209703625,True
2025-11-29T16:25:20.493372,Marvel,8.221837833128241,True
2025-11-29T16:25:20.528123,Marvel,8.258025845264166,True
2025-11-29T16:25:20.563095,Marvel,8.289360042331463,True
2025-11-29T16:25:20.597349,Marvel,8.328477961232318,True
2025-11-29T16:25:20.631979,Marvel,8.382231134489318,True
2025-11-29T16:25:20.666726,Marvel,8.445861391492484,True
2025-11-29T16:25:20.700030,Marvel,8.523333384756855,True
2025-11-29T16:25:20.736157,Marvel,8.62302071736713,True
2025-11-29T16:25:20.770972,Marvel,8.769806860739697,True
2025-11-29T16:25:20.805591,Marvel,8.769806860739697,True
2025-11-29T16:25:20.839630,Marvel,9.463421594134983,True
2025-11-29T16:25:20.876527,Marvel,10.790498497283037,True
2025-11-29T16:25:20.909578,Marvel,10.780715313505464,True
2025-11-29T16:25:20.945132,Marvel,10.780715313505464,True
2025-11-29T16:25:20.977943,Marvel,10.780715313505464,True
2025-11-29T16:25:21.014750,Marvel,10.780715313505464,True
2025-11-29T16:25:21.050296,Marvel,10.780715313505464,True
2025-11-29T16:25:21.084206,Marvel,10.790498497283037,True
2025-11-29T16:25:21.117542,Marvel,10.802998795588875,True
2025-11-29T16:25:21.153210,Marvel,10.818433550110603,True
2025-11-29T16:25:21.187501,Marvel,10.837077998882316,True
2025-11-29T16:25:21.222197,Marvel,10.837077998882316,True
2025-11-29T16:25:21.256034,Marvel,10.85928790846101,True
2025-11-29T16:25:21.291225,Marvel,10.885535759049974,True
2025-11-29T16:25:21.324416,Marvel,10.885535759049974,True
2025-11-29T16:25:21.360234,Marvel,10.885535759049974,True
2025-11-29T16:25:21.395536,Marvel,10.85928790846101,True
2025-11-29T16:25:21.430181,Marvel,10.85928790846101,True
2025-11-29T16:25:21.463589,Marvel,10.85928790846101,True
2025-11-29T16:25:21.497824,Marvel,10.85928790846101,True
2025-11-29T16:25:21.531105,Marvel,10.837077998882316,True
2025-11-29T16:25:21.567211,Marvel,10.85928790846101,True
2025-11-29T16:25:21.600441,Marvel,10.837077998882316,True
2025-11-29T16:25:21.634929,Marvel,10.818433550110603,True
2025-11-29T16:25:21.669679,Marvel,10.818433550110603,True
2025-11-29T16:25:21.702273,Marvel,10.802998795588875,True
2025-11-29T16:25:21.737632,Marvel,10.790498497283037,True
2025-11-29T16:25:21.771974,Marvel,10.780715313505464,True
2025-11-29T16:25:21.807494,Marvel,10.780715313505464,True
2025-11-29T16:25:21.842807,Marvel,10.780715313505464,True
2025-11-29T16:25:21.877092,Marvel,10.780715313505464,True
2025-11-29T16:25:21.911104,Marvel,10.780715313505464,True
2025-11-29T16:25:21.947062,Marvel,10.780715313505464,True
2025-11-29T16:25:21.981063,Marvel,10.780715313505464,True
2025-11-29T16:25:22.018272,Marvel,10.773474980314516,True
2025-11-29T16:25:22.050817,Marvel,10.768636244471198,True
2025-11-29T16:25:22.086404,Marvel,10.766083817102922,True
2025-11-29T16:25:22.119543,Marvel,10.766083817102922,True
2025-11-29T16:25:22.153362,Marvel,10.766083817102922,True
2025-11-29T16:25:22.187010,Marvel,10.766083817102922,True
2025-11-29T16:25:22.220584,Marvel,10.765723321935575,True
2025-11-29T16:25:22.255120,Marvel,10.767477605102576,True
2025-11-29T16:25:22.288285,Marvel,10.765723321935575,True
2025-11-29T16:25:22.323369,Marvel,10.765723321935575,True
2025-11-29T16:25:22.358221,Marvel,10.765723321935575,True
2025-11-29T16:25:22.392684,Marvel,10.765723321935575,True
2025-11-29T16:25:22.427077,Marvel,10.765723321935575,True
2025-11-29T16:25:22.461121,Marvel,10.767477605102576,True
2025-11-29T16:25:22.497035,Marvel,10.767477605102576,True
2025-11-29T16:25:22.530813,Marvel,9.444523073382864,True
2025-11-29T16:25:22.564455,Marvel,9.301350653104645,True
2025-11-29T16:25:22.600266,Marvel,9.205409211043134,True
2025-11-29T16:25:22.631777,Marvel,9.205409211043134,True
2025-11-29T16:25:22.666859,Marvel,9.211635291847937,True
2025-11-29T16:25:22.701380,Marvel,8.524804643813047,True
2025-11-29T16:25:22.738828,Marvel,8.524804643813047,True
2025-11-29T16:25:22.772093,Marvel,7.206056268941737,True
2025-11-29T16:25:22.804499,Marvel,7.067269060401232,True
2025-11-29T16:25:22.838265,Marvel,6.383305750348704,True
2025-11-29T16:25:22.873491,Marvel,6.292994914495617,True
2025-11-29T16:25:22.911163,Marvel,4.978358516969221,True
2025-11-29T16:25:22.945276,Marvel,4.8306042850991915,True
2025-11-29T16:25:22.980938,Marvel,4.7425677430039,True
2025-11-29T16:25:23.015055,Marvel,4.67728655161587,True
2025-11-29T16:25:23.049232,Marvel,4.626439414515508,True
2025-11-29T16:25:23.083832,Marvel,4.5701847263705115,True
2025-11-29T16:25:23.117509,Marvel,4.522194125342427,True
2025-11-29T16:25:23.150941,Marvel,4.494191350483548,True
2025-11-29T16:25:23.183253,Marvel,4.472161754144732,True
2025-11-29T16:25:23.216568,Marvel,4.455522216230465,True
2025-11-29T16:25:23.251222,Marvel,4.425985768345589,True
2025-11-29T16:25:23.283458,Marvel,4.417203966511494,True
2025-11-29T16:25:23.318092,Marvel,3.096249861331839,True
2025-11-29T16:25:23.354080,Marvel,3.0754733451596628,True
2025-11-29T16:25:23.386733,Marvel,3.0588895566202376,True
2025-11-29T16:25:23.421743,Marvel,3.0464790872399337,True
2025-11-29T16:25:23.456637,Marvel,3.0382991040935434,True
2025-11-29T16:25:23.490440,Marvel,3.034490666167998,True
2025-11-29T16:25:23.523949,Marvel,3.039732261198989,True
2025-11-29T16:25:23.559415,Marvel,3.048541114947775,True
2025-11-29T16:25:23.592854,Marvel,3.061031651955992,True
2025-11-29T16:25:23.629282,Marvel,3.07737518204728,True
2025-11-29T16:25:23.663968,Marvel,3.0978132667854474,True
2025-11-29T16:25:23.700086,Marvel,3.122678926092782,True
2025-11-29T16:25:23.734111,Marvel,3.1312061923956165,True
2025-11-29T16:25:23.769551,Marvel,3.144275059574475,True
2025-11-29T16:25:23.804938,Marvel,3.1624999470850126,True
2025-11-29T16:25:23.840870,Marvel,3.1952572161636263,True
2025-11-29T16:25:23.875233,Marvel,3.233402076975079,True
2025-11-29T16:25:23.909137,Marvel,3.277865268110741,True
2025-11-29T16:25:23.944436,Marvel,3.219597208783808,True
2025-11-29T16:25:23.977410,Marvel,3.2530896484216063,True
2025-11-29T16:25:24.011923,Marvel,3.306067407887517,True
2025-11-29T16:25:24.045857,Marvel,3.350228105956762,True
2025-11-29T16:25:24.081042,Marvel,3.4138583629599273,True
2025-11-29T16:25:24.114316,Marvel,3.4913303562242977,True
2025-11-29T16:25:24.149377,Marvel,3.5910176888345724,True
2025-11-29T16:25:24.183851,Marvel,3.6521740974074177,True
2025-11-29T16:25:24.217274,Marvel,3.737803832207141,True
2025-11-29T16:25:24.251269,Marvel,3.8388168685177853,True
2025-11-29T16:25:24.285466,Marvel,3.938604004517848,True
2025-11-29T16:25:24.319736,Marvel,5.265680907665904,True
2025-11-29T16:25:24.353189,Marvel,5.357179442405967,True
2025-11-29T16:25:24.386573,Marvel,6.052634181218431,True
2025-11-29T16:25:24.419862,Marvel,6.74866712155149,True
2025-11-29T16:25:24.452219,Marvel,8.078092520262603,True
2025-11-29T16:25:24.486051,Marvel,8.182633116640595,True
2025-11-29T16:25:24.519234,Marvel,8.334131715561709,True
2025-11-29T16:25:24.553111,Marvel,8.234344579561647,True
2025-11-29T16:25:24.586355,Marvel,8.334131715561709,True
2025-11-29T16:25:24.621349,Marvel,8.334131715561709,True
2025-11-29T16:25:24.656292,Marvel,8.29150734099607,True
2025-11-29T16:25:24.690569,Marvel,8.255994224409442,True
2025-11-29T16:25:24.724980,Marvel,8.255994224409442,True
2025-11-29T16:25:24.758937,Marvel,8.255994224409442,True
2025-11-29T16:25:24.791457,Marvel,8.226137844378702,True
2025-11-29T16:25:24.827184,Marvel,8.20099934691931,True
2025-11-29T16:25:24.860818,Marvel,8.179929874741742,True
2025-11-29T16:25:24.895443,Marvel,8.031246697605484,True
2025-11-29T16:25:24.928876,Marvel,8.014388508516301,True
2025-11-29T16:25:24.964384,Marvel,7.913375472205657,True
2025-11-29T16:25:24.997264,Marvel,7.834533391693716,True
2025-11-29T16:25:25.036549,Marvel,9.094604898131259,True
2025-11-29T16:25:25.069296,Marvel,9.038687004401528,True
2025-11-29T16:25:25.104926,Marvel,8.990335908206095,True
2025-11-29T16:25:25.138809,Marvel,8.94815015448635,True
2025-11-29T16:25:25.177474,Marvel,8.911186728559338,True
2025-11-29T16:25:25.212342,Marvel,8.901857817418975,True
2025-11-29T16:25:25.246091,Marvel,8.895674032256123,True
2025-11-29T16:25:25.280235,Marvel,8.864909921759551,True
2025-11-29T16:25:25.313593,Marvel,8.862542770597617,True
2025-11-29T16:25:25.348047,Marvel,8.836824772665599,True
2025-11-29T16:25:25.381029,Marvel,8.83823548917655,True
2025-11-29T16:25:25.413721,Marvel,8.81733037843427,True
2025-11-29T16:25:25.448291,Marvel,8.800015729528704,True
2025-11-29T16:25:25.482811,Marvel,8.786089262833366,True
2025-11-29T16:25:25.519416,Marvel,8.775399908256428,True
2025-11-29T16:25:25.553690,Marvel,8.767838179999236,True
2025-11-29T16:25:25.589134,Marvel,8.76332981259466,True
2025-11-29T16:25:25.622581,Marvel,8.761831730146328,True
2025-11-29T16:25:25.656463,Marvel,8.75214589202431,True
2025-11-29T16:25:25.691312,Marvel,8.755043833430701,True
2025-11-29T16:25:25.726590,Marvel,8.760865509196435,True
2025-11-29T16:25:25.763911,Marvel,8.769663747232023,True
2025-11-29T16:25:25.798009,Marvel,8.781521037657898,True
2025-11-29T16:25:25.832329,Marvel,8.796553862262096,True
2025-11-29T16:25:25.876549,Marvel,8.814919288282463,True
2025-11-29T16:25:25.913320,Marvel,8.836824772665599,True
2025-11-29T16:25:25.946777,Marvel,8.838279428166427,True
2025-11-29T16:25:25.981122,Marvel,8.864909921759551,True
2025-11-29T16:25:26.018994,Marvel,8.870255193994359,True
2025-11-29T16:25:26.055421,Marvel,8.901857817418975,True
2025-11-29T16:25:26.092163,Marvel,8.931056288107103,True
2025-11-29T16:25:26.129027,Marvel,8.97171939631476,True
2025-11-29T16:25:26.163839,Marvel,9.018602270454503,True
2025-11-29T16:25:26.199063,Marvel,9.0731026754325,True
2025-11-29T16:25:26.234406,Marvel,9.137453922770359,True
2025-11-29T16:25:26.267940,Marvel,9.21562241445177,True
2025-11-29T16:25:26.302852,Marvel,9.21562241445177,True
2025-11-29T16:25:26.336472,Marvel,9.226225678993918,True
2025-11-29T16:25:26.372909,Marvel,9.327238715304562,True
2025-11-29T16:25:26.407437,Marvel,9.341465411664357,True
2025-11-29T16:25:26.442646,Marvel,9.358936572392148,True
2025-11-29T16:25:26.477569,Marvel,9.490148588800617,True
2025-11-29T16:25:26.513597,Marvel,10.818433550110605,True
2025-11-29T16:25:26.549644,Marvel,10.837077998882316,True
2025-11-29T16:25:26.586084,Marvel,10.85928790846101,True
2025-11-29T16:25:26.622424,Marvel,10.885535759049974,True
2025-11-29T16:25:26.656819,Marvel,10.885535759049974,True
2025-11-29T16:25:26.693883,Marvel,10.916472036941121,True
2025-11-29T16:25:26.730070,Marvel,10.916472036941121,True
2025-11-29T16:25:26.764839,Marvel,10.916472036941121,True
2025-11-29T16:25:26.800268,Marvel,10.916472036941121,True
2025-11-29T16:25:26.835933,Marvel,10.916472036941121,True
2025-11-29T16:25:26.870854,Marvel,10.916472036941121,True
2025-11-29T16:25:26.907511,Marvel,10.916472036941121,True
2025-11-29T16:25:26.947297,Marvel,10.916472036941121,True
2025-11-29T16:25:26.985071,Marvel,9.622012637567588,True
2025-11-29T16:25:27.023387,Marvel,9.513138413212113,True
2025-11-29T16:25:27.060748,Marvel,9.513138413212113,True
2025-11-29T16:25:27.097070,Marvel,9.459776499143814,True
2025-11-29T16:25:27.134793,Marvel,9.376221963083328,True
2025-11-29T16:25:27.172214,Marvel,9.371657037070742,True
2025-11-29T16:25:27.209366,Marvel,9.310885879573295,True
2025-11-29T16:25:27.244356,Marvel,9.25753213844215,True
2025-11-29T16:25:27.279908,Marvel,9.25753213844215,True
2025-11-29T16:25:27.314566,Marvel,9.25753213844215,True
2025-11-29T16:25:27.349190,Marvel,9.25753213844215,True
2025-11-29T16:25:27.384382,Marvel,9.25753213844215,True
2025-11-29T16:25:27.418704,Marvel,9.25753213844215,True
2025-11-29T16:25:27.453790,Marvel,9.25753213844215,True
2025-11-29T16:25:27.488966,Marvel,9.25753213844215,True
2025-11-29T16:25:27.522247,Marvel,7.928668975611565,True
2025-11-29T16:25:27.560220,Marvel,7.8650204467517035,True
2025-11-29T16:25:27.595494,Marvel,7.716337269615444,True
2025-11-29T16:25:27.630239,Marvel,7.668054200117854,True
2025-11-29T16:25:27.664978,Marvel,7.629490166230921,True
2025-11-29T16:25:27.698982,Marvel,7.598156724581482,True
2025-11-29T16:25:27.732941,Marvel,7.598156724581482,True
2025-11-29T16:25:27.766128,Marvel,7.598156724581482,True
2025-11-29T16:25:27.801163,Marvel,7.598156724581482,True
2025-11-29T16:25:27.833905,Marvel,7.4984693919712075,True
2025-11-29T16:25:27.869377,Marvel,7.4984693919712075,True
2025-11-29T16:25:27.905542,Marvel,7.473615656876177,True
2025-11-29T16:25:27.939319,Marvel,7.396864653946501,True
2025-11-29T16:25:27.973377,Marvel,7.396864653946501,True
2025-11-29T16:25:28.011132,Marvel,7.396864653946501,True
2025-11-29T16:25:28.045536,Marvel,7.396864653946501,True
2025-11-29T16:25:28.081630,Marvel,7.396864653946501,True
2025-11-29T16:25:28.115795,Marvel,7.355426131947754,True
2025-11-29T16:25:28.149788,Marvel,7.319238119811828,True
2025-11-29T16:25:28.184538,Marvel,7.287635496387212,True
2025-11-29T16:25:28.218807,Marvel,7.260131024610873,True
2025-11-29T16:25:28.253839,Marvel,7.256450427738274,True
2025-11-29T16:25:28.288590,Marvel,7.256450427738274,True
2025-11-29T16:25:28.324699,Marvel,7.235217663735545,True
2025-11-29T16:25:28.362140,Marvel,6.54929951136176,True
2025-11-29T16:25:28.397318,Marvel,5.231505605170851,True
2025-11-29T16:25:28.430934,Marvel,5.093718770271201,True
2025-11-29T16:25:28.465099,Marvel,5.003407934418114,True
2025-11-29T16:25:28.497444,Marvel,4.93572229740275,True
2025-11-29T16:25:28.530489,Marvel,4.255084058222816,True
2025-11-29T16:25:28.567953,Marvel,4.179043446370354,True
2025-11-29T16:25:28.601685,Marvel,4.132761235282576,True
2025-11-29T16:25:28.636132,Marvel,4.102036284353201,True
2025-11-29T16:25:28.669914,Marvel,4.081896504227567,True
2025-11-29T16:25:28.705196,Marvel,4.069945627467771,True
2025-11-29T16:25:28.739440,Marvel,4.071086539618457,True
2025-11-29T16:25:28.776404,Marvel,4.078922783181878,True
2025-11-29T16:25:28.810108,Marvel,4.081468048672428,True
2025-11-29T16:25:28.845826,Marvel,4.09865638579201,True
2025-11-29T16:25:28.880042,Marvel,4.12173585436121,True
2025-11-29T16:25:28.915500,Marvel,4.150934325049338,True
2025-11-29T16:25:28.950296,Marvel,4.129489821765915,True
2025-11-29T16:25:28.984292,Marvel,4.122619522648659,True
2025-11-29T16:25:29.022504,Marvel,4.0959120731281065,True
2025-11-29T16:25:29.055910,Marvel,4.071273799877019,True
2025-11-29T16:25:29.090165,Marvel,4.054361703068295,True
2025-11-29T16:25:29.126139,Marvel,4.039989290981485,True
2025-11-29T16:25:29.160965,Marvel,4.039989290981485,True
2025-11-29T16:25:29.195085,Marvel,4.007030420479737,True
2025-11-29T16:25:29.228122,Marvel,3.986461040723387,True
2025-11-29T16:25:29.262428,Marvel,4.016828700941048,True
2025-11-29T16:25:29.296604,Marvel,3.986461040723387,True
2025-11-29T16:25:29.330568,Marvel,3.986461040723387,True
2025-11-29T16:25:29.365909,Marvel,3.968073298929824,True
2025-11-29T16:25:29.400341,Marvel,3.968073298929824,True
2025-11-29T16:25:29.438221,Marvel,3.9617083866449088,True
2025-11-29T16:25:29.473419,Marvel,3.9617083866449088,True
2025-11-29T16:25:29.511529,Marvel,3.9699631151430057,True
2025-11-29T16:25:29.544411,Marvel,3.9869218345023274,True
2025-11-29T16:25:29.579451,Marvel,3.9817723795689153,True
2025-11-29T16:25:29.615851,Marvel,3.9817723795689153,True
2025-11-29T16:25:29.647930,Marvel,3.9699631151430057,True
2025-11-29T16:25:29.682244,Marvel,3.9617083866449088,True
2025-11-29T16:25:29.716225,Marvel,3.9617083866449088,True
2025-11-29T16:25:29.751489,Marvel,3.9617083866449088,True
2025-11-29T16:25:29.785924,Marvel,3.9617083866449088,True
2025-11-29T16:25:29.821246,Marvel,3.9617083866449088,True
2025-11-29T16:25:29.854831,Marvel,3.968073298929824,True
2025-11-29T16:25:29.888502,Marvel,3.9779927471425514,True
2025-11-29T16:25:29.921735,Marvel,4.003250788053372,True
2025-11-29T16:25:29.954323,Marvel,4.032950019834891,True
2025-11-29T16:25:29.987805,Marvel,4.079029636263151,True
2025-11-29T16:25:30.023850,Marvel,4.0855682780042315,True
2025-11-29T16:25:30.059783,Marvel,4.153166735361355,True
2025-11-29T16:25:30.092733,Marvel,4.816224934671603,True
2025-11-29T16:25:30.126252,Marvel,4.833137031480327,True
2025-11-29T16:25:30.158785,Marvel,4.8577753047314145,True
2025-11-29T16:25:30.192968,Marvel,4.892298611639898,True
2025-11-29T16:25:30.231967,Marvel,4.935006212302877,True
2025-11-29T16:25:30.265028,Marvel,4.909587374041113,True
2025-11-29T16:25:30.299900,Marvel,4.889767544192145,True
2025-11-29T16:25:30.335280,Marvel,4.875437251941045,True
2025-11-29T16:25:30.368411,Marvel,4.866649869338312,True
2025-11-29T16:25:30.404576,Marvel,4.863635134798173,True
2025-11-29T16:25:30.438605,Marvel,4.866845223218322,True
2025-11-29T16:25:30.472259,Marvel,4.8770560474866596,True
2025-11-29T16:25:30.505285,Marvel,4.895585401614109,True
2025-11-29T16:25:30.539134,Marvel,4.924812270095154,True
2025-11-29T16:25:30.573250,Marvel,4.96969462222487,True
2025-11-29T16:25:30.607607,Marvel,5.0444219257161755,True
2025-11-29T16:25:30.643916,Marvel,4.411591703218649,True
2025-11-29T16:25:30.678434,Marvel,4.47687289460668,True
2025-11-29T16:25:30.716173,Marvel,4.564909436701971,True
2025-11-29T16:25:30.753881,Marvel,4.564909436701971,True
2025-11-29T16:25:30.788237,Marvel,4.611334658633734,True
2025-11-29T16:25:30.825095,Marvel,5.925971056160129,True
2025-11-29T16:25:30.860722,Marvel,7.17292181667116,True
2025-11-29T16:25:30.897520,Marvel,7.130214216008181,True
2025-11-29T16:25:30.931475,Marvel,7.130214216008181,True
2025-11-29T16:25:30.965017,Marvel,7.130214216008181,True
2025-11-29T16:25:31.001632,Marvel,7.14223230607224,True
2025-11-29T16:25:31.041306,Marvel,7.095690909099697,True
2025-11-29T16:25:31.075697,Marvel,7.057126169153271,True
2025-11-29T16:25:31.112529,Marvel,7.057126169153271,True
2025-11-29T16:25:31.148049,Marvel,7.039073160193863,True
2025-11-29T16:25:31.188684,Marvel,7.011595804309102,True
2025-11-29T16:25:31.222906,Marvel,7.011595804309102,True
2025-11-29T16:25:31.257786,Marvel,6.9891345906291,True
2025-11-29T16:25:31.294098,Marvel,6.9891345906291,True
2025-11-29T16:25:31.330011,Marvel,6.987705568194859,True
2025-11-29T16:25:31.364317,Marvel,6.995713067996754,True
2025-11-29T16:25:31.396943,Marvel,7.00723508906476,True
2025-11-29T16:25:31.432235,Marvel,7.022275444212531,True
2025-11-29T16:25:31.467044,Marvel,7.041023419931153,True
2025-11-29T16:25:31.501640,Marvel,7.0464211495215485,True
2025-11-29T16:25:31.538150,Marvel,7.072393166737743,True
2025-11-29T16:25:31.574503,Marvel,7.087111991776101,True
2025-11-29T16:25:31.608554,Marvel,7.125111690675689,True
2025-11-29T16:25:31.644408,Marvel,7.146374788055246,True
2025-11-29T16:25:31.677803,Marvel,7.186408579246989,True
2025-11-29T16:25:31.717129,Marvel,7.216747197800348,True
2025-11-29T16:25:31.752923,Marvel,7.255566541469149,True
2025-11-29T16:25:31.787311,Marvel,7.3288939860023925,True
2025-11-29T16:25:31.822772,Marvel,7.379741123102755,True
2025-11-29T16:25:31.858569,Marvel,7.450584268782634,True
2025-11-29T16:25:31.893620,Marvel,7.537384301099528,True
2025-11-29T16:25:31.929105,Marvel,7.677125978320435,True
2025-11-29T16:25:31.968199,Marvel,8.363956626355323,True
2025-11-29T16:25:32.002526,Marvel,9.684491475070955,True
2025-11-29T16:25:32.037676,Marvel,9.684491475070955,True
2025-11-29T16:25:32.075520,Marvel,9.684491475070955,True
2025-11-29T16:25:32.112507,Marvel,9.684491475070955,True
2025-11-29T16:25:32.147872,Marvel,9.684491475070955,True
2025-11-29T16:25:32.181794,Marvel,9.677425088032784,True
2025-11-29T16:25:32.215937,Marvel,9.67240061502676,True
2025-11-29T16:25:32.249204,Marvel,9.67240061502676,True
2025-11-29T16:25:32.283000,Marvel,9.67240061502676,True
2025-11-29T16:25:32.316438,Marvel,9.67240061502676,True
2025-11-29T16:25:32.349918,Marvel,9.67240061502676,True
2025-11-29T16:25:32.385543,Marvel,9.669394995590705,True
2025-11-29T16:25:32.419749,Marvel,9.669394995590705,True
2025-11-29T16:25:32.451654,Marvel,9.668394621949849,True
2025-11-29T16:25:32.488967,Marvel,9.669394995590705,True
2025-11-29T16:25:32.524895,Marvel,9.668394621949849,True
2025-11-29T16:25:32.561006,Marvel,9.668394621949849,True
2025-11-29T16:25:32.593315,Marvel,9.669394995590705,True
2025-11-29T16:25:32.626691,Marvel,9.669394995590705,True
2025-11-29T16:25:32.659968,Marvel,9.669394995590705,True
2025-11-29T16:25:32.694820,Marvel,9.669394995590705,True
2025-11-29T16:25:32.728007,Marvel,9.67240061502676,True
2025-11-29T16:25:32.762690,Marvel,9.67240061502676,True
2025-11-29T16:25:32.796664,Marvel,9.669394995590705,True
2025-11-29T16:25:32.832019,Marvel,9.669394995590705,True
2025-11-29T16:25:32.866509,Marvel,9.669394995590705,True
2025-11-29T16:25:32.900102,Marvel,9.668394621949849,True
2025-11-29T16:25:32.934416,Marvel,9.669394995590705,True
2025-11-29T16:25:32.970629,Marvel,9.669394995590705,True
2025-11-29T16:25:33.005012,Marvel,9.67240061502676,True
2025-11-29T16:25:33.039095,Marvel,9.67240061502676,True
2025-11-29T16:25:33.072595,Marvel,9.677425088032784,True
2025-11-29T16:25:33.106795,Marvel,9.684491475070955,True
2025-11-29T16:25:33.141535,Marvel,9.684491475070955,True
2025-11-29T16:25:33.177103,Marvel,9.684491475070955,True
2025-11-29T16:25:33.210401,Marvel,9.684491475070955,True
2025-11-29T16:25:33.246374,Marvel,9.684491475070955,True
2025-11-29T16:25:33.280602,Marvel,9.684491475070955,True
2025-11-29T16:25:33.316004,Marvel,9.693632884815571,True
2025-11-29T16:25:33.352755,Marvel,9.693632884815571,True
2025-11-29T16:25:33.385522,Marvel,9.70489335920629,True
2025-11-29T16:25:33.418852,Marvel,9.718329106346157,True
2025-11-29T16:25:33.453295,Marvel,9.734010167655352,True
2025-11-29T16:25:33.488813,Marvel,9.06043011401955,True
2025-11-29T16:25:33.523283,Marvel,9.080182644153084,True
2025-11-29T16:25:33.557149,Marvel,9.102522789245006,True
2025-11-29T16:25:33.594084,Marvel,9.102522789245006,True
2025-11-29T16:25:33.627274,Marvel,7.801812858413948,True
2025-11-29T16:25:33.662158,Marvel,7.655700303871909,True
2025-11-29T16:25:33.695588,Marvel,7.556709469678675,True
2025-11-29T16:25:33.729711,Marvel,7.479958466748999,True
2025-11-29T16:25:33.764973,Marvel,6.157003935029288,True
2025-11-29T16:25:33.798400,Marvel,6.094896323538207,True
2025-11-29T16:25:33.834715,Marvel,5.9525296595449335,True
2025-11-29T16:25:33.870353,Marvel,5.264825033326829,True
2025-11-29T16:25:33.905423,Marvel,5.19182884637931,True
2025-11-29T16:25:33.941577,Marvel,5.142891185082568,True
2025-11-29T16:25:33.976497,Marvel,5.092431673012863,True
2025-11-29T16:25:34.010425,Marvel,5.0497549557215216,True
2025-11-29T16:25:34.046366,Marvel,5.013477059251575,True
2025-11-29T16:25:34.080008,Marvel,4.982674632494219,True
2025-11-29T16:25:34.112862,Marvel,4.979414993773988,True
2025-11-29T16:25:34.148629,Marvel,4.982674632494219,True
2025-11-29T16:25:34.182367,Marvel,4.992571948509295,True
2025-11-29T16:25:34.215616,Marvel,5.009484045318018,True
2025-11-29T16:25:34.250639,Marvel,4.99445122071382,True
2025-11-29T16:25:34.285658,Marvel,4.95457090318045,True
2025-11-29T16:25:34.320922,Marvel,4.950005977167866,True
2025-11-29T16:25:34.355977,Marvel,5.005677226165578,True
2025-11-29T16:25:34.390049,Marvel,5.075519998204601,True
2025-11-29T16:25:34.428686,Marvel,5.075519998204601,True
2025-11-29T16:25:34.460462,Marvel,5.167881984813343,True
2025-11-29T16:25:34.494751,Marvel,5.167881984813343,True
2025-11-29T16:25:34.528179,Marvel,5.167881984813343,True
2025-11-29T16:25:34.561979,Marvel,5.30762366203425,True
2025-11-29T16:25:34.596574,Marvel,5.267669120813406,True
2025-11-29T16:25:34.631168,Marvel,5.267669120813406,True
2025-11-29T16:25:34.665819,Marvel,5.2377561366283745,True
2025-11-29T16:25:34.701337,Marvel,5.2377561366283745,True
2025-11-29T16:25:34.734507,Marvel,5.215422003451853,True
2025-11-29T16:25:34.769401,Marvel,5.215422003451853,True
2025-11-29T16:25:34.803034,Marvel,5.215422003451853,True
2025-11-29T16:25:34.837438,Marvel,5.215422003451853,True
2025-11-29T16:25:34.873592,Marvel,5.215422003451853,True
2025-11-29T16:25:34.907897,Marvel,5.215422003451853,True
2025-11-29T16:25:34.941105,Marvel,5.215422003451853,True
2025-11-29T16:25:34.977696,Marvel,6.514991022132225,True
2025-11-29T16:25:35.012570,Marvel,6.502972932068166,True
2025-11-29T16:25:35.049890,Marvel,6.502972932068166,True
2025-11-29T16:25:35.083290,Marvel,6.502972932068166,True
2025-11-29T16:25:35.117390,Marvel,6.502972932068166,True
2025-11-29T16:25:35.152164,Marvel,6.502972932068166,True
2025-11-29T16:25:35.186016,Marvel,6.502972932068166,True
2025-11-29T16:25:35.219399,Marvel,6.514991022132225,True
2025-11-29T16:25:35.254147,Marvel,6.502972932068166,True
2025-11-29T16:25:35.288088,Marvel,6.502972932068166,True
2025-11-29T16:25:35.325470,Marvel,6.502972932068166,True
2025-11-29T16:25:35.359513,Marvel,6.518005756672364,True
2025-11-29T16:25:35.394245,Marvel,6.536371182692731,True
2025-11-29T16:25:35.428265,Marvel,6.558276667075868,True
2025-11-29T16:25:35.462954,Marvel,6.583994665007886,True
2025-11-29T16:25:35.495290,Marvel,6.6567047750292705,True
2025-11-29T16:25:35.529058,Marvel,6.687468885525842,True
2025-11-29T16:25:35.564047,Marvel,6.783410327587351,True
2025-11-29T16:25:35.597887,Marvel,7.472759223018448,True
2025-11-29T16:25:35.633759,Marvel,7.616707057087755,True
2025-11-29T16:25:35.670004,Marvel,8.940408820528463,True
2025-11-29T16:25:35.703130,Marvel,8.978840468511166,True
2025-11-29T16:25:35.740390,Marvel,9.022443710982644,True
2025-11-29T16:25:35.773752,Marvel,9.072164894425647,True
2025-11-29T16:25:35.808809,Marvel,9.110179025095357,True
2025-11-29T16:25:35.843809,Marvel,9.176552474550627,True
2025-11-29T16:25:35.879306,Marvel,9.256678617187651,True
2025-11-29T16:25:35.911914,Marvel,9.358936572392146,True
2025-11-29T16:25:35.946319,Marvel,8.179929874741742,True
2025-11-29T16:25:35.982199,Marvel,9.50821483605173,True
2025-11-29T16:25:36.019465,Marvel,9.529862509749895,True
2025-11-29T16:25:36.053145,Marvel,9.555563243089814,True
2025-11-29T16:25:36.087613,Marvel,9.529862509749895,True
2025-11-29T16:25:36.122182,Marvel,9.529862509749895,True
2025-11-29T16:25:36.156515,Marvel,9.529862509749895,True
2025-11-29T16:25:36.190880,Marvel,9.529862509749895,True
2025-11-29T16:25:36.226522,Marvel,9.529862509749895,True
2025-11-29T16:25:36.260057,Marvel,9.529862509749895,True
2025-11-29T16:25:36.293824,Marvel,9.529862509749895,True
2025-11-29T16:25:36.326096,Marvel,9.555563243089814,True
2025-11-29T16:25:36.358191,Marvel,9.555563243089814,True
2025-11-29T16:25:36.391317,Marvel,9.585966740369601,True
2025-11-29T16:25:36.424535,Marvel,9.585966740369601,True
2025-11-29T16:25:36.459511,Marvel,9.622012637567586,True
2025-11-29T16:25:36.494660,Marvel,9.622012637567586,True
2025-11-29T16:25:36.527810,Marvel,9.622012637567586,True
2025-11-29T16:25:36.564480,Marvel,9.622012637567586,True
2025-11-29T16:25:36.598472,Marvel,9.622012637567586,True
2025-11-29T16:25:36.636768,Marvel,9.622012637567586,True
2025-11-29T16:25:36.671250,Marvel,9.622012637567586,True
2025-11-29T16:25:36.704410,Marvel,9.665156179523418,True
2025-11-29T16:25:36.737866,Marvel,9.717893034507783,True
2025-11-29T16:25:36.771864,Marvel,9.717893034507783,True
2025-11-29T16:25:36.804668,Marvel,9.717893034507783,True
2025-11-29T16:25:36.837304,Marvel,9.717893034507783,True
2025-11-29T16:25:36.871893,Marvel,9.717893034507783,True
2025-11-29T16:25:36.906333,Marvel,9.717893034507783,True
2025-11-29T16:25:36.942858,Marvel,9.717893034507783,True
2025-11-29T16:25:36.976010,Marvel,9.785281195240524,True
2025-11-29T16:25:37.008559,Marvel,9.785281195240524,True
2025-11-29T16:25:37.042673,Marvel,9.785281195240524,True
2025-11-29T16:25:37.077668,Marvel,9.785281195240524,True
2025-11-29T16:25:37.120877,Marvel,9.785281195240524,True
2025-11-29T16:25:37.155130,Marvel,9.785281195240524,True
2025-11-29T16:25:37.188859,Marvel,9.785281195240524,True
2025-11-29T16:25:37.221427,Marvel,9.785281195240524,True
2025-11-29T16:25:37.255425,Marvel,9.785281195240524,True
2025-11-29T16:25:37.287808,Marvel,9.717893034507783,True
2025-11-29T16:25:37.325535,Marvel,8.386362345872952,True
2025-11-29T16:25:37.358076,Marvel,8.334131715561709,True
2025-11-29T16:25:37.390509,Marvel,8.182633116640595,True
2025-11-29T16:25:37.424781,Marvel,8.182633116640595,True
2025-11-29T16:25:37.459428,Marvel,8.182633116640595,True
2025-11-29T16:25:37.491430,Marvel,8.182633116640595,True
2025-11-29T16:25:37.528447,Marvel,8.234344579561647,True
2025-11-29T16:25:37.561341,Marvel,8.234344579561647,True
2025-11-29T16:25:37.594759,Marvel,8.234344579561647,True
2025-11-29T16:25:37.629098,Marvel,8.234344579561647,True
2025-11-29T16:25:37.664310,Marvel,8.234344579561647,True
2025-11-29T16:25:37.697483,Marvel,8.082845980640533,True
2025-11-29T16:25:37.730044,Marvel,8.082845980640533,True
2025-11-29T16:25:37.765576,Marvel,7.978305384262541,True
2025-11-29T16:25:37.800104,Marvel,7.960619712323445,True
2025-11-29T16:25:37.832736,Marvel,7.960619712323445,True
2025-11-29T16:25:37.865791,Marvel,7.960619712323445,True
2025-11-29T16:25:37.903467,Marvel,6.6311943136123315,True
2025-11-29T16:47:10.684266,Marvel,8.34130415927858,True
2025-11-29T16:47:10.722424,Marvel,8.333055297288576,True
2025-11-29T16:47:10.757386,Marvel,8.325886047549595,True
2025-11-29T16:47:10.792741,Marvel,8.325886047549595,True
2025-11-29T16:47:10.827683,Marvel,8.34550243049476,True
2025-11-29T16:47:10.862637,Marvel,8.368050575515714,True
2025-11-29T16:47:10.898158,Marvel,8.384773007944986,True
2025-11-29T16:47:10.935998,Marvel,8.408274477141243,True
2025-11-29T16:47:10.971836,Marvel,8.408274477141243,True
2025-11-29T16:47:11.009113,Marvel,8.408274477141243,True
2025-11-29T16:47:11.046512,Marvel,8.385520918098488,True
2025-11-29T16:47:11.081543,Marvel,7.185686766052942,True
2025-11-29T16:47:11.120180,Marvel,7.162600296883779,True
2025-11-29T16:47:11.155807,Marvel,7.139727754610277,True
2025-11-29T16:47:11.190870,Marvel,7.117073659307371,True
2025-11-29T16:47:11.225354,Marvel,7.116325749153869,True
2025-11-29T16:47:11.260940,Marvel,7.093894811197325,True
2025-11-29T16:47:11.298911,Marvel,7.0716919433048435,True
2025-11-29T16:47:11.334022,Marvel,7.07437918270997,True
2025-11-29T16:47:11.368916,Marvel,7.052409513004106,True
2025-11-29T16:47:11.403690,Marvel,7.030678399206391,True
2025-11-29T16:47:11.442134,Marvel,7.009191444086163,True
2025-11-29T16:47:11.476031,Marvel,6.98795451230407,True
2025-11-29T16:47:11.511593,Marvel,6.9952066777217805,True
2025-11-29T16:47:11.546845,Marvel,6.9742259142267855,True
2025-11-29T16:47:11.586048,Marvel,6.953507764387538,True
2025-11-29T16:47:11.621403,Marvel,6.9330589960644975,True
2025-11-29T16:47:11.656702,Marvel,6.912886723859087,True
2025-11-29T16:47:11.692414,Marvel,6.892998435811068,True
2025-11-29T16:47:11.728241,Marvel,6.873402022856435,True
2025-11-29T16:47:11.764521,Marvel,6.8541058114065745,True
2025-11-29T16:47:11.799055,Marvel,6.8351185994667905,True
2025-11-29T16:47:11.838279,Marvel,6.8351185994667905,True
2025-11-29T16:47:11.874119,Marvel,6.816449696780479,True
2025-11-29T16:47:11.911397,Marvel,6.798108969566584,True
2025-11-29T16:47:11.951280,Marvel,6.781386537137312,True
2025-11-29T16:47:11.990835,Marvel,6.7654693177071294,True
2025-11-29T16:47:12.028029,Marvel,6.747467238656085,True
2025-11-29T16:47:12.067185,Marvel,6.729814942966774,True
2025-11-29T16:47:12.103501,Marvel,6.712524291349208,True
2025-11-29T16:47:12.142824,Marvel,6.695607941090222,True
2025-11-29T16:47:12.180149,Marvel,6.680560747905769,True
2025-11-29T16:47:12.216630,Marvel,6.666459112991992,True
2025-11-29T16:47:12.254239,Marvel,6.649930598392432,True
2025-11-29T16:47:12.296491,Marvel,6.636863551613386,True
2025-11-29T16:47:12.339772,Marvel,6.624937416985025,True
2025-11-29T16:47:12.381505,Marvel,6.608811240736262,True
2025-11-29T16:47:12.421267,Marvel,6.593102978124662,True
2025-11-29T16:47:12.458151,Marvel,6.582446685857258,True
2025-11-29T16:47:12.498684,Marvel,7.758984782728346,True
2025-11-29T16:47:12.535720,Marvel,7.749757512895183,True
2025-11-29T16:47:12.574314,Marvel,7.742160062422135,True
2025-11-29T16:47:12.611378,Marvel,7.73645242816227,True
2025-11-29T16:47:12.649223,Marvel,7.721178846389158,True
2025-11-29T16:47:12.686321,Marvel,7.706358041793365,True
2025-11-29T16:47:12.724228,Marvel,7.702887955569366,True
2025-11-29T16:47:12.760806,Marvel,7.68853951216934,True
2025-11-29T16:47:12.802079,Marvel,7.687791602015837,True
2025-11-29T16:47:12.845302,Marvel,7.6904788414209655,True
2025-11-29T16:47:12.884016,Marvel,7.676624014993436,True
2025-11-29T16:47:12.921226,Marvel,7.683876180411147,True
2025-11-29T16:47:12.961237,Marvel,7.6705381133477015,True
2025-11-29T16:47:12.999576,Marvel,7.684350651728668,True
2025-11-29T16:47:13.037504,Marvel,7.671554625234023,True
2025-11-29T16:47:13.075857,Marvel,7.659328357152731,True
2025-11-29T16:47:13.114114,Marvel,7.647702355977302,True
2025-11-29T16:47:13.152730,Marvel,7.636710344602932,True
2025-11-29T16:47:13.189951,Marvel,7.650522882983898,True
2025-11-29T16:47:13.229905,Marvel,7.64020230982346,True
2025-11-29T16:47:13.269471,Marvel,7.630594970403994,True
2025-11-29T16:47:13.308185,Marvel,7.6217477701571354,True
2025-11-29T16:47:13.346585,Marvel,7.613713669729487,True
2025-11-29T16:47:13.384259,Marvel,7.60655286921104,True
2025-11-29T16:47:13.422214,Marvel,7.6003343094523625,True
2025-11-29T16:47:13.462410,Marvel,7.595137600691309,True
2025-11-29T16:47:13.503837,Marvel,7.5910555368835535,True
2025-11-29T16:47:13.542335,Marvel,7.58819742824331,True
2025-11-29T16:47:13.582082,Marvel,7.586693601529472,True
2025-11-29T16:47:13.620995,Marvel,7.586701607936307,True
2025-11-29T16:47:13.660722,Marvel,7.588414998536354,True
2025-11-29T16:47:13.699331,Marvel,7.612986957381752,True
2025-11-29T16:47:13.740497,Marvel,7.61664804559196,True
2025-11-29T16:47:13.780756,Marvel,7.622567099153125,True
2025-11-29T16:47:13.818651,Marvel,7.670351668964406,True
2025-11-29T16:47:13.856934,Marvel,7.678936946238663,True
2025-11-29T16:47:13.896818,Marvel,7.678936946238663,True
2025-11-29T16:47:13.937130,Marvel,7.678936946238663,True
2025-11-29T16:47:13.978421,Marvel,7.678936946238663,True
2025-11-29T16:47:14.016774,Marvel,7.678936946238663,True
2025-11-29T16:47:14.055100,Marvel,7.678936946238663,True
2025-11-29T16:47:14.094696,Marvel,7.678936946238663,True
2025-11-29T16:47:14.134034,Marvel,7.678936946238663,True
2025-11-29T16:47:14.172585,Marvel,7.678936946238663,True
2025-11-29T16:47:14.213246,Marvel,7.678936946238663,True
2025-11-29T16:47:14.253203,Marvel,7.678936946238663,True
2025-11-29T16:47:14.289948,Marvel,7.678936946238663,True
2025-11-29T16:47:14.328218,Marvel,7.678936946238663,True
2025-11-29T16:47:14.367969,Marvel,7.678936946238663,True
2025-11-29T16:47:14.405610,Marvel,7.678936946238663,True
2025-11-29T16:47:14.443167,Marvel,7.690744043859297,True
2025-11-29T16:47:14.480479,Marvel,7.706562023000597,True
2025-11-29T16:47:14.518022,Marvel,7.731133981845996,True
2025-11-29T16:47:14.556158,Marvel,7.778918551657277,True
2025-11-29T16:47:14.597148,Marvel,7.799932360167626,True
2025-11-29T16:47:14.634765,Marvel,7.828062469348076,True
2025-11-29T16:47:14.671050,Marvel,7.866786609062878,True
2025-11-29T16:47:14.708546,Marvel,8.460747654027037,True
2025-11-29T16:47:14.746019,Marvel,8.517592653934795,True
2025-11-29T16:47:14.781689,Marvel,8.615630394336673,True
2025-11-29T16:47:14.817997,Marvel,9.792168491207761,True
2025-11-29T16:47:14.855289,Marvel,10.38612953617192,True
2025-11-29T16:47:14.891228,Marvel,11.562667633043008,True
2025-11-29T16:47:14.934395,Marvel,11.562667633043008,True
2025-11-29T16:47:14.972958,Marvel,11.562667633043008,True
2025-11-29T16:47:15.009775,Marvel,11.562667633043008,True
2025-11-29T16:47:15.045876,Marvel,11.562667633043008,True
2025-11-29T16:47:15.083120,Marvel,11.562667633043008,True
2025-11-29T16:47:15.120578,Marvel,11.562667633043008,True
2025-11-29T16:47:15.158083,Marvel,11.562667633043008,True
2025-11-29T16:47:15.194158,Marvel,11.562667633043008,True
2025-11-29T16:47:15.232701,Marvel,11.562667633043008,True
2025-11-29T16:47:15.268758,Marvel,11.562667633043008,True
2025-11-29T16:47:15.307442,Marvel,11.562667633043008,True
2025-11-29T16:47:15.342182,Marvel,11.562667633043008,True
2025-11-29T16:47:15.378915,Marvel,11.562667633043008,True
2025-11-29T16:47:15.417925,Marvel,11.562667633043008,True
2025-11-29T16:47:15.455139,Marvel,11.562667633043008,True
2025-11-29T16:47:15.492099,Marvel,11.562667633043008,True
2025-11-29T16:47:15.529768,Marvel,10.38612953617192,True
2025-11-29T16:47:15.567278,Marvel,10.288091795770043,True
2025-11-29T16:47:15.607156,Marvel,9.694130750805884,True
2025-11-29T16:47:15.643840,Marvel,9.646346180994604,True
2025-11-29T16:47:15.681841,Marvel,9.646346180994604,True
2025-11-29T16:47:15.719368,Marvel,9.589501181086845,True
2025-11-29T16:47:15.759337,Marvel,9.564929222241446,True
2025-11-29T16:47:15.794902,Marvel,9.526205082526642,True
2025-11-29T16:47:15.831030,Marvel,9.526205082526642,True
2025-11-29T16:47:15.868717,Marvel,9.498074973346194,True
2025-11-29T16:47:15.909510,Marvel,9.477061164835845,True
2025-11-29T16:47:15.946020,Marvel,9.477061164835845,True
2025-11-29T16:47:15.983374,Marvel,9.461243185694544,True
2025-11-29T16:47:16.019098,Marvel,9.461243185694544,True
2025-11-29T16:47:16.054716,Marvel,9.461243185694544,True
2025-11-29T16:47:16.094802,Marvel,9.461243185694544,True
2025-11-29T16:47:16.129880,Marvel,9.461243185694544,True
2025-11-29T16:47:16.166946,Marvel,9.461243185694544,True
2025-11-29T16:47:16.205875,Marvel,9.461243185694544,True
2025-11-29T16:47:16.394472,Marvel,9.461243185694544,True
2025-11-29T16:47:16.430923,Marvel,9.461243185694544,True
2025-11-29T16:47:16.467046,Marvel,9.461243185694544,True
2025-11-29T16:47:16.507830,Marvel,9.461243185694544,True
2025-11-29T16:47:16.543908,Marvel,9.461243185694544,True
2025-11-29T16:47:16.580308,Marvel,9.461243185694544,True
2025-11-29T16:47:16.615711,Marvel,9.461243185694544,True
2025-11-29T16:47:16.651673,Marvel,9.461243185694544,True
2025-11-29T16:47:16.688403,Marvel,9.449436088073911,True
2025-11-29T16:47:16.725541,Marvel,9.440850810799652,True
2025-11-29T16:47:16.762640,Marvel,8.264312713928565,True
2025-11-29T16:47:16.798911,Marvel,8.166274973526688,True
2025-11-29T16:47:16.835263,Marvel,8.15246243514572,True
2025-11-29T16:47:16.874191,Marvel,8.095617435237962,True
2025-11-29T16:47:16.909945,Marvel,8.056893295523158,True
2025-11-29T16:47:16.952323,Marvel,8.02876318634271,True
2025-11-29T16:47:16.986315,Marvel,8.007749377832361,True
2025-11-29T16:47:17.023939,Marvel,7.99193139869106,True
2025-11-29T16:47:17.060017,Marvel,7.986012345129893,True
2025-11-29T16:47:17.097700,Marvel,7.974205247509261,True
2025-11-29T16:47:17.133878,Marvel,7.965619970235004,True
2025-11-29T16:47:17.171927,Marvel,7.959700916673837,True
2025-11-29T16:47:17.211468,Marvel,7.956039828463631,True
2025-11-29T16:47:17.247384,Marvel,7.362078783499472,True
2025-11-29T16:47:17.283668,Marvel,7.314294213688191,True
2025-11-29T16:47:17.322253,Marvel,6.137756116817103,True
2025-11-29T16:47:17.359491,Marvel,6.039718376415227,True
2025-11-29T16:47:17.396733,Marvel,5.445757331451067,True
2025-11-29T16:47:17.437370,Marvel,5.388912331543309,True
2025-11-29T16:47:17.473380,Marvel,5.341127761732028,True
2025-11-29T16:47:17.511013,Marvel,5.316555802886629,True
2025-11-29T16:47:17.546773,Marvel,5.29198384404123,True
2025-11-29T16:47:17.583992,Marvel,5.278171305660263,True
2025-11-29T16:47:17.620899,Marvel,5.270919140242551,True
2025-11-29T16:47:17.658271,Marvel,5.268231900837424,True
2025-11-29T16:47:17.694953,Marvel,5.268979810990926,True
2025-11-29T16:47:17.731313,Marvel,5.2724498972149245,True
2025-11-29T16:47:17.767413,Marvel,5.278157531474791,True
2025-11-29T16:47:17.804126,Marvel,5.285754981947838,True
2025-11-29T16:47:17.839739,Marvel,5.247030842233036,True
2025-11-29T16:47:17.880068,Marvel,5.256258112066199,True
2025-11-29T16:47:17.915312,Marvel,5.228128002885748,True
2025-11-29T16:47:17.954122,Marvel,5.2071141943754,True
2025-11-29T16:47:17.989528,Marvel,5.1912962152340985,True
2025-11-29T16:47:18.025803,Marvel,5.201952507501503,True
2025-11-29T16:47:18.062154,Marvel,5.19014540988087,True
2025-11-29T16:47:18.098288,Marvel,5.188432019280823,True
2025-11-29T16:47:18.133366,Marvel,5.200358153909184,True
2025-11-29T16:47:18.169570,Marvel,5.21342520068823,True
2025-11-29T16:47:18.205362,Marvel,5.213417194281394,True
2025-11-29T16:47:18.244359,Marvel,5.2149210209952335,True
2025-11-29T16:47:18.280850,Marvel,5.229022655909011,True
2025-11-29T16:47:18.318912,Marvel,5.231880764549254,True
2025-11-29T16:47:18.353663,Marvel,5.235962828357009,True
2025-11-29T16:47:18.387447,Marvel,5.241159537118064,True
2025-11-29T16:47:18.424094,Marvel,5.256206730302517,True
2025-11-29T16:47:18.460387,Marvel,5.262425290061193,True
2025-11-29T16:47:18.496366,Marvel,5.278342509491375,True
2025-11-29T16:47:18.531786,Marvel,5.269757232217117,True
2025-11-29T16:47:18.567117,Marvel,5.263838178655951,True
2025-11-29T16:47:18.603234,Marvel,5.280560611085225,True
2025-11-29T16:47:18.639295,Marvel,5.298032084738663,True
2025-11-29T16:47:18.673737,Marvel,5.316203487871133,True
2025-11-29T16:47:18.708391,Marvel,5.33503154518418,True
2025-11-29T16:47:18.742510,Marvel,5.354477857386428,True
2025-11-29T16:47:18.777615,Marvel,5.3508167691762205,True
2025-11-29T16:47:18.812096,Marvel,5.3708470493029346,True
2025-11-29T16:47:18.846891,Marvel,5.3914305083840794,True
2025-11-29T16:47:18.881740,Marvel,5.398591308902526,True
2025-11-29T16:47:18.915577,Marvel,5.3913391434848155,True
2025-11-29T16:47:18.950676,Marvel,5.399373243912462,True
2025-11-29T16:47:18.988857,Marvel,5.408220444159323,True
2025-11-29T16:47:19.022223,Marvel,5.429329291797867,True
2025-11-29T16:47:19.055912,Marvel,5.438936631217333,True
2025-11-29T16:47:19.090322,Marvel,5.437223240617286,True
2025-11-29T16:47:19.123301,Marvel,5.458832275076258,True
2025-11-29T16:47:19.156619,Marvel,5.480918543875431,True
2025-11-29T16:47:19.190509,Marvel,5.491239117035867,True
2025-11-29T16:47:19.224847,Marvel,5.5137816336655945,True
2025-11-29T16:47:19.259347,Marvel,5.513773627258759,True
2025-11-29T16:47:19.293873,Marvel,5.5152774539725975,True
2025-11-29T16:47:19.330756,Marvel,5.524054616174007,True
2025-11-29T16:47:19.366199,Marvel,5.555619399169597,True
2025-11-29T16:47:19.400763,Marvel,5.549059026206342,True
2025-11-29T16:47:19.438626,Marvel,5.586270326772665,True
2025-11-29T16:47:19.471068,Marvel,5.586270326772665,True
2025-11-29T16:47:19.505896,Marvel,5.598077424393299,True
2025-11-29T16:47:19.541908,Marvel,5.598077424393299,True
2025-11-29T16:47:19.576257,Marvel,5.606643238116888,True
2025-11-29T16:47:19.611209,Marvel,5.617635249491258,True
2025-11-29T16:47:19.648330,Marvel,5.62483651962064,True
2025-11-29T16:47:19.682831,Marvel,5.652966628801089,True
2025-11-29T16:47:19.716310,Marvel,5.652966628801089,True
2025-11-29T16:47:19.752502,Marvel,5.703316769691321,True
2025-11-29T16:47:19.788302,Marvel,5.7073988334990755,True
2025-11-29T16:47:19.823835,Marvel,4.530860736627987,True
2025-11-29T16:47:19.858728,Marvel,4.528173497222859,True
2025-11-29T16:47:19.892706,Marvel,4.5289214073763615,True
2025-11-29T16:47:19.928756,Marvel,4.55272304770419,True
2025-11-29T16:47:19.962926,Marvel,4.5649493157854835,True
2025-11-29T16:47:19.997014,Marvel,4.52622517607068,True
2025-11-29T16:47:20.031410,Marvel,4.52622517607068,True
2025-11-29T16:47:20.065522,Marvel,4.52622517607068,True
2025-11-29T16:47:20.968481,Marvel,4.52622517607068,True
2025-11-29T16:47:21.002669,Marvel,4.52622517607068,True
2025-11-29T16:47:21.041547,Marvel,4.52622517607068,True
2025-11-29T16:47:21.077469,Marvel,4.550414523294053,True
2025-11-29T16:47:21.115209,Marvel,4.563210549788698,True
2025-11-29T16:47:21.151555,Marvel,4.615272756566947,True
2025-11-29T16:47:21.187308,Marvel,4.696680719558577,True
2025-11-29T16:47:21.224630,Marvel,4.696680719558577,True
2025-11-29T16:47:21.259543,Marvel,4.676090487077419,True
2025-11-29T16:47:21.296589,Marvel,4.626497652587371,True
2025-11-29T16:47:21.332132,Marvel,4.6386250843439445,True
2025-11-29T16:47:21.366813,Marvel,4.6386250843439445,True
2025-11-29T16:47:21.405956,Marvel,4.6386250843439445,True
2025-11-29T16:47:21.441796,Marvel,4.61914665084494,True
2025-11-29T16:47:21.478593,Marvel,4.604833410264384,True
2025-11-29T16:47:21.514776,Marvel,4.673304411347573,True
2025-11-29T16:47:21.551211,Marvel,4.673304411347573,True
2025-11-29T16:47:21.593308,Marvel,4.673304411347573,True
2025-11-29T16:47:21.633809,Marvel,4.673304411347573,True
2025-11-29T16:47:21.673766,Marvel,4.673304411347573,True
2025-11-29T16:47:21.710514,Marvel,4.648380953096353,True
2025-11-29T16:47:21.750333,Marvel,4.623817990012483,True
2025-11-29T16:47:21.785162,Marvel,4.620483836358231,True
2025-11-29T16:47:21.821270,Marvel,4.629851995799279,True
2025-11-29T16:47:21.857409,Marvel,4.631962194286022,True
2025-11-29T16:47:21.892558,Marvel,4.631962194286022,True
2025-11-29T16:47:21.930501,Marvel,4.659212396775018,True
2025-11-29T16:47:21.966012,Marvel,4.647445460185793,True
2025-11-29T16:47:22.001900,Marvel,4.6792605886873755,True
2025-11-29T16:47:22.038371,Marvel,4.6792605886873755,True
2025-11-29T16:47:22.075003,Marvel,4.668035692666951,True
2025-11-29T16:47:22.110327,Marvel,4.657701171871107,True
2025-11-29T16:47:22.148291,Marvel,4.648247974943305,True
2025-11-29T16:47:22.182411,Marvel,4.639670017353741,True
2025-11-29T16:47:22.217962,Marvel,4.631964093405521,True
2025-11-29T16:47:22.255856,Marvel,4.6251298393873945,True
2025-11-29T16:47:22.291808,Marvel,4.62574181697115,True
2025-11-29T16:47:22.325934,Marvel,4.619781724420741,True
2025-11-29T16:47:22.361904,Marvel,4.634806412306463,True
2025-11-29T16:47:22.397028,Marvel,4.651730768972284,True
2025-11-29T16:47:22.433221,Marvel,4.675530428371503,True
2025-11-29T16:47:22.467616,Marvel,4.670734811189897,True
2025-11-29T16:47:22.502586,Marvel,4.696482168199276,True
2025-11-29T16:47:22.537496,Marvel,4.696482168199276,True
2025-11-29T16:47:22.571078,Marvel,4.674395899400103,True
2025-11-29T16:47:27.717978,Marvel,4.652786864941132,True
2025-11-29T16:47:27.800786,Marvel,4.635496213323565,True
2025-11-29T16:47:27.841777,Marvel,4.561734863156821,True
2025-11-29T16:47:27.882719,Marvel,4.501901875803474,True
2025-11-29T16:47:27.928110,Marvel,4.4572432520234635,True
2025-11-29T16:47:27.968854,Marvel,4.446824710034566,True
2025-11-29T16:47:28.006890,Marvel,4.438713897896014,True
2025-11-29T16:47:28.045070,Marvel,4.41813043881487,True
2025-11-29T16:47:28.083620,Marvel,4.402856857041758,True
2025-11-29T16:47:28.121241,Marvel,4.382826576915043,True
2025-11-29T16:47:28.157933,Marvel,4.397972900309371,True
2025-11-29T16:47:28.196724,Marvel,4.421831759356742,True
2025-11-29T16:47:28.234691,Marvel,4.418093709766094,True
2025-11-29T16:47:28.274402,Marvel,4.415391828701809,True
2025-11-29T16:47:28.311970,Marvel,4.413748940168901,True
2025-11-29T16:47:28.348418,Marvel,4.413193816774447,True
2025-11-29T16:47:28.383330,Marvel,4.4137620359627405,True
2025-11-29T16:47:28.421195,Marvel,4.442291566012647,True
2025-11-29T16:47:28.458943,Marvel,4.4137620359627405,True
2025-11-29T16:47:28.495576,Marvel,4.390592651114847,True
2025-11-29T16:47:28.535288,Marvel,4.370614760092154,True
2025-11-29T16:47:28.570408,Marvel,4.377304709689173,True
2025-11-29T16:47:28.607734,Marvel,4.377304709689173,True
2025-11-29T16:47:28.642526,Marvel,4.377304709689173,True
2025-11-29T16:47:28.679784,Marvel,4.352802212984734,True
2025-11-29T16:47:28.713748,Marvel,4.35180308215593,True
2025-11-29T16:47:28.750730,Marvel,4.377110791859461,True
2025-11-29T16:47:28.785341,Marvel,4.377110791859461,True
2025-11-29T16:47:28.819651,Marvel,4.377110791859461,True
2025-11-29T16:47:28.854449,Marvel,4.378053750913338,True
2025-11-29T16:47:28.889489,Marvel,4.3519969999856425,True
2025-11-29T16:47:28.925686,Marvel,4.378053750913338,True
2025-11-29T16:47:28.959119,Marvel,4.408032251666441,True
2025-11-29T16:47:28.993879,Marvel,4.440378745407303,True
2025-11-29T16:47:29.028597,Marvel,4.439123692533819,True
2025-11-29T16:47:29.064078,Marvel,4.459101583556512,True
2025-11-29T16:47:29.098317,Marvel,4.4592824055923845,True
2025-11-29T16:47:29.133717,Marvel,4.476753879245823,True
2025-11-29T16:47:29.169543,Marvel,4.494755958296869,True
2025-11-29T16:47:29.205874,Marvel,4.487158507823821,True
2025-11-29T16:47:29.240531,Marvel,4.494410673241533,True
2025-11-29T16:47:29.275541,Marvel,4.484006044663535,True
2025-11-29T16:47:29.321640,Marvel,4.476408594190488,True
2025-11-29T16:47:29.355283,Marvel,4.476408594190488,True
2025-11-29T16:47:29.389540,Marvel,4.476408594190488,True
2025-11-29T16:47:29.425628,Marvel,4.458756298501177,True
2025-11-29T16:47:29.460185,Marvel,4.479770107011525,True
2025-11-29T16:47:29.496062,Marvel,5.635294395372265,True
2025-11-29T16:47:29.531449,Marvel,5.649106933753233,True
2025-11-29T16:47:29.566550,Marvel,5.673678892598632,True
2025-11-29T16:47:29.605388,Marvel,5.673859714634503,True
2025-11-29T16:47:29.638923,Marvel,5.673859714634503,True
2025-11-29T16:47:29.674076,Marvel,5.694873523144853,True
2025-11-29T16:47:29.709465,Marvel,5.694873523144853,True
2025-11-29T16:47:29.746652,Marvel,5.673859714634503,True
2025-11-29T16:47:29.781786,Marvel,5.649287755789105,True
2025-11-29T16:47:29.815919,Marvel,5.656885206262153,True
2025-11-29T16:47:29.849364,Marvel,5.656885206262153,True
2025-11-29T16:47:29.884552,Marvel,5.640162773832879,True
2025-11-29T16:47:29.920630,Marvel,5.601496669633219,True
2025-11-29T16:47:29.956457,Marvel,5.601496669633219,True
2025-11-29T16:47:29.994406,Marvel,5.5855794502030385,True
2025-11-29T16:47:30.029022,Marvel,5.568288798585472,True
2025-11-29T16:47:30.065077,Marvel,5.577981999729991,True
2025-11-29T16:47:30.099781,Marvel,5.61664810392965,True
2025-11-29T16:47:30.133510,Marvel,5.585782931603896,True
2025-11-29T16:47:30.168408,Marvel,5.5831778290990375,True
2025-11-29T16:47:30.202362,Marvel,5.581804396911654,True
2025-11-29T16:47:30.237975,Marvel,5.564289665031154,True
2025-11-29T16:47:30.271120,Marvel,5.577542011236428,True
2025-11-29T16:47:30.306246,Marvel,5.552040383703185,True
2025-11-29T16:47:30.341967,Marvel,4.3589737722325355,True
2025-11-29T16:47:30.377654,Marvel,4.336928542422606,True
2025-11-29T16:47:30.413618,Marvel,4.338691753464445,True
2025-11-29T16:47:30.448080,Marvel,4.341589574823803,True
2025-11-29T16:47:30.481847,Marvel,4.337928486613595,True
2025-11-29T16:47:30.517172,Marvel,4.336215096013548,True
2025-11-29T16:47:30.552715,Marvel,4.354295243173095,True
2025-11-29T16:47:30.591909,Marvel,4.354295243173095,True
2025-11-29T16:47:30.633655,Marvel,4.371282215546254,True
2025-11-29T16:47:30.668404,Marvel,4.394389615958708,True
2025-11-29T16:47:30.706243,Marvel,4.371282215546254,True
2025-11-29T16:47:30.741761,Marvel,4.371282215546254,True
2025-11-29T16:47:30.777112,Marvel,4.371282215546254,True
2025-11-29T16:47:30.811736,Marvel,4.368162420844805,True
2025-11-29T16:47:30.848566,Marvel,4.368162420844805,True
2025-11-29T16:47:30.883360,Marvel,4.368162420844805,True
2025-11-29T16:47:30.919096,Marvel,4.353202068386707,True
2025-11-29T16:47:30.958848,Marvel,4.337928486613595,True
2025-11-29T16:47:30.998555,Marvel,4.323107682017803,True
2025-11-29T16:47:31.036387,Marvel,4.308759238617777,True
2025-11-29T16:47:31.071664,Marvel,4.308011328464275,True
2025-11-29T16:47:31.106411,Marvel,4.294156502036746,True
2025-11-29T16:47:31.150590,Marvel,4.2808184349733,True
2025-11-29T16:47:31.187355,Marvel,4.268022408478655,True
2025-11-29T16:47:31.393714,Marvel,4.249851005346185,True
2025-11-29T16:47:31.428536,Marvel,4.249851005346185,True
2025-11-29T16:47:31.464803,Marvel,4.249851005346185,True
2025-11-29T16:47:31.500107,Marvel,4.255796140397362,True
2025-11-29T16:47:31.535128,Marvel,4.268022408478655,True
2025-11-29T16:47:31.571187,Marvel,4.286850465791703,True
2025-11-29T16:47:31.605962,Marvel,4.286850465791703,True
2025-11-29T16:47:31.642311,Marvel,4.314980574972152,True
2025-11-29T16:47:31.689555,Marvel,4.314980574972152,True
2025-11-29T16:47:31.724912,Marvel,4.314980574972152,True
2025-11-29T16:47:31.760273,Marvel,4.330463840871924,True
2025-11-29T16:47:31.794926,Marvel,4.351054073353082,True
2025-11-29T16:47:31.831348,Marvel,4.364908899780612,True
2025-11-29T16:47:31.870568,Marvel,4.379257343180638,True
2025-11-29T16:47:31.908936,Marvel,4.379257343180638,True
2025-11-29T16:47:31.948164,Marvel,4.379257343180638,True
2025-11-29T16:47:31.985238,Marvel,4.379257343180638,True
2025-11-29T16:47:32.021393,Marvel,4.379257343180638,True
2025-11-29T16:47:32.058568,Marvel,4.379257343180638,True
2025-11-29T16:47:32.092522,Marvel,4.379257343180638,True
2025-11-29T16:47:32.127170,Marvel,4.384355211982858,True
2025-11-29T16:47:32.161409,Marvel,4.384355211982858,True
2025-11-29T16:47:32.197083,Marvel,4.384355211982858,True
2025-11-29T16:47:32.232430,Marvel,4.40804658031978,True
2025-11-29T16:47:32.265664,Marvel,4.446966982565206,True
2025-11-29T16:47:32.300901,Marvel,4.515335011457631,True
2025-11-29T16:47:32.334575,Marvel,4.509572356972278,True
2025-11-29T16:47:32.370404,Marvel,4.509572356972278,True
2025-11-29T16:47:32.405446,Marvel,4.509572356972278,True
2025-11-29T16:47:32.439653,Marvel,4.536074869614589,True
2025-11-29T16:47:32.476027,Marvel,4.5307649923065565,True
2025-11-29T16:47:32.515480,Marvel,4.526442974791442,True
2025-11-29T16:47:32.550895,Marvel,4.499744497171482,True
2025-11-29T16:47:32.585009,Marvel,4.478229200453308,True
2025-11-29T16:47:32.620385,Marvel,4.431927688140389,True
2025-11-29T16:47:32.654116,Marvel,4.4412608755681475,True
2025-11-29T16:47:32.687771,Marvel,4.427259488138708,True
2025-11-29T16:47:32.725576,Marvel,4.416244689969302,True
2025-11-29T16:47:32.759229,Marvel,4.40813387783075,True
2025-11-29T16:47:32.793951,Marvel,4.40813387783075,True
2025-11-29T16:47:32.828362,Marvel,4.40813387783075,True
2025-11-29T16:47:32.863376,Marvel,4.40813387783075,True
2025-11-29T16:47:32.897529,Marvel,4.407924921012167,True
2025-11-29T16:47:32.931181,Marvel,4.407924921012167,True
2025-11-29T16:47:32.964671,Marvel,4.424051097260931,True
2025-11-29T16:47:32.997563,Marvel,4.439968316691113,True
2025-11-29T16:47:33.031983,Marvel,4.448899380817625,True
2025-11-29T16:47:33.065637,Marvel,4.465815731076612,True
2025-11-29T16:47:33.099788,Marvel,4.483106382694178,True
2025-11-29T16:47:33.133809,Marvel,4.500758678383489,True
2025-11-29T16:47:33.167100,Marvel,4.518760757434533,True
2025-11-29T16:47:33.200850,Marvel,4.537101484648428,True
2025-11-29T16:47:33.236262,Marvel,4.58390049651519,True
2025-11-29T16:47:33.270408,Marvel,4.55577038733474,True
2025-11-29T16:47:33.308103,Marvel,4.563367837807787,True
2025-11-29T16:47:33.342545,Marvel,4.553926204954638,True
2025-11-29T16:47:33.376766,Marvel,4.553926204954638,True
2025-11-29T16:47:33.411605,Marvel,4.553926204954638,True
2025-11-29T16:47:33.444530,Marvel,4.553926204954638,True
2025-11-29T16:47:33.479978,Marvel,4.582056314135087,True
2025-11-29T16:47:33.515020,Marvel,5.176017359099246,True
2025-11-29T16:47:33.550165,Marvel,5.176017359099246,True
2025-11-29T16:47:33.584241,Marvel,5.18667365136665,True
2025-11-29T16:47:33.618951,Marvel,5.158543542186202,True
2025-11-29T16:47:33.652283,Marvel,5.170350639806834,True
2025-11-29T16:47:33.686734,Marvel,5.130996104082592,True
2025-11-29T16:47:33.723272,Marvel,5.142922238710952,True
2025-11-29T16:47:33.757862,Marvel,5.161262965924847,True
2025-11-29T16:47:33.790228,Marvel,5.142922238710952,True
2025-11-29T16:47:33.823961,Marvel,5.124920159659907,True
2025-11-29T16:47:33.856901,Marvel,5.140738138801208,True
2025-11-29T16:47:33.891499,Marvel,5.124820919371027,True
2025-11-29T16:47:33.928806,Marvel,5.1097737261865745,True
2025-11-29T16:47:33.961623,Marvel,5.130787534696923,True
2025-11-29T16:47:33.997273,Marvel,5.116685899783145,True
2025-11-29T16:47:36.920130,Marvel,5.144816008963595,True
2025-11-29T16:47:36.963343,Marvel,6.321354105834683,True
2025-11-29T16:47:37.005626,Marvel,6.374179880463265,True
2025-11-29T16:47:37.043845,Marvel,6.378080324600532,True
2025-11-29T16:47:37.086323,Marvel,6.383354005035379,True
2025-11-29T16:47:37.130580,Marvel,6.453266051722185,True
2025-11-29T16:47:37.171217,Marvel,6.569972694810373,True
2025-11-29T16:47:37.211009,Marvel,6.575892859971111,True
2025-11-29T16:47:37.248866,Marvel,6.575892859971111,True
2025-11-29T16:47:37.290372,Marvel,6.45886790762945,True
2025-11-29T16:47:37.329256,Marvel,6.465928984940874,True
2025-11-29T16:47:37.369734,Marvel,6.56396672534275,True
2025-11-29T16:47:37.409056,Marvel,6.56396672534275,True
2025-11-29T16:47:37.446127,Marvel,6.572606644525207,True
2025-11-29T16:47:37.483403,Marvel,6.572606644525207,True
2025-11-29T16:47:37.520221,Marvel,6.572606644525207,True
2025-11-29T16:47:37.558338,Marvel,6.572606644525207,True
2025-11-29T16:47:37.595621,Marvel,6.580276922851478,True
2025-11-29T16:47:37.633791,Marvel,6.6001652108994975,True
2025-11-29T16:47:37.668976,Marvel,6.620337483104908,True
2025-11-29T16:47:37.709550,Marvel,6.640786251427949,True
2025-11-29T16:47:37.745480,Marvel,6.640786251427949,True
2025-11-29T16:47:37.784381,Marvel,6.640786251427949,True
2025-11-29T16:47:37.822324,Marvel,6.640786251427949,True
2025-11-29T16:47:37.857875,Marvel,6.661504401267198,True
2025-11-29T16:47:37.896682,Marvel,6.563466660865322,True
2025-11-29T16:47:37.933154,Marvel,6.485903511118314,True
2025-11-29T16:47:37.969677,Marvel,6.476676241285151,True
2025-11-29T16:47:38.007286,Marvel,6.4897969406513525,True
2025-11-29T16:47:38.042883,Marvel,6.4303546510973,True
2025-11-29T16:47:38.079517,Marvel,6.4303546510973,True
2025-11-29T16:47:38.118347,Marvel,6.451072800936549,True
2025-11-29T16:47:38.152795,Marvel,6.4229426917561,True
2025-11-29T16:47:38.193305,Marvel,6.451553950739497,True
2025-11-29T16:47:38.228114,Marvel,6.458670251409597,True
2025-11-29T16:47:38.265188,Marvel,6.422134122429046,True
2025-11-29T16:47:38.300641,Marvel,5.8077243091418485,True
2025-11-29T16:47:38.336608,Marvel,4.611013940065348,True
2025-11-29T16:47:38.373147,Marvel,4.543341082206048,True
2025-11-29T16:47:38.408692,Marvel,4.5187691233606495,True
2025-11-29T16:47:38.445497,Marvel,4.494300292712278,True
2025-11-29T16:47:38.483847,Marvel,4.376666139355768,True
2025-11-29T16:47:38.521104,Marvel,4.350117762488196,True
2025-11-29T16:47:38.561576,Marvel,4.3193234529277795,True
2025-11-29T16:47:38.599235,Marvel,4.309881820074629,True
2025-11-29T16:47:38.639967,Marvel,4.243809550333708,True
2025-11-29T16:47:38.681322,Marvel,4.222781583714688,True
2025-11-29T16:47:38.720137,Marvel,4.206598855967382,True
2025-11-29T16:47:38.755149,Marvel,4.21923194892141,True
2025-11-29T16:47:38.792615,Marvel,4.211547513974921,True
2025-11-29T16:47:38.827606,Marvel,4.208077427750922,True
2025-11-29T16:47:38.864237,Marvel,4.193545434923875,True
2025-11-29T16:47:38.900648,Marvel,4.169974085673399,True
2025-11-29T16:47:38.941933,Marvel,4.149022345845625,True
2025-11-29T16:47:38.981118,Marvel,4.146300169775127,True
2025-11-29T16:47:39.018014,Marvel,4.132853905740141,True
2025-11-29T16:47:39.057951,Marvel,4.077601251425778,True
2025-11-29T16:47:39.099211,Marvel,4.038814849977925,True
2025-11-29T16:47:39.138412,Marvel,4.008573771634413,True
2025-11-29T16:47:39.179200,Marvel,4.031479932207915,True
2025-11-29T16:47:39.217732,Marvel,4.012075384114234,True
2025-11-29T16:47:39.257070,Marvel,3.9977824725801105,True
2025-11-29T16:47:39.296170,Marvel,3.9883933327949452,True
2025-11-29T16:47:39.347105,Marvel,3.9859320320413967,True
2025-11-29T16:47:39.398635,Marvel,3.975513490052499,True
2025-11-29T16:47:39.448931,Marvel,3.9561441392306924,True
2025-11-29T16:47:39.487888,Marvel,3.9391571668575334,True
2025-11-29T16:47:39.523274,Marvel,3.9319338127347887,True
2025-11-29T16:47:39.559751,Marvel,3.9268126391679252,True
2025-11-29T16:47:39.596086,Marvel,3.912949806333561,True
2025-11-29T16:47:39.634095,Marvel,3.9228581884474636,True
2025-11-29T16:47:39.673373,Marvel,3.910268031537519,True
2025-11-29T16:47:39.710569,Marvel,3.9093981396712345,True
2025-11-29T16:47:39.747509,Marvel,3.910238918368988,True
2025-11-29T16:47:39.783846,Marvel,3.912714552107337,True
2025-11-29T16:47:39.823203,Marvel,3.9017145343261315,True
2025-11-29T16:47:39.859899,Marvel,3.9064411543501456,True
2025-11-29T16:47:39.896126,Marvel,3.9127510343608605,True
2025-11-29T16:47:39.933266,Marvel,3.986318466697892,True
2025-11-29T16:47:39.969820,Marvel,4.006477179756458,True
2025-11-29T16:47:40.005531,Marvel,4.031900748306639,True
2025-11-29T16:47:40.042061,Marvel,4.024557374773619,True
2025-11-29T16:47:40.079658,Marvel,4.027415483413863,True
2025-11-29T16:47:40.115068,Marvel,3.433454438449704,True
2025-11-29T16:47:40.150869,Marvel,3.4349582651635426,True
2025-11-29T16:47:40.186179,Marvel,3.4378163738037864,True
2025-11-29T16:47:40.222085,Marvel,3.4604761124316123,True
2025-11-29T16:47:40.259209,Marvel,3.488518157501011,True
2025-11-29T16:47:40.295948,Marvel,3.5906379617106423,True
2025-11-29T16:47:40.332651,Marvel,3.595834670471697,True
2025-11-29T16:47:40.369579,Marvel,4.791200824655833,True
2025-11-29T16:47:40.405855,Marvel,4.843067458274869,True
2025-11-29T16:47:40.442262,Marvel,4.786435688216729,True
2025-11-29T16:47:40.480012,Marvel,4.8058820004189755,True
2025-11-29T16:47:40.516614,Marvel,4.8115896346788425,True
2025-11-29T16:47:40.554026,Marvel,4.8191870851518885,True
2025-11-29T16:47:40.590263,Marvel,4.825405644910566,True
2025-11-29T16:47:40.627525,Marvel,4.834632914743729,True
2025-11-29T16:47:40.662276,Marvel,4.843480114990587,True
2025-11-29T16:47:40.698895,Marvel,4.853087454410055,True
2025-11-29T16:47:40.734435,Marvel,4.863743746677459,True
2025-11-29T16:47:40.773587,Marvel,4.87566988130582,True
2025-11-29T16:47:40.807804,Marvel,4.870904547195906,True
2025-11-29T16:47:40.842893,Marvel,4.869331308204087,True
2025-11-29T16:47:40.877244,Marvel,4.872410242585589,True
2025-11-29T16:47:40.914899,Marvel,4.8805143880839434,True
2025-11-29T16:47:40.950597,Marvel,4.881327487903153,True
2025-11-29T16:47:40.985212,Marvel,4.886092822013067,True
2025-11-29T16:47:41.020075,Marvel,4.892941309033437,True
2025-11-29T16:47:41.056925,Marvel,4.898195743700356,True
2025-11-29T16:47:41.093645,Marvel,4.898195743700356,True
2025-11-29T16:47:41.129587,Marvel,4.904414303459032,True
2025-11-29T16:47:41.166800,Marvel,4.907042943947214,True
2025-11-29T16:47:41.204246,Marvel,4.911453574605625,True
2025-11-29T16:47:41.241642,Marvel,4.917692083958309,True
2025-11-29T16:47:43.241644,Marvel,4.935417434399211,True
2025-11-29T16:47:43.275876,Marvel,4.955022455323917,True
2025-11-29T16:47:43.315941,Marvel,4.966022473105122,True
2025-11-29T16:47:43.352053,Marvel,4.972932572466224,True
2025-11-29T16:47:43.388390,Marvel,4.998202695135403,True
2025-11-29T16:52:55.565401,Marvel,2.191591525893564,True
2025-11-29T16:52:55.605085,Marvel,2.1778298828009275,True
2025-11-29T16:52:55.645548,Marvel,2.1657307350200075,True
2025-11-29T16:52:55.684266,Marvel,2.153573844088913,True
2025-11-29T16:52:55.723026,Marvel,2.1476858000294463,True
2025-11-29T16:52:55.762907,Marvel,2.1249988878414108,True
2025-11-29T16:52:55.802496,Marvel,2.104679675644653,True
2025-11-29T16:52:55.842876,Marvel,2.1105777135137838,True
2025-11-29T16:52:55.881283,Marvel,2.099399489038925,True
2025-11-29T16:52:55.920937,Marvel,2.09221328299552,True
2025-11-29T16:52:55.961629,Marvel,2.1366450569701887,True
2025-11-29T16:52:55.999646,Marvel,2.156049605063869,True
2025-11-29T16:52:56.038101,Marvel,2.1611707786307326,True
2025-11-29T16:52:56.075778,Marvel,2.232836583134284,True
2025-11-29T16:52:56.114488,Marvel,2.2405127144343484,True
2025-11-29T16:52:56.153139,Marvel,2.3542587174478244,True
2025-11-29T16:52:56.191926,Marvel,2.3646772594367222,True
2025-11-29T16:52:56.235551,Marvel,3.557743870907372,True
2025-11-29T16:52:56.276242,Marvel,3.571190134942358,True
2025-11-29T16:52:56.314874,Marvel,3.5877328764064225,True
2025-11-29T16:52:56.353196,Marvel,3.6080724115008604,True
2025-11-29T16:52:56.392147,Marvel,3.641892469693207,True
2025-11-29T16:52:56.430843,Marvel,3.6674853623248125,True
2025-11-29T16:52:56.470146,Marvel,3.6999668033920923,True
2025-11-29T16:52:56.509054,Marvel,3.7399678238422243,True
2025-11-29T16:52:56.549238,Marvel,3.7838359941374837,True
2025-11-29T16:52:56.588125,Marvel,3.8512169769033977,True
2025-11-29T16:52:56.628211,Marvel,3.879347086083847,True
2025-11-29T16:52:56.668473,Marvel,3.91807122579865,True
2025-11-29T16:52:56.707757,Marvel,3.974916225706408,True
2025-11-29T16:52:56.748362,Marvel,4.072953966108285,True
2025-11-29T16:52:56.786427,Marvel,4.666915011072444,True
2025-11-29T16:52:56.824728,Marvel,4.680727549453412,True
2025-11-29T16:52:56.860431,Marvel,4.778765289855288,True
2025-11-29T16:52:56.897450,Marvel,5.955303386726376,True
2025-11-29T16:52:56.934266,Marvel,5.9798753455717755,True
2025-11-29T16:52:56.970975,Marvel,6.027659915383056,True
2025-11-29T16:52:57.009091,Marvel,7.204198012254144,True
2025-11-29T16:52:57.047290,Marvel,7.184601599299512,True
2025-11-29T16:52:57.085112,Marvel,7.159386334288486,True
2025-11-29T16:52:57.122792,Marvel,7.140399122348702,True
2025-11-29T16:52:57.162215,Marvel,7.12367668991943,True
2025-11-29T16:52:57.199406,Marvel,7.1050077872331165,True
2025-11-29T16:52:57.236533,Marvel,7.1050077872331165,True
2025-11-29T16:52:57.275745,Marvel,7.103389492448496,True
2025-11-29T16:52:57.313772,Marvel,7.102858887050889,True
2025-11-29T16:52:57.354549,Marvel,7.103377994494048,True
2025-11-29T16:52:57.393375,Marvel,5.909549246005392,True
2025-11-29T16:52:57.430533,Marvel,5.794595155344531,True
2025-11-29T16:52:57.468264,Marvel,5.73028207093369,True
2025-11-29T16:52:57.505693,Marvel,5.657310894777167,True
2025-11-29T16:52:57.547532,Marvel,5.602878492450765,True
2025-11-29T16:52:57.584645,Marvel,5.559474801497203,True
2025-11-29T16:52:57.622362,Marvel,5.563482054214459,True
2025-11-29T16:52:57.659819,Marvel,5.524561651969034,True
2025-11-29T16:52:57.699719,Marvel,5.496894287160536,True
2025-11-29T16:52:57.738022,Marvel,5.4625424115867425,True
2025-11-29T16:52:57.774091,Marvel,5.433928405950796,True
2025-11-29T16:52:57.811856,Marvel,5.441148450071751,True
2025-11-29T16:52:57.854076,Marvel,5.441148450071751,True
2025-11-29T16:52:57.891851,Marvel,5.417715351275689,True
2025-11-29T16:52:57.927651,Marvel,5.389683761799184,True
2025-11-29T16:52:57.964780,Marvel,5.372772696863648,True
2025-11-29T16:52:58.001578,Marvel,5.350283551340393,True
2025-11-29T16:52:58.037943,Marvel,5.324859982790212,True
2025-11-29T16:52:58.075510,Marvel,5.3047012697316465,True
2025-11-29T16:52:58.113624,Marvel,5.286265446702326,True
2025-11-29T16:52:58.151419,Marvel,5.270340220865309,True
2025-11-29T16:52:58.189245,Marvel,5.274531286984275,True
2025-11-29T16:52:58.227552,Marvel,5.26152347441871,True
2025-11-29T16:52:58.265827,Marvel,5.252664045152745,True
2025-11-29T16:52:58.306335,Marvel,5.241086938192293,True
2025-11-29T16:52:58.341687,Marvel,5.23269293753838,True
2025-11-29T16:52:58.380243,Marvel,5.227223341232382,True
2025-11-29T16:52:58.418879,Marvel,5.227223341232382,True
2025-11-29T16:52:58.460585,Marvel,5.218155315244266,True
2025-11-29T16:52:58.499133,Marvel,5.218155315244266,True
2025-11-29T16:52:58.538002,Marvel,5.221234249625767,True
2025-11-29T16:52:58.573757,Marvel,5.226267195977165,True
2025-11-29T16:52:58.612151,Marvel,5.233208030372495,True
2025-11-29T16:52:58.650025,Marvel,5.24203666379827,True
2025-11-29T16:52:58.686591,Marvel,5.233208030372495,True
2025-11-29T16:52:58.725830,Marvel,5.233208030372495,True
2025-11-29T16:52:58.763935,Marvel,5.233208030372495,True
2025-11-29T16:52:58.801284,Marvel,5.226267195977165,True
2025-11-29T16:52:58.841027,Marvel,5.233208030372495,True
2025-11-29T16:52:58.880664,Marvel,5.23729009418025,True
2025-11-29T16:52:58.919869,Marvel,5.252337287364702,True
2025-11-29T16:52:58.957382,Marvel,5.268254506794884,True
2025-11-29T16:52:58.995612,Marvel,5.284976939224157,True
2025-11-29T16:52:59.033592,Marvel,5.2901736479852115,True
2025-11-29T16:52:59.074301,Marvel,5.288794757270841,True
2025-11-29T16:52:59.114398,Marvel,5.312185284485445,True
2025-11-29T16:52:59.154023,Marvel,5.32793136227815,True
2025-11-29T16:52:59.192255,Marvel,5.357909863031253,True
2025-11-29T16:52:59.229117,Marvel,5.392555899485602,True
2025-11-29T16:52:59.267408,Marvel,5.406294577427983,True
2025-11-29T16:52:59.306605,Marvel,5.410858591631632,True
2025-11-29T16:52:59.347846,Marvel,5.451902680268695,True
2025-11-29T16:52:59.386353,Marvel,5.461129950101858,True
2025-11-29T16:52:59.428559,Marvel,5.469977150348717,True
2025-11-29T16:52:59.465108,Marvel,5.51869071861031,True
2025-11-29T16:52:59.500803,Marvel,5.539051656095353,True
2025-11-29T16:52:59.534556,Marvel,5.584936596328603,True
2025-11-29T16:52:59.570306,Marvel,5.663390630695334,True
2025-11-29T16:52:59.606436,Marvel,5.769462471524859,True
2025-11-29T16:52:59.640656,Marvel,5.794235979729159,True
2025-11-29T16:52:59.675986,Marvel,5.824030661776595,True
2025-11-29T16:52:59.710842,Marvel,5.8608227058788955,True
2025-11-29T16:52:59.746118,Marvel,5.895002004143761,True
2025-11-29T16:52:59.780638,Marvel,5.9661853361403985,True
2025-11-29T16:52:59.815298,Marvel,6.583948021432384,True
2025-11-29T16:52:59.850694,Marvel,6.586234494165176,True
2025-11-29T16:52:59.886086,Marvel,6.6032630408701,True
2025-11-29T16:52:59.922095,Marvel,6.621607444195295,True
2025-11-29T16:52:59.956003,Marvel,6.627067027701644,True
2025-11-29T16:52:59.993930,Marvel,6.6479084221451075,True
2025-11-29T16:53:00.028559,Marvel,6.670322020964603,True
2025-11-29T16:53:00.062921,Marvel,6.694426696125767,True
2025-11-29T16:53:00.097242,Marvel,6.720369261842524,True
2025-11-29T16:53:00.131884,Marvel,6.733074663816943,True
2025-11-29T16:53:00.166887,Marvel,6.733074663816943,True
2025-11-29T16:53:00.205478,Marvel,6.762986284964695,True
2025-11-29T16:53:00.241697,Marvel,6.795462357282711,True
2025-11-29T16:53:00.277429,Marvel,6.830902196575478,True
2025-11-29T16:53:00.316954,Marvel,6.830902196575478,True
2025-11-29T16:53:00.351097,Marvel,6.830902196575478,True
2025-11-29T16:53:00.383750,Marvel,6.822316919301221,True
2025-11-29T16:53:00.416641,Marvel,6.849460582080031,True
2025-11-29T16:53:00.451811,Marvel,6.843541528518866,True
2025-11-29T16:53:00.486100,Marvel,6.839880440308658,True
2025-11-29T16:53:00.520862,Marvel,6.838167049708611,True
2025-11-29T16:53:00.556969,Marvel,6.838159043301776,True
2025-11-29T16:53:00.595126,Marvel,6.839662870015616,True
2025-11-29T16:53:00.629976,Marvel,6.842520978655859,True
2025-11-29T16:53:00.666345,Marvel,6.846603042463613,True
2025-11-29T16:53:00.705526,Marvel,6.851799751224668,True
2025-11-29T16:53:00.741102,Marvel,6.858018310983345,True
2025-11-29T16:53:00.775173,Marvel,6.865179111501792,True
2025-11-29T16:53:00.810480,Marvel,8.049751308800527,True
2025-11-29T16:53:00.845784,Marvel,8.058598509047387,True
2025-11-29T16:53:00.880723,Marvel,8.068205848466853,True
2025-11-29T16:53:00.914178,Marvel,8.078526421627291,True
2025-11-29T16:53:00.949857,Marvel,8.095630629185928,True
2025-11-29T16:53:00.984740,Marvel,8.078526421627291,True
2025-11-29T16:53:01.020071,Marvel,8.062374770222851,True
2025-11-29T16:53:01.054186,Marvel,8.047146209379768,True
2025-11-29T16:53:01.089550,Marvel,8.048380466086693,True
2025-11-29T16:53:01.123285,Marvel,8.050855919420899,True
2025-11-29T16:53:01.160781,Marvel,8.05353769421694,True
2025-11-29T16:53:01.194324,Marvel,8.057785181225004,True
2025-11-29T16:53:01.229900,Marvel,8.06328642437817,True
2025-11-29T16:53:01.266181,Marvel,8.070073128546316,True
2025-11-29T16:53:01.303522,Marvel,8.058789691562579,True
2025-11-29T16:53:01.338943,Marvel,8.065270684341014,True
2025-11-29T16:53:01.375043,Marvel,8.073799410116731,True
2025-11-29T16:53:01.410280,Marvel,8.083167124197844,True
2025-11-29T16:53:01.445119,Marvel,8.093864914698154,True
2025-11-29T16:53:01.480548,Marvel,8.084905033378174,True
2025-11-29T16:53:01.515619,Marvel,8.076622769757563,True
2025-11-29T16:53:01.552546,Marvel,8.089428140047552,True
2025-11-29T16:53:01.588118,Marvel,7.491385031275639,True
2025-11-29T16:53:01.622498,Marvel,7.506867649849289,True
2025-11-29T16:53:01.658061,Marvel,7.524032725821764,True
2025-11-29T16:53:01.693614,Marvel,7.537312303501681,True
2025-11-29T16:53:01.728522,Marvel,7.553138428727541,True
2025-11-29T16:53:01.766494,Marvel,7.57274284808901,True
2025-11-29T16:53:01.801680,Marvel,7.594344526737077,True
2025-11-29T16:53:01.839811,Marvel,7.618177887152694,True
2025-11-29T16:53:01.876647,Marvel,7.637878745322231,True
2025-11-29T16:53:01.912001,Marvel,7.661284134566607,True
2025-11-29T16:53:01.947312,Marvel,7.689517063479315,True
2025-11-29T16:53:01.982510,Marvel,7.724566533642374,True
2025-11-29T16:53:02.021708,Marvel,7.770625447608001,True
2025-11-29T16:53:02.055400,Marvel,7.766748059530714,True
2025-11-29T16:53:02.092393,Marvel,7.794636782797744,True
2025-11-29T16:53:02.132137,Marvel,7.791567943230486,True
2025-11-29T16:53:02.173440,Marvel,7.789075422935813,True
2025-11-29T16:53:02.207521,Marvel,7.787166555154849,True
2025-11-29T16:53:02.241727,Marvel,7.787166555154849,True
2025-11-29T16:53:02.278246,Marvel,7.787166555154849,True
2025-11-29T16:53:02.314663,Marvel,7.787166555154849,True
2025-11-29T16:53:02.350680,Marvel,7.787166555154849,True
2025-11-29T16:53:02.387476,Marvel,7.785849750204978,True
2025-11-29T16:53:02.425676,Marvel,7.787166555154849,True
2025-11-29T16:53:02.461965,Marvel,7.787166555154849,True
2025-11-29T16:53:02.498340,Marvel,7.820314795512978,True
2025-11-29T16:53:02.536120,Marvel,7.787166555154849,True
2025-11-29T16:53:02.571555,Marvel,7.787166555154849,True
2025-11-29T16:53:02.607695,Marvel,7.787166555154849,True
2025-11-29T16:53:02.642220,Marvel,7.820314795512978,True
2025-11-29T16:53:02.680391,Marvel,7.820314795512978,True
2025-11-29T16:53:02.715375,Marvel,7.787166555154849,True
2025-11-29T16:53:02.750308,Marvel,7.820314795512978,True
2025-11-29T16:53:02.785831,Marvel,7.820314795512978,True
2025-11-29T16:53:02.821973,Marvel,7.820314795512978,True
2025-11-29T16:53:02.858122,Marvel,7.820314795512978,True
2025-11-29T16:53:02.894168,Marvel,7.820314795512978,True
2025-11-29T16:53:02.930664,Marvel,7.787166555154849,True
2025-11-29T16:53:02.969719,Marvel,7.85951408805,True
2025-11-29T16:53:03.006908,Marvel,7.85951408805,True
2025-11-29T16:53:03.041608,Marvel,7.8290320714049635,True
2025-11-29T16:53:03.077315,Marvel,7.801181635971384,True
2025-11-29T16:53:03.112929,Marvel,7.7768141500684305,True
2025-11-29T16:53:03.152006,Marvel,7.705227939929321,True
2025-11-29T16:53:03.186819,Marvel,7.682788995565941,True
2025-11-29T16:53:03.220400,Marvel,7.682788995565941,True
2025-11-29T16:53:03.254227,Marvel,7.682788995565941,True
2025-11-29T16:53:03.288373,Marvel,7.681821171337129,True
2025-11-29T16:53:03.323382,Marvel,7.705227939929321,True
2025-11-29T16:53:03.357874,Marvel,7.704483273046872,True
2025-11-29T16:53:03.393555,Marvel,7.704376309599041,True
2025-11-29T16:53:03.431012,Marvel,7.729176169368252,True
2025-11-29T16:53:03.467411,Marvel,7.729929707912982,True
2025-11-29T16:53:03.502813,Marvel,7.731344908310065,True
2025-11-29T16:53:03.539111,Marvel,7.802832348746822,True
2025-11-29T16:53:03.573559,Marvel,7.805123724318031,True
2025-11-29T16:53:03.609770,Marvel,7.808109106466809,True
2025-11-29T16:53:03.643060,Marvel,7.811810112045089,True
2025-11-29T16:53:03.678213,Marvel,7.81625107424027,True
2025-11-29T16:53:03.712192,Marvel,7.844566846296322,True
2025-11-29T16:53:03.746347,Marvel,7.844566846296322,True
2025-11-29T16:53:03.781396,Marvel,7.849955438234932,True
2025-11-29T16:53:03.818907,Marvel,7.856139393283463,True
2025-11-29T16:53:03.853898,Marvel,7.863154102432624,True
2025-11-29T16:53:03.889134,Marvel,7.863154102432624,True
2025-11-29T16:53:03.927341,Marvel,7.863154102432624,True
2025-11-29T16:53:03.961884,Marvel,7.863154102432624,True
2025-11-29T16:53:03.997242,Marvel,7.871039931417032,True
2025-11-29T16:53:04.030343,Marvel,7.797898058967904,True
2025-11-29T16:53:04.067821,Marvel,7.797898058967904,True
2025-11-29T16:53:04.103278,Marvel,7.797898058967904,True
2025-11-29T16:53:04.138470,Marvel,7.797898058967904,True
2025-11-29T16:53:04.175439,Marvel,7.797898058967904,True
2025-11-29T16:53:04.210310,Marvel,7.797898058967904,True
2025-11-29T16:53:04.246792,Marvel,7.797898058967904,True
2025-11-29T16:53:04.281550,Marvel,7.797898058967904,True
2025-11-29T16:53:04.317489,Marvel,7.797898058967904,True
2025-11-29T16:53:04.352300,Marvel,7.797898058967904,True
2025-11-29T16:53:04.386420,Marvel,7.797898058967904,True
2025-11-29T16:53:04.419987,Marvel,7.797898058967904,True
2025-11-29T16:53:04.453903,Marvel,7.797898058967904,True
2025-11-29T16:53:04.488685,Marvel,7.797898058967904,True
2025-11-29T16:53:04.522055,Marvel,7.806532929176479,True
2025-11-29T16:53:04.556739,Marvel,7.806532929176479,True
2025-11-29T16:53:04.589585,Marvel,7.777514538328424,True
2025-11-29T16:53:04.623677,Marvel,7.750615035446748,True
2025-11-29T16:53:04.660852,Marvel,7.725595016678334,True
2025-11-29T16:53:04.695208,Marvel,7.725595016678334,True
2025-11-29T16:53:04.729893,Marvel,7.7174825449667495,True
2025-11-29T16:53:04.764558,Marvel,7.694331687834742,True
2025-11-29T16:53:04.798586,Marvel,7.672718554153091,True
2025-11-29T16:53:04.832235,Marvel,7.65251615330142,True
2025-11-29T16:53:04.867127,Marvel,7.633618632275153,True
2025-11-29T16:53:04.902883,Marvel,7.615936782003649,True
2025-11-29T16:53:04.937881,Marvel,7.599394711896622,True
2025-11-29T16:53:04.970457,Marvel,7.593364716353804,True
2025-11-29T16:53:05.006539,Marvel,7.593364716353804,True
2025-11-29T16:53:05.040976,Marvel,7.545496702333949,True
2025-11-29T16:53:05.075345,Marvel,7.522410233164786,True
2025-11-29T16:53:05.108837,Marvel,7.499537690891284,True
2025-11-29T16:53:05.142709,Marvel,7.546982192010184,True
2025-11-29T16:53:05.181120,Marvel,7.542281052869152,True
2025-11-29T16:53:05.215130,Marvel,7.538455014879293,True
2025-11-29T16:53:05.249984,Marvel,7.524058177350396,True
2025-11-29T16:53:05.284542,Marvel,7.510702509704775,True
2025-11-29T16:53:05.316915,Marvel,7.498340179418378,True
2025-11-29T16:53:05.350433,Marvel,7.486929638781099,True
2025-11-29T16:53:05.386171,Marvel,7.484888995863118,True
2025-11-29T16:53:05.420364,Marvel,7.474644075455394,True
2025-11-29T16:53:05.455343,Marvel,7.405878742149119,True
2025-11-29T16:53:05.489033,Marvel,7.396786593485299,True
2025-11-29T16:53:05.526330,Marvel,7.396368105288973,True
2025-11-29T16:53:05.559196,Marvel,7.388422101164856,True
2025-11-29T16:53:05.595949,Marvel,7.381329839611482,True
2025-11-29T16:53:05.630089,Marvel,7.375071493720295,True
2025-11-29T16:53:05.668792,Marvel,7.376358741351579,True
2025-11-29T16:53:05.701656,Marvel,7.371226355839324,True
2025-11-29T16:53:05.736009,Marvel,7.366905896553039,True
2025-11-29T16:53:05.769212,Marvel,7.361143242067687,True
2025-11-29T16:53:05.804625,Marvel,7.316541003095573,True
2025-11-29T16:53:05.839935,Marvel,7.318230556008395,True
2025-11-29T16:53:05.876086,Marvel,7.284387737500712,True
2025-11-29T16:53:05.910664,Marvel,7.259133493031955,True
2025-11-29T16:53:05.945973,Marvel,7.259133493031955,True
2025-11-29T16:53:05.979652,Marvel,7.2396871808297085,True
2025-11-29T16:53:06.013977,Marvel,7.236132705289771,True
2025-11-29T16:53:06.048724,Marvel,6.626898078552502,True
2025-11-29T16:53:06.087520,Marvel,5.432188578548944,True
2025-11-29T16:53:06.120970,Marvel,5.366932535084224,True
2025-11-29T16:53:06.155347,Marvel,5.252172362253074,True
2025-11-29T16:53:06.191478,Marvel,4.060813460786193,True
2025-11-29T16:53:06.225624,Marvel,4.064467096437212,True
2025-11-29T16:53:06.259804,Marvel,4.04854987700703,True
2025-11-29T16:53:06.304152,Marvel,3.935464943420701,True
2025-11-29T16:53:06.366270,Marvel,3.9213633085069235,True
2025-11-29T16:53:06.416532,Marvel,3.9082962617278776,True
2025-11-29T16:53:06.470212,Marvel,3.8944414353003487,True
2025-11-29T16:53:06.527618,Marvel,3.8811033682369023,True
2025-11-29T16:53:06.583202,Marvel,3.869177233608542,True
2025-11-29T16:53:06.636201,Marvel,3.856381207113897,True
2025-11-29T16:53:10.096837,Felix,11.512810335715578,True
2025-11-29T16:53:10.130857,Felix,11.512810335715578,True
2025-11-29T16:53:10.166880,Felix,11.512810335715578,True
2025-11-29T16:53:10.201135,Felix,11.512810335715578,True
2025-11-29T16:53:10.235418,Felix,11.512810335715578,True
2025-11-29T16:53:10.270073,Felix,11.512810335715578,True
2025-11-29T16:53:10.305075,Felix,11.512810335715578,True
2025-11-29T16:53:10.339738,Felix,11.512810335715578,True
2025-11-29T16:53:10.373864,Felix,11.512810335715578,True
2025-11-29T16:53:10.409998,Felix,11.512810335715578,True
2025-11-29T16:53:10.443265,Felix,11.512810335715578,True
2025-11-29T16:53:10.477094,Felix,11.512810335715578,True
2025-11-29T16:53:10.512744,Felix,11.512810335715578,True
2025-11-29T16:53:10.546077,Felix,11.512810335715578,True
2025-11-29T16:53:10.581706,Felix,11.512810335715578,True
2025-11-29T16:53:10.615681,Felix,11.512810335715578,True
2025-11-29T16:53:10.649961,Felix,11.512810335715578,True
2025-11-29T16:53:10.685693,Felix,11.512810335715578,True
2025-11-29T16:53:10.719273,Felix,11.512810335715578,True
2025-11-29T16:53:10.755674,Felix,11.512810335715578,True
2025-11-29T16:53:10.789856,Felix,11.512810335715578,True
2025-11-29T16:53:10.824066,Felix,11.512810335715578,True
2025-11-29T16:53:10.859264,Felix,11.512810335715578,True
2025-11-29T16:53:10.893385,Felix,11.512810335715578,True
2025-11-29T16:53:10.926176,Felix,11.512810335715578,True
2025-11-29T16:53:10.961871,Felix,11.512810335715578,True
2025-11-29T16:53:10.995702,Felix,11.512810335715578,True
2025-11-29T16:53:11.030583,Felix,11.512810335715578,True
2025-11-29T16:53:11.066484,Felix,11.512810335715578,True
2025-11-29T16:53:11.101368,Felix,11.512810335715578,True
2025-11-29T16:53:11.137334,Felix,11.512810335715578,True
2025-11-29T16:53:11.171011,Felix,11.512810335715578,True
2025-11-29T16:53:11.204658,Felix,11.512810335715578,True
2025-11-29T16:53:11.239767,Felix,11.512810335715578,True
2025-11-29T16:53:11.272913,Felix,11.512810335715578,True
2025-11-29T16:53:11.306394,Felix,11.512810335715578,True
2025-11-29T16:53:11.341488,Felix,11.512810335715578,True
2025-11-29T16:53:11.378086,Felix,11.512810335715578,True
2025-11-29T16:53:11.414389,Felix,11.512810335715578,True
2025-11-29T16:53:11.447296,Felix,11.512810335715578,True
2025-11-29T16:53:11.482077,Felix,11.512810335715578,True
2025-11-29T16:53:11.517254,Felix,11.512810335715578,True
2025-11-29T16:53:11.548993,Felix,11.512810335715578,True
2025-11-29T16:53:11.582959,Felix,11.512810335715578,True
2025-11-29T16:53:11.617591,Felix,11.512810335715578,True
2025-11-29T16:53:11.652366,Felix,11.512810335715578,True
2025-11-29T16:53:11.686951,Felix,11.512810335715578,True
2025-11-29T16:53:11.724622,Felix,11.512810335715578,True
2025-11-29T16:53:11.759222,Felix,11.512810335715578,True
2025-11-29T16:53:11.795080,Felix,11.512810335715578,True
2025-11-29T16:53:11.831512,Felix,11.512810335715578,True
2025-11-29T16:53:11.864213,Felix,11.512810335715578,True
2025-11-29T16:53:11.899738,Felix,11.512810335715578,True
2025-11-29T16:53:11.933969,Felix,11.512810335715578,True
2025-11-29T16:53:11.968023,Felix,11.512810335715578,True
2025-11-29T16:53:12.002123,Felix,11.512810335715578,True
2025-11-29T16:53:12.036498,Felix,11.512810335715578,True
2025-11-29T16:53:12.071170,Felix,11.512810335715578,True
2025-11-29T16:53:12.106039,Felix,11.512810335715578,True
2025-11-29T16:53:12.140517,Felix,11.512810335715578,True
2025-11-29T16:53:12.175121,Felix,11.512810335715578,True
2025-11-29T16:53:12.207537,Felix,11.512810335715578,True
2025-11-29T16:53:12.243661,Felix,11.512810335715578,True
2025-11-29T16:53:12.278249,Felix,11.512810335715578,True
2025-11-29T16:53:12.312589,Felix,11.512810335715578,True
2025-11-29T16:53:12.347362,Felix,11.512810335715578,True
2025-11-29T16:53:12.383181,Felix,11.512810335715578,True
2025-11-29T16:53:12.417219,Felix,11.512810335715578,True
2025-11-29T16:53:12.450709,Felix,11.512810335715578,True
2025-11-29T16:53:12.486921,Felix,11.512810335715578,True
2025-11-29T16:53:12.519713,Felix,11.512810335715578,True
2025-11-29T16:53:12.555096,Felix,11.512810335715578,True
2025-11-29T16:53:12.587720,Felix,11.512810335715578,True
2025-11-29T16:53:12.622253,Felix,11.512810335715578,True
2025-11-29T16:53:12.657915,Felix,11.512810335715578,True
2025-11-29T16:53:12.691793,Felix,11.512810335715578,True
2025-11-29T16:53:12.724806,Felix,11.512810335715578,True
2025-11-29T16:53:12.757884,Felix,11.512810335715578,True
2025-11-29T16:53:12.793136,Felix,11.512810335715578,True
2025-11-29T16:53:12.828945,Felix,11.512810335715578,True
2025-11-29T16:53:12.866344,Felix,11.512810335715578,True
2025-11-29T16:53:12.901112,Felix,11.512810335715578,True
2025-11-29T16:53:12.934072,Felix,11.512810335715578,True
2025-11-29T16:53:12.968117,Felix,11.512810335715578,True
2025-11-29T16:53:13.001722,Felix,11.512810335715578,True
2025-11-29T16:53:13.035714,Felix,11.512810335715578,True
2025-11-29T16:53:13.069017,Felix,11.512810335715578,True
2025-11-29T16:53:13.105428,Felix,11.512810335715578,True
2025-11-29T16:53:13.138756,Felix,11.512810335715578,True
2025-11-29T16:53:13.173353,Felix,11.512810335715578,True
2025-11-29T16:53:13.210078,Felix,11.512810335715578,True
2025-11-29T16:53:13.243468,Felix,11.512810335715578,True
2025-11-29T16:53:13.276590,Felix,11.512810335715578,True
2025-11-29T16:53:13.309727,Felix,11.512810335715578,True
2025-11-29T16:53:13.344236,Felix,11.512810335715578,True
2025-11-29T16:53:13.377547,Felix,11.512810335715578,True
2025-11-29T16:53:13.410519,Felix,11.512810335715578,True
2025-11-29T16:53:13.443600,Felix,11.512810335715578,True
2025-11-29T16:53:13.477919,Felix,11.512810335715578,True
2025-11-29T16:53:13.511562,Felix,11.512810335715578,True
2025-11-29T16:53:13.546517,Felix,11.512810335715578,True
2025-11-29T16:53:13.581425,Felix,11.512810335715578,True
2025-11-29T16:53:13.616393,Felix,11.512810335715578,True
2025-11-29T16:53:13.649920,Felix,11.512810335715578,True
2025-11-29T16:53:13.683799,Felix,11.512810335715578,True
2025-11-29T16:53:13.720828,Felix,11.512810335715578,True
2025-11-29T16:53:13.755055,Felix,11.512810335715578,True
2025-11-29T16:53:13.789921,Felix,11.512810335715578,True
2025-11-29T16:53:13.824207,Felix,11.512810335715578,True
2025-11-29T16:53:13.858545,Felix,11.512810335715578,True
2025-11-29T16:53:13.894126,Felix,11.512810335715578,True
2025-11-29T16:53:13.930285,Felix,11.512810335715578,True
2025-11-29T16:53:13.966376,Felix,11.512810335715578,True
2025-11-29T16:53:14.001344,Felix,11.512810335715578,True
2025-11-29T16:53:14.036749,Felix,11.512810335715578,True
2025-11-29T16:53:14.071699,Felix,11.512810335715578,True
2025-11-29T16:53:14.106410,Felix,11.512810335715578,True
2025-11-29T16:53:14.141396,Felix,11.512810335715578,True
2025-11-29T16:53:14.175705,Felix,11.512810335715578,True
2025-11-29T16:53:14.212261,Felix,11.512810335715578,True
2025-11-29T16:53:14.246140,Felix,11.512810335715578,True
2025-11-29T16:53:14.279166,Felix,11.512810335715578,True
2025-11-29T16:53:14.313694,Felix,11.512810335715578,True
2025-11-29T16:53:14.348361,Felix,11.512810335715578,True
2025-11-29T16:53:14.383730,Felix,11.512810335715578,True
2025-11-29T16:53:14.418490,Felix,11.512810335715578,True
2025-11-29T16:53:14.453159,Felix,11.512810335715578,True
2025-11-29T16:53:14.489423,Felix,11.512810335715578,True
2025-11-29T16:53:14.525636,Felix,11.512810335715578,True
2025-11-29T16:53:14.562719,Felix,11.512810335715578,True
2025-11-29T16:53:14.597739,Felix,11.512810335715578,True
2025-11-29T16:53:14.631399,Felix,11.512810335715578,True
2025-11-29T16:53:14.666146,Felix,11.512810335715578,True
2025-11-29T16:53:14.700002,Felix,11.512810335715578,True
2025-11-29T16:53:14.734804,Felix,11.512810335715578,True
2025-11-29T16:53:14.769184,Felix,11.512810335715578,True
2025-11-29T16:53:14.803921,Felix,11.512810335715578,True
2025-11-29T16:53:14.837231,Felix,11.512810335715578,True
2025-11-29T16:53:14.878606,Felix,11.512810335715578,True
2025-11-29T16:53:14.911790,Felix,11.512810335715578,True
2025-11-29T16:53:14.944795,Felix,11.512810335715578,True
2025-11-29T16:53:14.981496,Felix,11.512810335715578,True
2025-11-29T16:53:15.016035,Felix,11.512810335715578,True
2025-11-29T16:53:15.051731,Felix,11.512810335715578,True
2025-11-29T16:53:15.087188,Felix,11.512810335715578,True
2025-11-29T16:53:15.124842,Felix,11.512810335715578,True
2025-11-29T16:53:15.160739,Felix,11.512810335715578,True
2025-11-29T16:53:15.194615,Felix,11.512810335715578,True
2025-11-29T16:53:15.229400,Felix,11.512810335715578,True
2025-11-29T16:53:15.265297,Felix,11.512810335715578,True
2025-11-29T16:53:15.299669,Felix,11.512810335715578,True
2025-11-29T16:53:15.335858,Felix,11.512810335715578,True
2025-11-29T16:53:15.370416,Felix,11.512810335715578,True
2025-11-29T16:53:15.405835,Felix,11.512810335715578,True
2025-11-29T16:53:15.440302,Felix,11.512810335715578,True
2025-11-29T16:53:15.476198,Felix,11.512810335715578,True
2025-11-29T16:53:15.511767,Felix,11.512810335715578,True
2025-11-29T16:53:15.550220,Felix,11.512810335715578,True
2025-11-29T16:53:15.585727,Felix,11.512810335715578,True
2025-11-29T16:53:15.622549,Felix,11.512810335715578,True
2025-11-29T16:53:15.656704,Felix,11.512810335715578,True
2025-11-29T16:53:15.689919,Felix,11.512810335715578,True
2025-11-29T16:53:15.723318,Felix,11.512810335715578,True
2025-11-29T16:53:15.758220,Felix,11.512810335715578,True
2025-11-29T16:53:15.792418,Felix,11.512810335715578,True
2025-11-29T16:53:15.826043,Felix,11.512810335715578,True
2025-11-29T16:53:15.861599,Felix,11.512810335715578,True
2025-11-29T16:53:15.896922,Felix,11.512810335715578,True
2025-11-29T16:53:15.930823,Felix,11.512810335715578,True
2025-11-29T16:53:15.965994,Felix,11.512810335715578,True
2025-11-29T16:53:16.000795,Felix,11.512810335715578,True
2025-11-29T16:53:16.038043,Felix,11.512810335715578,True
2025-11-29T16:53:16.078546,Felix,11.512810335715578,True
2025-11-29T16:53:16.112260,Felix,11.512810335715578,True
2025-11-29T16:53:16.147347,Felix,11.512810335715578,True
2025-11-29T16:53:16.183035,Felix,11.512810335715578,True
2025-11-29T16:53:16.505728,Marvel,3.844154939032604,True
2025-11-29T16:53:16.539942,Marvel,3.8325289378571754,True
2025-11-29T16:53:16.574068,Felix,11.512810335715578,True
2025-11-29T16:53:16.614407,Marvel,3.821536926482805,True
2025-11-29T16:53:16.649465,Felix,11.512810335715578,True
2025-11-29T16:53:16.685237,Felix,11.512810335715578,True
2025-11-29T16:53:16.719836,Felix,11.512810335715578,True
2025-11-29T16:53:16.753057,Felix,11.512810335715578,True
2025-11-29T16:53:16.787087,Felix,11.512810335715578,True
2025-11-29T16:53:17.066935,Marvel,3.828789091900517,True
2025-11-29T16:53:17.106422,Marvel,3.836809245953972,True
2025-11-29T16:53:17.147433,Marvel,3.826152953686568,True
2025-11-29T16:53:17.182789,Marvel,3.816925683853405,True
2025-11-29T16:53:17.218126,Marvel,3.7985849566395116,True
2025-11-29T16:53:17.318376,Marvel,3.790987506166464,True
2025-11-29T16:53:17.356145,Marvel,3.7729854271154184,True
2025-11-29T16:53:17.396939,Marvel,3.7553331314261076,True
2025-11-29T16:53:17.435246,Marvel,3.738042479808541,True
2025-11-29T16:53:17.472272,Marvel,3.721126129549556,True
2025-11-29T16:53:17.510579,Marvel,3.704597614949995,True
2025-11-29T16:53:17.545415,Marvel,3.688471438701231,True
2025-11-29T16:53:17.581268,Marvel,3.6727631760896324,True
2025-11-29T16:53:17.615732,Marvel,3.65748959431652,True
2025-11-29T16:53:17.650412,Marvel,3.642668789720728,True
2025-11-29T16:53:17.685470,Marvel,3.6283203463207014,True
2025-11-29T16:53:17.719779,Marvel,3.6144655198931726,True
2025-11-29T16:53:17.755690,Marvel,3.601127452829726,True
2025-11-29T16:53:17.790473,Marvel,3.5883314263350807,True
2025-11-29T16:53:17.826308,Marvel,3.5761051582537884,True
2025-11-29T16:53:17.861805,Marvel,3.5644791570783596,True
2025-11-29T16:53:17.899123,Marvel,3.5534871457039894,True
2025-11-29T16:53:17.934097,Marvel,3.543166572543551,True
2025-11-29T16:53:17.969664,Marvel,3.5335592331240844,True
2025-11-29T16:53:18.005528,Marvel,3.5247120328772255,True
2025-11-29T16:53:18.040304,Marvel,3.5724966026885063,True
2025-11-29T16:53:18.077166,Marvel,3.564462502260858,True
2025-11-29T16:53:18.112737,Marvel,3.557301701742411,True
2025-11-29T16:53:18.147453,Marvel,3.5510831419837343,True
2025-11-29T16:53:18.182198,Marvel,3.54588643322268,True
2025-11-29T16:53:18.219825,Marvel,3.541804369414925,True
2025-11-29T16:53:18.253559,Marvel,3.538946260774681,True
2025-11-29T16:53:18.288175,Marvel,3.5374424340608424,True
2025-11-29T16:53:18.321917,Marvel,3.5374504404676776,True
2025-11-29T16:53:18.357902,Marvel,3.5391638310677247,True
2025-11-29T16:53:18.392618,Marvel,3.5428249192779315,True
2025-11-29T16:53:18.429375,Marvel,3.5487439728390977,True
2025-11-29T16:53:18.464558,Marvel,3.557329250113355,True
2025-11-29T16:53:18.501195,Marvel,3.5213517779227073,True
2025-11-29T16:53:18.535218,Marvel,3.5371697570640084,True
2025-11-29T16:53:18.570746,Marvel,3.501338565666598,True
2025-11-29T16:53:18.606544,Marvel,3.453007086532329,True
2025-11-29T16:53:18.644985,Marvel,3.4160297771050203,True
2025-11-29T16:53:18.679051,Marvel,3.4079956766773725,True
2025-11-29T16:53:18.714470,Marvel,3.415111977347473,True
2025-11-29T16:53:18.747434,Marvel,3.4094043430876075,True
2025-11-29T16:53:18.784013,Marvel,3.4022435425691606,True
2025-11-29T16:53:18.819989,Marvel,3.3960249828104834,True
2025-11-29T16:53:18.855042,Marvel,3.3908282740494284,True
2025-11-29T16:53:18.889766,Marvel,3.3867462102416743,True
2025-11-29T16:53:18.924425,Marvel,3.38388810160143,True
2025-11-29T16:53:18.959981,Marvel,3.382384274887592,True
2025-11-29T16:53:18.994610,Marvel,3.3789141886635923,True
2025-11-29T16:53:19.030063,Marvel,3.4176383283783958,True
2025-11-29T16:53:19.064427,Marvel,3.465422898189676,True
2025-11-29T16:53:19.102076,Marvel,3.465422898189676,True
2025-11-29T16:53:19.135856,Marvel,3.465422898189676,True
2025-11-29T16:53:19.174004,Marvel,3.522267898097435,True
2025-11-29T16:53:19.208273,Marvel,3.505702008802632,True
2025-11-29T16:53:19.244212,Marvel,3.508389248207759,True
2025-11-29T16:53:19.277882,Marvel,3.5083972546145934,True
2025-11-29T16:53:19.312623,Marvel,3.5101106452146404,True
2025-11-29T16:53:19.348401,Marvel,3.5137717334248477,True
2025-11-29T16:53:19.384807,Marvel,3.5196907869860135,True
2025-11-29T16:53:19.419164,Marvel,3.5151358547830927,True
2025-11-29T16:53:19.454574,Marvel,3.52372113205735,True
2025-11-29T16:53:19.489548,Marvel,3.537533670438317,True
2025-11-29T16:53:19.524381,Marvel,3.54934076805895,True
2025-11-29T16:53:19.559581,Marvel,3.5631533064399172,True
2025-11-29T16:53:19.595581,Marvel,3.5789712855812184,True
2025-11-29T16:53:19.634532,Marvel,3.599985094091567,True
2025-11-29T16:53:19.667194,Marvel,3.6281152032720163,True
2025-11-29T16:53:19.703983,Marvel,3.644101884843158,True
2025-11-29T16:53:19.737413,Marvel,3.6828260245579605,True
2025-11-29T16:53:19.772282,Marvel,3.739671024465719,True
2025-11-29T16:53:19.809351,Marvel,3.837708764867596,True
2025-11-29T16:53:19.843174,Marvel,3.862280723712995,True
2025-11-29T16:53:19.877176,Marvel,3.910065293524276,True
2025-11-29T16:53:19.911792,Marvel,3.9578498633355568,True
2025-11-29T16:53:19.945433,Marvel,4.551810908299716,True
2025-11-29T16:53:19.981253,Marvel,5.145771953263875,True
2025-11-29T16:53:20.014906,Marvel,5.145771953263875,True
2025-11-29T16:53:20.048818,Marvel,6.322310050134963,True
2025-11-29T16:53:20.085426,Marvel,6.370094619946244,True
2025-11-29T16:53:20.118569,Marvel,6.46813236034812,True
2025-11-29T16:53:20.153604,Marvel,7.062093405312279,True
2025-11-29T16:53:20.188447,Marvel,8.238631502183367,True
2025-11-29T16:53:20.221645,Marvel,8.247216779457625,True
2025-11-29T16:53:20.258035,Marvel,8.345254519859502,True
2025-11-29T16:53:20.293026,Marvel,8.345254519859502,True
2025-11-29T16:53:20.327495,Marvel,8.357061617480134,True
2025-11-29T16:53:20.367977,Marvel,8.357061617480134,True
2025-11-29T16:53:20.401622,Marvel,8.357061617480134,True
2025-11-29T16:53:20.435265,Marvel,8.357061617480134,True
2025-11-29T16:53:20.471122,Marvel,8.357061617480134,True
2025-11-29T16:53:20.507193,Marvel,8.357061617480134,True
2025-11-29T16:53:20.543415,Marvel,8.357061617480134,True
2025-11-29T16:53:20.577623,Marvel,8.357061617480134,True
2025-11-29T16:53:20.611308,Marvel,8.357061617480134,True
2025-11-29T16:53:20.650049,Marvel,8.357061617480134,True
2025-11-29T16:53:20.685556,Marvel,8.357061617480134,True
2025-11-29T16:53:20.721033,Marvel,9.533599714351224,True
2025-11-29T16:53:20.754181,Marvel,9.533599714351224,True
2025-11-29T16:53:20.789353,Marvel,9.533599714351224,True
2025-11-29T16:53:20.823119,Marvel,9.533599714351224,True
2025-11-29T16:53:20.857626,Marvel,9.533599714351224,True
2025-11-29T16:53:20.891183,Marvel,9.533599714351224,True
2025-11-29T16:53:20.926077,Marvel,9.533599714351224,True
2025-11-29T16:53:20.960049,Marvel,9.533599714351224,True
2025-11-29T16:53:20.995053,Marvel,9.533599714351224,True
2025-11-29T16:53:21.029551,Marvel,9.533599714351224,True
2025-11-29T16:53:21.064504,Marvel,9.533599714351224,True
2025-11-29T16:53:21.099663,Marvel,9.533599714351224,True
2025-11-29T16:53:21.133562,Marvel,9.533599714351224,True
2025-11-29T16:53:21.168579,Marvel,9.533599714351224,True
2025-11-29T16:53:21.205116,Marvel,9.533599714351224,True
2025-11-29T16:53:21.239208,Marvel,9.533599714351224,True
2025-11-29T16:53:21.273535,Marvel,9.533599714351224,True
2025-11-29T16:53:21.309753,Marvel,9.533599714351224,True
2025-11-29T16:53:21.344303,Marvel,9.533599714351224,True
2025-11-29T16:53:21.379450,Marvel,9.533599714351224,True
2025-11-29T16:53:21.412993,Marvel,9.533599714351224,True
2025-11-29T16:53:21.447472,Marvel,9.533599714351224,True
2025-11-29T16:53:21.483007,Marvel,9.533599714351224,True
2025-11-29T16:53:21.516934,Marvel,9.533599714351224,True
2025-11-29T16:53:21.553974,Marvel,9.533599714351224,True
2025-11-29T16:53:21.587882,Marvel,9.533599714351224,True
2025-11-29T16:53:21.623378,Marvel,9.533599714351224,True
2025-11-29T16:53:21.657907,Marvel,9.533599714351224,True
2025-11-29T16:53:21.693056,Marvel,9.533599714351224,True
2025-11-29T16:53:21.730395,Marvel,9.533599714351224,True
2025-11-29T16:53:21.768716,Marvel,9.533599714351224,True
2025-11-29T16:53:21.806690,Marvel,9.533599714351224,True
2025-11-29T16:53:21.843428,Marvel,9.533599714351224,True
2025-11-29T16:53:21.881955,Marvel,9.533599714351224,True
2025-11-29T16:53:21.919663,Marvel,9.533599714351224,True
2025-11-29T16:53:21.959062,Marvel,9.533599714351224,True
2025-11-29T16:53:21.999958,Marvel,9.533599714351224,True
2025-11-29T16:53:22.037357,Marvel,10.127560759315381,True
2025-11-29T16:53:22.076331,Marvel,10.127560759315381,True
2025-11-29T16:53:22.113973,Marvel,10.143378738456683,True
2025-11-29T16:53:22.154131,Marvel,10.164392546967031,True
2025-11-29T16:53:22.190379,Marvel,10.192522656147482,True
2025-11-29T16:53:22.228884,Marvel,10.192522656147482,True
2025-11-29T16:53:22.266794,Marvel,10.231246795862283,True
2025-11-29T16:53:22.303142,Marvel,10.231246795862283,True
2025-11-29T16:53:22.341993,Marvel,10.231246795862283,True
2025-11-29T16:53:22.380382,Marvel,10.231246795862283,True
2025-11-29T16:53:22.418418,Marvel,10.231246795862283,True
2025-11-29T16:53:22.456770,Marvel,10.231246795862283,True
2025-11-29T16:53:22.493398,Marvel,10.231246795862283,True
2025-11-29T16:53:22.529701,Marvel,10.231246795862283,True
2025-11-29T16:53:22.568611,Marvel,10.231246795862283,True
2025-11-29T16:53:22.605991,Marvel,10.231246795862283,True
2025-11-29T16:53:22.648122,Marvel,10.231246795862283,True
2025-11-29T16:53:22.687578,Marvel,10.231246795862283,True
2025-11-29T16:53:22.726925,Marvel,10.231246795862283,True
2025-11-29T16:53:22.766026,Marvel,10.231246795862283,True
2025-11-29T16:53:22.803002,Marvel,10.288091795770043,True
2025-11-29T16:53:22.842165,Marvel,10.288091795770043,True
2025-11-29T16:53:22.880626,Marvel,10.288091795770043,True
2025-11-29T16:53:22.917926,Marvel,10.288091795770043,True
2025-11-29T16:53:23.006197,Marvel,10.288091795770043,True
2025-11-29T16:53:23.044323,Marvel,10.288091795770043,True
2025-11-29T16:53:23.081134,Marvel,10.38612953617192,True
2025-11-29T16:53:23.117207,Marvel,10.38612953617192,True
2025-11-29T16:53:23.153863,Marvel,10.38612953617192,True
2025-11-29T16:53:23.190690,Marvel,10.38612953617192,True
2025-11-29T16:53:23.228321,Marvel,10.38612953617192,True
2025-11-29T16:53:23.265209,Marvel,10.38612953617192,True
2025-11-29T16:53:23.302718,Marvel,10.38612953617192,True
2025-11-29T16:53:23.340000,Marvel,10.38612953617192,True
2025-11-29T16:53:23.378865,Marvel,11.562667633043008,True
2025-11-29T16:53:23.415396,Marvel,11.562667633043008,True
2025-11-29T16:53:23.450415,Marvel,11.562667633043008,True
2025-11-29T16:53:23.488550,Marvel,11.562667633043008,True
2025-11-29T16:53:23.523758,Marvel,11.562667633043008,True
2025-11-29T16:53:23.558656,Marvel,11.562667633043008,True
2025-11-29T16:53:23.595761,Marvel,11.562667633043008,True
2025-11-29T16:53:23.630608,Marvel,10.38612953617192,True
2025-11-29T16:53:23.664708,Marvel,9.792168491207761,True
2025-11-29T16:53:23.701609,Marvel,9.694130750805884,True
2025-11-29T16:53:23.737060,Marvel,9.646346180994604,True
2025-11-29T16:53:23.771987,Marvel,9.621774222149204,True
2025-11-29T16:53:23.807446,Marvel,9.564929222241446,True
2025-11-29T16:53:23.842633,Marvel,9.564929222241446,True
2025-11-29T16:53:23.878737,Marvel,9.564929222241446,True
2025-11-29T16:53:23.916272,Marvel,9.564929222241446,True
2025-11-29T16:53:23.951352,Marvel,9.564929222241446,True
2025-11-29T16:53:23.987414,Marvel,9.564929222241446,True
2025-11-29T16:53:24.023285,Marvel,9.564929222241446,True
2025-11-29T16:53:24.059581,Marvel,9.564929222241446,True
2025-11-29T16:53:24.096977,Marvel,9.564929222241446,True
2025-11-29T16:53:24.132884,Marvel,9.564929222241446,True
2025-11-29T16:53:24.168657,Marvel,9.564929222241446,True
2025-11-29T16:53:24.206696,Marvel,9.564929222241446,True
2025-11-29T16:53:24.243679,Marvel,9.564929222241446,True
2025-11-29T16:53:24.277734,Marvel,9.564929222241446,True
2025-11-29T16:53:24.311623,Marvel,9.564929222241446,True
2025-11-29T16:53:24.347623,Marvel,9.564929222241446,True
2025-11-29T16:53:24.382648,Marvel,9.564929222241446,True
2025-11-29T16:53:24.417689,Marvel,9.564929222241446,True
2025-11-29T16:53:24.453945,Marvel,9.564929222241446,True
2025-11-29T16:53:24.490270,Marvel,9.564929222241446,True
2025-11-29T16:53:24.527541,Marvel,9.564929222241446,True
2025-11-29T16:53:24.611017,Felix,11.512810335715578,True
2025-11-29T16:53:24.646761,Felix,11.512810335715578,True
2025-11-29T16:53:24.684233,Felix,11.512810335715578,True
2025-11-29T16:53:24.720870,Felix,11.512810335715578,True
2025-11-29T16:53:27.047151,Felix,11.512810335715578,True
2025-11-29T16:53:27.083097,Felix,11.512810335715578,True
2025-11-29T16:53:27.118249,Felix,11.512810335715578,True
2025-11-29T16:53:27.154950,Felix,11.512810335715578,True
2025-11-29T16:53:27.191190,Felix,11.512810335715578,True
2025-11-29T16:53:27.227009,Felix,11.512810335715578,True
2025-11-29T16:53:27.266327,Felix,11.512810335715578,True
2025-11-29T16:53:27.301749,Felix,11.512810335715578,True
2025-11-29T16:53:27.338577,Felix,11.512810335715578,True
2025-11-29T16:53:27.375410,Felix,11.512810335715578,True
2025-11-29T16:53:27.412906,Felix,11.512810335715578,True
2025-11-29T16:53:27.448175,Felix,11.512810335715578,True
2025-11-29T16:53:27.483620,Felix,11.512810335715578,True
2025-11-29T16:53:27.519333,Felix,11.512810335715578,True
2025-11-29T16:53:27.554933,Felix,11.512810335715578,True
2025-11-29T16:53:27.589440,Felix,11.512810335715578,True
2025-11-29T16:53:27.625301,Felix,11.512810335715578,True
2025-11-29T16:53:27.659511,Felix,11.512810335715578,True
2025-11-29T16:53:27.694327,Felix,11.512810335715578,True
2025-11-29T16:53:27.730013,Felix,11.512810335715578,True
2025-11-29T16:53:27.765875,Felix,11.512810335715578,True
2025-11-29T16:53:27.802488,Felix,11.512810335715578,True
2025-11-29T16:53:27.838550,Felix,11.512810335715578,True
2025-11-29T16:53:27.874055,Felix,11.512810335715578,True
2025-11-29T16:53:27.909122,Felix,11.512810335715578,True
2025-11-29T16:53:27.946315,Felix,11.512810335715578,True
2025-11-29T16:53:27.982880,Felix,11.512810335715578,True
2025-11-29T16:53:28.019009,Felix,11.512810335715578,True
2025-11-29T16:53:28.053858,Felix,11.512810335715578,True
2025-11-29T16:53:28.090299,Felix,11.512810335715578,True
2025-11-29T16:53:28.126211,Felix,11.512810335715578,True
2025-11-29T16:53:28.165318,Felix,11.512810335715578,True
2025-11-29T16:53:28.201381,Felix,11.512810335715578,True
2025-11-29T16:53:28.235435,Felix,11.512810335715578,True
2025-11-29T16:53:28.270022,Felix,11.512810335715578,True
2025-11-29T16:53:28.305630,Felix,11.512810335715578,True
2025-11-29T16:53:28.341189,Felix,11.512810335715578,True
2025-11-29T16:53:28.380086,Felix,11.512810335715578,True
2025-11-29T16:53:28.414557,Felix,11.512810335715578,True
2025-11-29T16:53:28.450456,Felix,11.512810335715578,True
2025-11-29T16:53:28.485015,Felix,11.512810335715578,True
2025-11-29T16:53:28.521376,Felix,11.512810335715578,True
2025-11-29T16:53:28.556017,Felix,11.512810335715578,True
2025-11-29T16:53:28.590837,Felix,11.512810335715578,True
2025-11-29T16:53:28.625781,Felix,11.512810335715578,True
2025-11-29T16:53:28.660503,Felix,11.512810335715578,True
2025-11-29T16:53:28.695120,Felix,11.512810335715578,True
2025-11-29T16:53:28.730938,Felix,11.512810335715578,True
2025-11-29T16:53:28.766201,Felix,11.512810335715578,True
2025-11-29T16:53:28.802637,Felix,11.512810335715578,True
2025-11-29T16:53:28.840959,Felix,11.512810335715578,True
2025-11-29T16:53:28.879676,Felix,11.512810335715578,True
2025-11-29T16:53:28.915721,Felix,11.512810335715578,True
2025-11-29T16:53:28.952819,Felix,11.512810335715578,True
2025-11-29T16:53:28.989125,Felix,11.512810335715578,True
2025-11-29T16:53:29.024075,Felix,11.512810335715578,True
2025-11-29T16:53:29.059835,Felix,11.512810335715578,True
2025-11-29T16:53:29.094626,Felix,11.512810335715578,True
2025-11-29T16:53:29.132679,Felix,11.512810335715578,True
2025-11-29T16:53:29.168912,Felix,11.512810335715578,True
2025-11-29T16:53:29.204043,Felix,11.512810335715578,True
2025-11-29T16:53:29.238986,Felix,11.512810335715578,True
2025-11-29T16:53:29.274580,Felix,11.512810335715578,True
2025-11-29T16:53:29.310076,Felix,11.512810335715578,True
2025-11-29T16:53:29.345637,Felix,11.512810335715578,True
2025-11-29T16:53:29.380790,Felix,11.512810335715578,True
2025-11-29T16:53:29.415453,Felix,11.512810335715578,True
2025-11-29T16:53:29.451552,Felix,11.512810335715578,True
2025-11-29T16:53:29.487692,Felix,11.512810335715578,True
2025-11-29T16:53:29.527214,Felix,11.512810335715578,True
2025-11-29T16:53:29.564164,Felix,11.512810335715578,True
2025-11-29T16:53:29.600630,Felix,11.512810335715578,True
2025-11-29T16:53:29.640973,Felix,11.512810335715578,True
2025-11-29T16:53:29.676810,Felix,11.512810335715578,True
2025-11-29T16:53:29.714482,Felix,11.512810335715578,True
2025-11-29T16:53:29.753894,Felix,11.512810335715578,True
2025-11-29T16:53:29.790494,Felix,11.512810335715578,True
2025-11-29T16:53:29.827850,Felix,11.512810335715578,True
2025-11-29T16:53:29.864968,Felix,11.512810335715578,True
2025-11-29T16:53:29.905254,Felix,11.512810335715578,True
2025-11-29T16:53:29.944736,Felix,11.512810335715578,True
2025-11-29T16:53:29.980319,Felix,11.512810335715578,True
2025-11-29T16:53:30.085593,Felix,11.512810335715578,True
2025-11-29T16:53:30.122644,Felix,11.512810335715578,True
2025-11-29T16:53:30.159684,Felix,11.512810335715578,True
2025-11-29T16:53:30.196377,Felix,11.512810335715578,True
2025-11-29T16:53:30.232306,Felix,11.512810335715578,True
2025-11-29T16:53:30.269387,Felix,11.512810335715578,True
2025-11-29T16:53:30.305959,Felix,11.512810335715578,True
2025-11-29T16:53:30.342156,Felix,11.512810335715578,True
2025-11-29T16:53:30.388402,Felix,11.512810335715578,True
2025-11-29T16:53:30.529920,Felix,11.512810335715578,True
2025-11-29T16:53:30.573640,Felix,11.512810335715578,True
2025-11-29T16:53:30.612193,Felix,11.512810335715578,True
2025-11-29T16:53:30.650113,Felix,11.512810335715578,True
2025-11-29T16:53:30.685776,Felix,11.512810335715578,True
2025-11-29T16:53:30.721119,Felix,11.512810335715578,True
2025-11-29T16:53:30.757772,Felix,11.512810335715578,True
2025-11-29T16:53:30.793379,Felix,11.512810335715578,True
2025-11-29T16:53:30.831535,Felix,11.512810335715578,True
2025-11-29T16:53:30.868011,Felix,11.512810335715578,True
2025-11-29T16:53:30.905252,Felix,11.512810335715578,True
2025-11-29T16:53:30.942135,Felix,11.512810335715578,True
2025-11-29T16:53:30.978783,Felix,11.512810335715578,True
2025-11-29T16:53:31.015052,Felix,11.512810335715578,True
2025-11-29T16:53:31.053475,Felix,11.512810335715578,True
2025-11-29T16:53:31.088986,Felix,11.512810335715578,True
2025-11-29T16:53:31.128548,Felix,11.512810335715578,True
2025-11-29T16:53:31.165365,Felix,11.512810335715578,True
2025-11-29T16:53:31.202998,Felix,11.512810335715578,True
2025-11-29T16:53:31.240625,Felix,11.512810335715578,True
2025-11-29T16:53:31.277393,Felix,11.512810335715578,True
2025-11-29T16:53:31.315899,Felix,11.512810335715578,True
2025-11-29T16:53:31.353664,Felix,11.512810335715578,True
2025-11-29T16:53:31.389243,Felix,11.512810335715578,True
2025-11-29T16:53:31.428514,Felix,11.512810335715578,True
2025-11-29T16:53:31.465801,Felix,11.512810335715578,True
2025-11-29T16:53:31.502650,Felix,11.512810335715578,True
2025-11-29T16:53:31.540344,Felix,11.512810335715578,True
2025-11-29T16:53:31.578025,Felix,11.512810335715578,True
2025-11-29T16:53:31.615492,Felix,11.512810335715578,True
2025-11-29T16:53:31.654321,Felix,11.512810335715578,True
2025-11-29T16:53:31.692478,Felix,11.512810335715578,True
2025-11-29T16:53:31.730806,Felix,11.512810335715578,True
2025-11-29T16:53:31.768470,Felix,11.512810335715578,True
2025-11-29T16:53:31.805846,Felix,11.512810335715578,True
2025-11-29T16:53:31.844056,Felix,11.512810335715578,True
2025-11-29T16:53:31.879887,Felix,11.512810335715578,True
2025-11-29T16:53:31.918627,Felix,11.512810335715578,True
2025-11-29T16:53:31.960496,Felix,11.512810335715578,True
2025-11-29T16:53:31.998913,Felix,11.512810335715578,True
2025-11-29T16:53:32.037774,Felix,11.512810335715578,True
2025-11-29T16:53:32.075672,Felix,11.512810335715578,True
2025-11-29T16:53:32.114542,Felix,11.512810335715578,True
2025-11-29T16:53:32.153847,Felix,11.512810335715578,True
2025-11-29T16:53:32.192229,Felix,11.512810335715578,True
2025-11-29T16:53:32.227942,Felix,11.512810335715578,True
2025-11-29T16:53:32.266690,Felix,11.512810335715578,True
2025-11-29T16:53:32.486601,Marvel,9.564929222241446,True
2025-11-29T16:53:32.522918,Felix,11.512810335715578,True
2025-11-29T16:53:32.560006,Felix,11.512810335715578,True
2025-11-29T16:53:32.597228,Felix,11.512810335715578,True
2025-11-29T16:53:32.633598,Felix,11.512810335715578,True
2025-11-29T16:53:32.673067,Felix,11.512810335715578,True
2025-11-29T16:53:32.714638,Felix,11.512810335715578,True
2025-11-29T16:53:32.753018,Felix,11.512810335715578,True
2025-11-29T16:53:32.789944,Felix,11.512810335715578,True
2025-11-29T16:53:32.827663,Felix,11.512810335715578,True
2025-11-29T16:53:32.869755,Felix,11.512810335715578,True
2025-11-29T16:53:32.907999,Felix,11.512810335715578,True
2025-11-29T16:53:32.947095,Felix,11.512810335715578,True
2025-11-29T16:53:32.986502,Felix,11.512810335715578,True
2025-11-29T16:53:33.025551,Felix,11.512810335715578,True
2025-11-29T16:53:33.063474,Felix,11.512810335715578,True
2025-11-29T16:53:33.101346,Felix,11.512810335715578,True
2025-11-29T16:53:33.139105,Felix,11.512810335715578,True
2025-11-29T16:53:33.178297,Felix,11.512810335715578,True
2025-11-29T16:53:33.215168,Felix,11.512810335715578,True
2025-11-29T16:53:33.251341,Felix,11.512810335715578,True
2025-11-29T16:53:33.291479,Felix,11.512810335715578,True
2025-11-29T16:53:33.330592,Felix,11.512810335715578,True
2025-11-29T16:53:33.369921,Felix,11.512810335715578,True
2025-11-29T16:53:33.410126,Felix,11.512810335715578,True
2025-11-29T16:53:33.448868,Felix,11.512810335715578,True
2025-11-29T16:53:33.486761,Felix,11.512810335715578,True
2025-11-29T16:53:33.524082,Felix,11.512810335715578,True
2025-11-29T16:53:33.562588,Felix,11.512810335715578,True
2025-11-29T16:53:33.601657,Felix,11.512810335715578,True
2025-11-29T16:53:33.638597,Felix,11.512810335715578,True
2025-11-29T16:53:33.676468,Marvel,9.564929222241446,True
2025-11-29T16:53:36.361235,Marvel,9.564929222241446,True
2025-11-29T16:53:36.475265,Marvel,9.564929222241446,True
2025-11-29T16:53:37.048746,Jeniffer,10.246010608801177,True
2025-11-29T16:53:37.082405,Jeniffer,10.246010608801177,True
2025-11-29T16:53:37.118236,Jeniffer,10.246010608801177,True
2025-11-29T16:53:37.377095,Jeniffer,10.246010608801177,True
2025-11-29T16:53:37.410509,Jeniffer,10.246010608801177,True
2025-11-29T16:53:37.443723,Jeniffer,10.246010608801177,True
2025-11-29T16:53:37.478234,Jeniffer,10.246010608801177,True
2025-11-29T16:53:37.511500,Jeniffer,10.246010608801177,True
2025-11-29T16:53:37.545657,Jeniffer,10.246010608801177,True
2025-11-29T16:53:37.579374,Jeniffer,10.246010608801177,True
2025-11-29T16:53:37.612568,Jeniffer,10.139226082123042,True
2025-11-29T16:53:37.646500,Jeniffer,10.139226082123042,True
2025-11-29T16:53:37.682601,Jeniffer,10.139226082123042,True
2025-11-29T16:53:37.717695,Jeniffer,10.076903410398703,True
2025-11-29T16:53:37.751283,Jeniffer,10.034040042454324,True
2025-11-29T16:53:37.785714,Jeniffer,10.002504097329954,True
2025-11-29T16:53:37.819946,Jeniffer,9.978548339177049,True
2025-11-29T16:53:37.856566,Jeniffer,9.978548339177049,True
2025-11-29T16:53:37.889856,Jeniffer,9.978548339177049,True
2025-11-29T16:53:37.925575,Jeniffer,9.978548339177049,True
2025-11-29T16:53:37.961005,Jeniffer,9.978548339177049,True
2025-11-29T16:53:37.995618,Jeniffer,9.978548339177049,True
2025-11-29T16:53:38.029557,Jeniffer,9.978548339177049,True
2025-11-29T16:53:38.064353,Jeniffer,9.960108533995088,True
2025-11-29T16:53:38.102229,Jeniffer,9.960108533995088,True
2025-11-29T16:53:38.135063,Jeniffer,9.945913920415643,True
2025-11-29T16:53:38.169814,Jeniffer,9.935120085784485,True
2025-11-29T16:53:38.202066,Jeniffer,9.927133639866403,True
2025-11-29T16:53:38.235262,Jeniffer,9.927133639866403,True
2025-11-29T16:53:38.268552,Jeniffer,9.927133639866403,True
2025-11-29T16:53:38.301726,Jeniffer,9.927133639866403,True
2025-11-29T16:53:38.336480,Jeniffer,9.927133639866403,True
2025-11-29T16:53:38.369190,Jeniffer,9.92151936766125,True
2025-11-29T16:53:38.402792,Jeniffer,9.92151936766125,True
2025-11-29T16:53:38.439730,Jeniffer,9.917947097643697,True
2025-11-29T16:53:38.472332,Jeniffer,9.916159401243403,True
2025-11-29T16:53:38.507915,Jeniffer,9.915950978140144,True
2025-11-29T16:53:38.541297,Jeniffer,9.917154963107231,True
2025-11-29T16:53:38.576118,Jeniffer,9.919633520859435,True
2025-11-29T16:53:38.610916,Jeniffer,9.923271199693588,True
2025-11-29T16:53:38.645502,Jeniffer,9.92797011825237,True
2025-11-29T16:53:38.679489,Jeniffer,9.92797011825237,True
2025-11-29T16:53:38.713155,Jeniffer,9.933646404759212,True
2025-11-29T16:53:38.747815,Jeniffer,9.940227513071651,True
2025-11-29T16:53:38.782384,Jeniffer,9.94765016586487,True
2025-11-29T16:53:38.816367,Jeniffer,9.94765016586487,True
2025-11-29T16:53:38.852362,Jeniffer,9.955858754973136,True
2025-11-29T16:53:38.886533,Jeniffer,9.9648040806981,True
2025-11-29T16:53:38.921271,Jeniffer,9.105439079001835,True
2025-11-29T16:53:38.953361,Jeniffer,9.115077344624277,True
2025-11-29T16:53:38.987418,Jeniffer,9.125369345728442,True
2025-11-29T16:53:39.021321,Jeniffer,9.05414616015684,True
2025-11-29T16:53:39.059216,Jeniffer,9.014308371700318,True
2025-11-29T16:53:39.092762,Jeniffer,9.025218836089518,True
2025-11-29T16:53:39.126272,Jeniffer,9.036715881450826,True
2025-11-29T16:53:39.162612,Jeniffer,9.048770566060615,True
2025-11-29T16:53:39.196370,Jeniffer,9.061356513720392,True
2025-11-29T16:53:39.230400,Jeniffer,9.074449598445117,True
2025-11-29T16:53:39.265647,Jeniffer,9.088027677648025,True
2025-11-29T16:53:39.298608,Jeniffer,9.088027677648025,True
2025-11-29T16:53:39.333308,Jeniffer,9.088027677648025,True
2025-11-29T16:53:39.367529,Jeniffer,9.088027677648025,True
2025-11-29T16:53:39.402426,Jeniffer,9.088027677648025,True
2025-11-29T16:53:39.437921,Jeniffer,9.088027677648025,True
2025-11-29T16:53:39.473928,Jeniffer,9.088027677648025,True
2025-11-29T16:53:39.510686,Jeniffer,9.102070364988576,True
2025-11-29T16:53:39.545626,Jeniffer,9.116558835890883,True
2025-11-29T16:53:39.581708,Jeniffer,9.116558835890883,True
2025-11-29T16:53:39.615817,Jeniffer,9.116558835890883,True
2025-11-29T16:53:39.649076,Jeniffer,9.116558835890883,True
2025-11-29T16:53:39.681639,Jeniffer,9.116558835890883,True
2025-11-29T16:53:39.715644,Jeniffer,9.116558835890883,True
2025-11-29T16:53:39.750379,Jeniffer,9.116558835890883,True
2025-11-29T16:53:39.784184,Jeniffer,9.116558835890883,True
2025-11-29T16:53:39.817487,Jeniffer,9.116558835890883,True
2025-11-29T16:53:39.851902,Jeniffer,9.116558835890883,True
2025-11-29T16:53:39.885174,Jeniffer,9.116558835890883,True
2025-11-29T16:53:39.919364,Jeniffer,9.116558835890883,True
2025-11-29T16:53:39.954281,Jeniffer,9.116558835890883,True
2025-11-29T16:53:39.987812,Jeniffer,9.116558835890883,True
2025-11-29T16:53:40.022644,Jeniffer,9.116558835890883,True
2025-11-29T16:53:40.058297,Jeniffer,9.116558835890883,True
2025-11-29T16:53:40.094833,Jeniffer,9.116558835890883,True
2025-11-29T16:53:40.129412,Jeniffer,9.116558835890883,True
2025-11-29T16:53:40.164100,Jeniffer,9.116558835890883,True
2025-11-29T16:53:40.198968,Jeniffer,9.116558835890883,True
2025-11-29T16:53:40.232054,Jeniffer,9.116558835890883,True
2025-11-29T16:53:40.267646,Jeniffer,9.116558835890883,True
2025-11-29T16:53:40.301133,Jeniffer,9.116558835890883,True
2025-11-29T16:53:40.336609,Jeniffer,9.116558835890883,True
2025-11-29T16:53:40.373294,Jeniffer,9.116558835890883,True
2025-11-29T16:53:40.406413,Jeniffer,9.116558835890883,True
2025-11-29T16:53:40.440324,Jeniffer,9.116558835890883,True
2025-11-29T16:53:40.473479,Jeniffer,9.116558835890883,True
2025-11-29T16:53:40.507240,Jeniffer,9.116558835890883,True
2025-11-29T16:53:40.540543,Jeniffer,9.116558835890883,True
2025-11-29T16:53:40.574117,Jeniffer,9.116558835890883,True
2025-11-29T16:53:40.607963,Jeniffer,9.116558835890883,True
2025-11-29T16:53:40.642342,Jeniffer,9.116558835890883,True
2025-11-29T16:53:40.677231,Jeniffer,9.116558835890883,True
2025-11-29T16:53:40.711754,Jeniffer,9.116558835890883,True
2025-11-29T16:53:40.745288,Jeniffer,9.116558835890883,True
2025-11-29T16:53:40.778974,Jeniffer,9.116558835890883,True
2025-11-29T16:53:40.815301,Jeniffer,9.116558835890883,True
2025-11-29T16:53:40.849757,Jeniffer,9.116558835890883,True
2025-11-29T16:53:40.884209,Jeniffer,9.116558835890883,True
2025-11-29T16:53:40.918132,Jeniffer,9.116558835890883,True
2025-11-29T16:53:40.953422,Jeniffer,9.116558835890883,True
2025-11-29T16:53:40.986970,Jeniffer,9.116558835890883,True
2025-11-29T16:53:41.022291,Jeniffer,9.131475660152141,True
2025-11-29T16:53:41.056338,Jeniffer,9.116558835890883,True
2025-11-29T16:53:41.091082,Jeniffer,9.116558835890883,True
2025-11-29T16:53:41.125025,Jeniffer,9.116558835890883,True
2025-11-29T16:53:41.159396,Jeniffer,9.102070364988576,True
2025-11-29T16:53:41.194344,Jeniffer,9.088027677648025,True
2025-11-29T16:53:41.228397,Jeniffer,9.074449598445117,True
2025-11-29T16:53:41.261751,Jeniffer,9.061356513720392,True
2025-11-29T16:53:41.299569,Jeniffer,9.061356513720392,True
2025-11-29T16:53:41.335351,Jeniffer,9.061356513720392,True
2025-11-29T16:53:41.369258,Jeniffer,9.061356513720392,True
2025-11-29T16:53:41.404685,Jeniffer,9.061356513720392,True
2025-11-29T16:53:41.437590,Jeniffer,9.061356513720392,True
2025-11-29T16:53:41.472149,Jeniffer,9.061356513720392,True
2025-11-29T16:53:41.507394,Jeniffer,9.048770566060615,True
2025-11-29T16:53:41.541579,Jeniffer,9.048770566060615,True
2025-11-29T16:53:41.575813,Jeniffer,9.036715881450826,True
2025-11-29T16:53:41.613465,Jeniffer,9.025218836089518,True
2025-11-29T16:53:41.648743,Jeniffer,9.014308371700318,True
2025-11-29T16:53:41.684876,Jeniffer,9.014308371700318,True
2025-11-29T16:53:41.721505,Jeniffer,9.014308371700318,True
2025-11-29T16:53:41.755901,Jeniffer,9.014308371700318,True
2025-11-29T16:53:41.790354,Jeniffer,9.014308371700318,True
2025-11-29T16:53:41.825381,Jeniffer,9.004016370596153,True
2025-11-29T16:53:41.860667,Jeniffer,9.004016370596153,True
2025-11-29T16:53:41.898852,Jeniffer,8.994378104973709,True
2025-11-29T16:53:41.934774,Jeniffer,8.994378104973709,True
2025-11-29T16:53:41.969740,Jeniffer,8.959700520224166,True
2025-11-29T16:53:42.003547,Jeniffer,8.934153525768712,True
2025-11-29T16:53:42.037327,Jeniffer,8.926730872975494,True
2025-11-29T16:53:42.072234,Jeniffer,8.908536001081867,True
2025-11-29T16:53:42.105658,Jeniffer,8.04349471287876,True
2025-11-29T16:53:42.138758,Jeniffer,7.972271527307157,True
2025-11-29T16:53:42.172719,Jeniffer,7.960194303730553,True
2025-11-29T16:53:42.209250,Jeniffer,7.952486271153697,True
2025-11-29T16:53:42.245508,Jeniffer,7.948622304199434,True
2025-11-29T16:53:42.278408,Jeniffer,7.949479623710515,True
2025-11-29T16:53:42.313205,Jeniffer,7.951048298519555,True
2025-11-29T16:53:42.347811,Jeniffer,7.95569416527678,True
2025-11-29T16:53:42.381735,Jeniffer,7.95569416527678,True
2025-11-29T16:53:42.419271,Jeniffer,7.963387121252114,True
2025-11-29T16:53:42.459071,Jeniffer,7.974174163436294,True
2025-11-29T16:53:42.492992,Jeniffer,7.974174163436294,True
2025-11-29T16:53:42.526977,Jeniffer,7.974174163436294,True
2025-11-29T16:53:42.562181,Jeniffer,7.988183111302659,True
2025-11-29T16:53:42.596064,Jeniffer,8.005636335196645,True
2025-11-29T16:53:42.630667,Jeniffer,8.026878164371057,True
2025-11-29T16:53:42.664714,Jeniffer,8.052424457310362,True
2025-11-29T16:53:42.698146,Jeniffer,8.08305280104708,True
2025-11-29T16:53:42.733729,Jeniffer,8.119975831974756,True
2025-11-29T16:53:42.769510,Jeniffer,8.13367087058403,True
2025-11-29T16:53:42.803530,Jeniffer,8.148048656938599,True
2025-11-29T16:53:42.839598,Jeniffer,8.163069168406956,True
2025-11-29T16:53:42.873157,Jeniffer,8.178696613038607,True
2025-11-29T16:53:42.906251,Jeniffer,8.19489881042932,True
2025-11-29T16:53:42.938912,Jeniffer,8.211646685588388,True
2025-11-29T16:53:42.973890,Jeniffer,8.260449796608913,True
2025-11-29T16:53:43.009757,Jeniffer,8.321075574979202,True
2025-11-29T16:53:43.042392,Jeniffer,8.401633905435821,True
2025-11-29T16:53:43.075513,Jeniffer,8.42032262086325,True
2025-11-29T16:53:43.111663,Jeniffer,8.439445797639193,True
2025-11-29T16:53:43.145734,Jeniffer,8.458986258711487,True
2025-11-29T16:53:43.183929,Jeniffer,8.478928092452456,True
2025-11-29T16:53:43.218166,Jeniffer,8.416605420728118,True
2025-11-29T16:53:43.254945,Jeniffer,8.37374205278374,True
2025-11-29T16:53:43.289681,Jeniffer,8.342206107659369,True
2025-11-29T16:53:43.323472,Jeniffer,8.362534535872149,True
2025-11-29T16:53:43.358673,Jeniffer,8.38323579926721,True
2025-11-29T16:53:43.393871,Jeniffer,8.404297057643063,True
2025-11-29T16:53:43.428663,Jeniffer,8.425706302510045,True
2025-11-29T16:53:43.463478,Jeniffer,8.447452280297433,True
2025-11-29T16:53:43.499028,Jeniffer,8.46952442460523,True
2025-11-29T16:53:43.534693,Jeniffer,8.491912796220683,True
2025-11-29T16:53:43.570377,Jeniffer,8.514608029829217,True
2025-11-29T16:53:43.605040,Jeniffer,8.537601286520381,True
2025-11-29T16:53:43.640097,Jeniffer,8.560884211329501,True
2025-11-29T16:53:43.674834,Jeniffer,8.584448895171162,True
2025-11-29T16:53:43.710653,Jeniffer,8.544611106714639,True
2025-11-29T16:53:43.744243,Jeniffer,8.56845005215971,True
2025-11-29T16:53:43.783145,Jeniffer,8.592556142587172,True
2025-11-29T16:53:43.817990,Jeniffer,8.616922614308477,True
2025-11-29T16:53:43.853742,Jeniffer,8.641543031317928,True
2025-11-29T16:53:43.886833,Jeniffer,8.666411262369655,True
2025-11-29T16:53:43.922219,Jeniffer,8.691521460121486,True
2025-11-29T16:53:43.957006,Jeniffer,8.716868042119815,True
2025-11-29T16:53:43.993279,Jeniffer,8.74244567342839,True
2025-11-29T16:53:44.027469,Jeniffer,8.76824925072853,True
2025-11-29T16:53:44.064493,Jeniffer,8.744293492575627,True
2025-11-29T16:53:44.100335,Jeniffer,8.770318129586526,True
2025-11-29T16:53:44.134739,Jeniffer,8.79655914367249,True
2025-11-29T16:53:44.168900,Jeniffer,8.823012043519627,True
2025-11-29T16:53:44.203528,Jeniffer,8.804572238337666,True
2025-11-29T16:53:44.240743,Jeniffer,8.831232712596197,True
2025-11-29T16:53:44.274004,Jeniffer,8.85809661939627,True
2025-11-29T16:53:44.308787,Jeniffer,8.85809661939627,True
2025-11-29T16:53:44.537591,Marvel,9.564929222241446,True
2025-11-29T16:53:45.435214,Jeniffer,8.85809661939627,True
2025-11-29T16:53:45.469326,Jeniffer,8.85809661939627,True
2025-11-29T16:53:45.506951,Jeniffer,8.85809661939627,True
2025-11-29T16:53:45.543660,Jeniffer,8.85809661939627,True
2025-11-29T16:53:45.578441,Jeniffer,8.85809661939627,True
2025-11-29T16:53:45.613987,Jeniffer,8.87653642457823,True
2025-11-29T16:53:45.650053,Jeniffer,8.87653642457823,True
2025-11-29T16:53:45.687970,Jeniffer,8.87653642457823,True
2025-11-29T16:53:45.723756,Jeniffer,8.87653642457823,True
2025-11-29T16:53:45.758020,Jeniffer,8.87653642457823,True
2025-11-29T16:53:45.796209,Jeniffer,8.87653642457823,True
2025-11-29T16:53:45.830588,Jeniffer,8.87653642457823,True
2025-11-29T16:53:45.864999,Jeniffer,8.87653642457823,True
2025-11-29T16:53:45.900344,Jeniffer,8.87653642457823,True
2025-11-29T16:53:45.937039,Jeniffer,8.87653642457823,True
2025-11-29T16:53:45.973063,Jeniffer,8.87653642457823,True
2025-11-29T16:53:46.007413,Jeniffer,8.85809661939627,True
2025-11-29T16:53:46.041791,Jeniffer,8.843902005816824,True
2025-11-29T16:53:46.076667,Jeniffer,8.833108171185666,True
2025-11-29T16:53:46.111630,Jeniffer,8.833108171185666,True
2025-11-29T16:53:46.145621,Jeniffer,8.833108171185666,True
2025-11-29T16:53:46.180857,Jeniffer,8.825121725267582,True
2025-11-29T16:53:46.215938,Jeniffer,8.825121725267582,True
2025-11-29T16:53:46.250816,Jeniffer,8.81950745306243,True
2025-11-29T16:53:46.286070,Jeniffer,8.815935183044878,True
2025-11-29T16:53:46.318697,Jeniffer,8.815935183044878,True
2025-11-29T16:53:46.357887,Jeniffer,8.842998540304132,True
2025-11-29T16:53:46.391844,Jeniffer,8.870257516754176,True
2025-11-29T16:53:46.428526,Jeniffer,8.897708423620992,True
2025-11-29T16:53:46.463241,Jeniffer,8.92534770690117,True
2025-11-29T16:53:46.498599,Jeniffer,8.953171940181942,True
2025-11-29T16:53:46.534260,Jeniffer,8.984750087975836,True
2025-11-29T16:53:46.572416,Jeniffer,8.984750087975836,True
2025-11-29T16:53:46.608554,Jeniffer,8.984750087975836,True
2025-11-29T16:53:46.642990,Jeniffer,8.981177817958283,True
2025-11-29T16:53:46.677219,Jeniffer,8.951384243781648,True
2025-11-29T16:53:46.710933,Jeniffer,8.991013609134912,True
2025-11-29T16:53:46.746906,Jeniffer,9.0634407796736,True
2025-11-29T16:53:46.781253,Jeniffer,9.038095104145032,True
2025-11-29T16:53:46.815971,Jeniffer,9.038095104145032,True
2025-11-29T16:53:46.850549,Jeniffer,9.014093499699008,True
2025-11-29T16:53:46.884027,Jeniffer,9.014093499699008,True
2025-11-29T16:53:46.918763,Jeniffer,9.014093499699008,True
2025-11-29T16:53:46.953837,Jeniffer,9.014093499699008,True
2025-11-29T16:53:46.987629,Jeniffer,9.014093499699008,True
2025-11-29T16:53:47.023312,Jeniffer,9.014093499699008,True
2025-11-29T16:53:47.057079,Jeniffer,8.991341511390974,True
2025-11-29T16:53:47.090976,Jeniffer,8.991341511390974,True
2025-11-29T16:53:47.127363,Jeniffer,8.991341511390974,True
2025-11-29T16:53:47.160939,Jeniffer,8.991341511390974,True
2025-11-29T16:53:47.194799,Jeniffer,8.991341511390974,True
2025-11-29T16:53:47.230515,Jeniffer,8.991341511390974,True
2025-11-29T16:53:47.265470,Jeniffer,8.991341511390974,True
2025-11-29T16:53:47.302594,Jeniffer,8.991341511390974,True
2025-11-29T16:53:47.338511,Jeniffer,8.991341511390974,True
2025-11-29T16:53:47.374011,Jeniffer,8.991341511390974,True
2025-11-29T16:53:47.410593,Jeniffer,8.991341511390974,True
2025-11-29T16:53:47.444674,Jeniffer,8.969758821447773,True
2025-11-29T16:53:47.481594,Jeniffer,8.969758821447773,True
2025-11-29T16:53:47.515292,Jeniffer,8.969758821447773,True
2025-11-29T16:53:47.552629,Jeniffer,8.969758821447773,True
2025-11-29T16:53:47.586963,Jeniffer,8.969758821447773,True
2025-11-29T16:53:47.623057,Jeniffer,8.969758821447773,True
2025-11-29T16:53:47.659805,Jeniffer,8.969758821447773,True
2025-11-29T16:53:47.694164,Jeniffer,8.871472278616915,True
2025-11-29T16:53:47.730031,Jeniffer,8.804770583360321,True
2025-11-29T16:53:47.768464,Jeniffer,8.804770583360321,True
2025-11-29T16:53:47.803653,Jeniffer,8.804770583360321,True
2025-11-29T16:53:47.839453,Jeniffer,8.7733620378289,True
2025-11-29T16:53:47.874101,Jeniffer,8.79552702607019,True
2025-11-29T16:53:47.909298,Jeniffer,8.81895270449529,True
2025-11-29T16:53:47.944066,Jeniffer,8.81895270449529,True
2025-11-29T16:53:47.978818,Jeniffer,8.81895270449529,True
2025-11-29T16:53:48.013894,Jeniffer,8.81895270449529,True
2025-11-29T16:53:48.048273,Jeniffer,8.81895270449529,True
2025-11-29T16:53:48.083414,Jeniffer,8.81895270449529,True
2025-11-29T16:53:48.118913,Jeniffer,8.81895270449529,True
2025-11-29T16:53:48.154035,Jeniffer,8.81895270449529,True
2025-11-29T16:53:48.188299,Jeniffer,8.81895270449529,True
2025-11-29T16:53:48.224977,Jeniffer,8.81895270449529,True
2025-11-29T16:53:48.260388,Jeniffer,7.932524345539772,True
2025-11-29T16:53:48.294168,Jeniffer,7.8883220333925115,True
2025-11-29T16:53:48.330838,Jeniffer,7.8883220333925115,True
2025-11-29T16:53:48.365701,Jeniffer,7.8883220333925115,True
2025-11-29T16:53:48.400690,Jeniffer,7.8883220333925115,True
2025-11-29T16:53:48.435438,Jeniffer,7.8883220333925115,True
2025-11-29T16:53:48.470055,Jeniffer,7.8883220333925115,True
2025-11-29T16:53:48.506505,Jeniffer,7.8883220333925115,True
2025-11-29T16:53:48.541911,Jeniffer,7.8883220333925115,True
2025-11-29T16:53:48.576613,Jeniffer,7.8883220333925115,True
2025-11-29T16:53:48.612800,Jeniffer,7.8883220333925115,True
2025-11-29T16:53:48.647472,Jeniffer,7.850047795552793,True
2025-11-29T16:53:48.681741,Jeniffer,7.87422971205912,True
2025-11-29T16:53:48.720225,Jeniffer,7.87422971205912,True
2025-11-29T16:53:48.754862,Jeniffer,7.87422971205912,True
2025-11-29T16:53:48.793470,Jeniffer,7.87422971205912,True
2025-11-29T16:53:48.827866,Jeniffer,7.801802541520431,True
2025-11-29T16:53:48.862921,Jeniffer,7.735304278805378,True
2025-11-29T16:53:48.898237,Jeniffer,7.735304278805378,True
2025-11-29T16:53:48.932568,Jeniffer,7.709572019780798,True
2025-11-29T16:53:48.966069,Jeniffer,7.69223361443361,True
2025-11-29T16:53:49.001208,Jeniffer,7.684855309415786,True
2025-11-29T16:53:49.036315,Jeniffer,7.680784955673084,True
2025-11-29T16:53:49.071495,Jeniffer,7.707445429931615,True
2025-11-29T16:53:49.107057,Jeniffer,7.734309336731687,True
2025-11-29T16:53:49.141698,Jeniffer,7.76137269399094,True
2025-11-29T16:53:49.176499,Jeniffer,7.788631670440985,True
2025-11-29T16:53:49.211521,Jeniffer,7.816082577307801,True
2025-11-29T16:53:49.247067,Jeniffer,7.8146971681057416,True
2025-11-29T16:53:49.281132,Jeniffer,7.815554487616824,True
2025-11-29T16:53:49.317288,Jeniffer,7.818327147392949,True
2025-11-29T16:53:49.352248,Jeniffer,7.845966430673127,True
2025-11-29T16:53:49.386836,Jeniffer,7.850403874327094,True
2025-11-29T16:53:49.421200,Jeniffer,7.878228107607866,True
2025-11-29T16:53:49.455828,Jeniffer,7.866614344026678,True
2025-11-29T16:53:49.490313,Jeniffer,7.894620221803019,True
2025-11-29T16:53:49.524287,Jeniffer,7.923012976353085,True
2025-11-29T16:53:49.562060,Jeniffer,7.9531603759148695,True
2025-11-29T16:53:49.597728,Jeniffer,7.949354340914599,True
2025-11-29T16:53:49.636940,Jeniffer,7.977886437276796,True
2025-11-29T16:53:49.674374,Jeniffer,8.006588046692237,True
2025-11-29T16:53:49.710106,Jeniffer,8.041070654834106,True
2025-11-29T16:53:49.745199,Jeniffer,8.070103019923552,True
2025-11-29T16:53:49.779538,Jeniffer,8.070103019923552,True
2025-11-29T16:53:49.816780,Jeniffer,8.070103019923552,True
2025-11-29T16:53:49.855048,Jeniffer,8.0644887477184,True
2025-11-29T16:53:49.890138,Jeniffer,8.031884112611401,True
2025-11-29T16:53:49.926013,Jeniffer,8.003015776674683,True
2025-11-29T16:53:49.960477,Jeniffer,7.9743141672592435,True
2025-11-29T16:53:49.996790,Jeniffer,7.945782070897047,True
2025-11-29T16:53:50.031925,Jeniffer,7.917422367735557,True
2025-11-29T16:53:50.066938,Jeniffer,7.8892380362887495,True
2025-11-29T16:53:50.104068,Jeniffer,7.861232158512408,True
2025-11-29T16:53:50.138379,Jeniffer,7.833407925231636,True
2025-11-29T16:53:50.173327,Jeniffer,7.836980195249189,True
2025-11-29T16:53:50.207073,Jeniffer,7.842594467454342,True
2025-11-29T16:53:50.931685,Jeniffer,7.850580913372425,True
2025-11-29T16:53:50.964992,Jeniffer,7.861374748003583,True
2025-11-29T16:53:51.000657,Jeniffer,7.875569361583027,True
2025-11-29T16:53:51.035747,Jeniffer,7.847930078302849,True
2025-11-29T16:53:51.070253,Jeniffer,7.866369883484811,True
2025-11-29T16:53:51.107133,Jeniffer,7.838918976617995,True
2025-11-29T16:53:51.145122,Jeniffer,7.81166000016795,True
2025-11-29T16:53:51.181011,Jeniffer,7.784596642908696,True
2025-11-29T16:53:51.216320,Jeniffer,7.757732736108625,True
2025-11-29T16:53:51.254438,Jeniffer,7.731072261850094,True
2025-11-29T16:53:51.290300,Jeniffer,7.755028020002998,True
2025-11-29T16:53:51.325283,Jeniffer,7.728575120155859,True
2025-11-29T16:53:51.360731,Jeniffer,7.702334106069896,True
2025-11-29T16:53:51.397509,Jeniffer,7.676309469058996,True
2025-11-29T16:53:51.431754,Jeniffer,7.650505891758856,True
2025-11-29T16:53:51.467431,Jeniffer,7.624928260450281,True
2025-11-29T16:53:51.503478,Jeniffer,7.599581678451952,True
2025-11-29T16:53:51.538514,Jeniffer,7.574471480700121,True
2025-11-29T16:53:51.576382,Jeniffer,7.549603249648394,True
2025-11-29T16:53:51.611773,Jeniffer,7.524982832638942,True
2025-11-29T16:53:51.646716,Jeniffer,7.500616360917638,True
2025-11-29T16:53:51.693129,Jeniffer,7.532152306042009,True
2025-11-29T16:53:51.727521,Jeniffer,7.508046215614546,True
2025-11-29T16:53:51.762519,Jeniffer,7.484207270169476,True
2025-11-29T16:53:51.797336,Jeniffer,7.460642586327816,True
2025-11-29T16:53:51.833540,Jeniffer,7.437359661518695,True
2025-11-29T16:53:51.867777,Jeniffer,7.414366404827531,True
2025-11-29T16:53:51.912100,Jeniffer,7.391671171218998,True
2025-11-29T16:53:51.959187,Jeniffer,7.387233727565031,True
2025-11-29T16:53:52.025026,Jeniffer,7.384461067788905,True
2025-11-29T16:53:52.062052,Jeniffer,7.362072696173453,True
2025-11-29T16:53:52.097204,Jeniffer,7.340000551865656,True
2025-11-29T16:53:52.132302,Jeniffer,7.339143232354575,True
2025-11-29T16:53:52.169059,Jeniffer,7.317397254567187,True
2025-11-29T16:53:52.205394,Jeniffer,7.295988009700204,True
2025-11-29T16:53:52.242519,Jeniffer,7.27492675132435,True
2025-11-29T16:53:52.277131,Jeniffer,7.222689542804917,True
2025-11-29T16:53:52.314763,Jeniffer,7.222689542804917,True
2025-11-29T16:53:52.351576,Jeniffer,7.202361114592138,True
2025-11-29T16:53:52.386939,Jeniffer,7.158463522698265,True
2025-11-29T16:53:52.422389,Jeniffer,7.120483256444009,True
2025-11-29T16:53:52.459550,Jeniffer,7.087165466088622,True
2025-11-29T16:53:52.495631,Jeniffer,7.087165466088622,True
2025-11-29T16:53:52.532679,Jeniffer,7.087165466088622,True
2025-11-29T16:53:52.566905,Jeniffer,7.113666947882388,True
2025-11-29T16:53:52.600264,Jeniffer,7.134592818156742,True
2025-11-29T16:53:52.637701,Jeniffer,7.158605005640414,True
2025-11-29T16:53:52.672726,Jeniffer,7.158605005640414,True
2025-11-29T16:53:52.708334,Jeniffer,7.158605005640414,True
2025-11-29T16:53:52.743722,Jeniffer,7.158605005640414,True
2025-11-29T16:53:52.780800,Jeniffer,7.158605005640414,True
2025-11-29T16:53:52.815752,Jeniffer,7.127869337268286,True
2025-11-29T16:53:52.850882,Jeniffer,7.100342430277909,True
2025-11-29T16:53:52.885923,Jeniffer,7.081219253501965,True
2025-11-29T16:53:52.920670,Jeniffer,7.081219253501965,True
2025-11-29T16:53:52.955806,Jeniffer,7.1077207352957315,True
2025-11-29T16:53:52.990661,Jeniffer,7.082983286314636,True
2025-11-29T16:53:53.025855,Jeniffer,7.082983286314636,True
2025-11-29T16:53:53.064173,Jeniffer,7.060722300869655,True
2025-11-29T16:53:53.098107,Jeniffer,7.042486642137375,True
2025-11-29T16:53:53.134290,Jeniffer,7.072336064450843,True
2025-11-29T16:53:53.169323,Jeniffer,7.087886773397737,True
2025-11-29T16:53:53.208001,Jeniffer,7.069442691562197,True
2025-11-29T16:53:53.242131,Jeniffer,7.096378935553864,True
2025-11-29T16:53:53.279260,Jeniffer,7.13869528176259,True
2025-11-29T16:53:53.313692,Jeniffer,7.153946724177931,True
2025-11-29T16:53:53.347777,Jeniffer,7.175984048083901,True
2025-11-29T16:53:53.382801,Jeniffer,7.163897924164833,True
2025-11-29T16:53:53.418689,Jeniffer,7.153211866581117,True
2025-11-29T16:53:53.456884,Jeniffer,7.153211866581117,True
2025-11-29T16:53:53.492549,Jeniffer,7.153211866581117,True
2025-11-29T16:53:53.528959,Jeniffer,7.153211866581117,True
2025-11-29T16:53:53.564086,Jeniffer,7.186366778398916,True
2025-11-29T16:53:53.600580,Jeniffer,7.234413155963702,True
2025-11-29T16:53:53.634993,Jeniffer,7.32290350743146,True
2025-11-29T16:53:53.671315,Jeniffer,7.32290350743146,True
2025-11-29T16:53:53.706229,Jeniffer,8.200030919553635,True
2025-11-29T16:53:53.742773,Jeniffer,8.200030919553635,True
2025-11-29T16:53:53.777514,Jeniffer,8.28948976385752,True
2025-11-29T16:53:53.815331,Jeniffer,8.28948976385752,True
2025-11-29T16:53:53.849326,Jeniffer,8.28948976385752,True
2025-11-29T16:53:53.886239,Jeniffer,7.411889103428973,True
2025-11-29T16:53:53.920405,Jeniffer,8.289489763857517,True
2025-11-29T16:53:53.956124,Jeniffer,8.200030919553635,True
2025-11-29T16:53:53.989740,Jeniffer,8.200030919553635,True
2025-11-29T16:53:54.024178,Jeniffer,8.200030919553635,True
2025-11-29T16:53:54.059654,Jeniffer,8.200030919553635,True
2025-11-29T16:53:54.096037,Jeniffer,8.21005798917765,True
2025-11-29T16:53:54.135917,Jeniffer,8.22132405181186,True
2025-11-29T16:53:54.171844,Jeniffer,8.174905155042898,True
2025-11-29T16:53:54.206669,Jeniffer,8.143496609511477,True
2025-11-29T16:53:54.241667,Jeniffer,7.284131607815212,True
2025-11-29T16:53:54.274890,Jeniffer,7.3032547845911555,True
2025-11-29T16:53:54.309320,Jeniffer,7.32279524566345,True
2025-11-29T16:53:54.346346,Jeniffer,7.305456840316261,True
2025-11-29T16:53:54.380348,Jeniffer,7.32539867405723,True
2025-11-29T16:53:54.415102,Jeniffer,7.3457271022700095,True
2025-11-29T16:53:54.451578,Jeniffer,7.366428365665071,True
2025-11-29T16:53:54.487690,Jeniffer,7.387489624040924,True
2025-11-29T16:53:54.523439,Jeniffer,7.408898868907907,True
2025-11-29T16:53:54.557102,Jeniffer,7.430644846695295,True
2025-11-29T16:53:54.593223,Jeniffer,7.436321133202139,True
2025-11-29T16:53:54.630769,Jeniffer,7.442902241514577,True
2025-11-29T16:53:54.665127,Jeniffer,7.450324894307797,True
2025-11-29T16:53:54.701446,Jeniffer,7.458533483416061,True
2025-11-29T16:53:54.735262,Jeniffer,7.4806056277238575,True
2025-11-29T16:53:54.770003,Jeniffer,7.489550953448822,True
2025-11-29T16:53:54.806671,Jeniffer,7.511939325064274,True
2025-11-29T16:53:54.841544,Jeniffer,7.534634558672808,True
2025-11-29T16:53:54.877602,Jeniffer,7.557627815363972,True
2025-11-29T16:53:54.913917,Jeniffer,7.580910740173092,True
2025-11-29T16:53:54.947317,Jeniffer,7.604475424014753,True
2025-11-29T16:53:54.986461,Jeniffer,7.628314369459823,True
2025-11-29T16:53:55.020391,Jeniffer,7.652420459887286,True
2025-11-29T16:53:55.056832,Jeniffer,7.67678693160859,True
2025-11-29T16:53:55.092095,Jeniffer,7.701407348618041,True
2025-11-29T16:53:55.129026,Jeniffer,7.726275579669769,True
2025-11-29T16:53:55.162703,Jeniffer,7.7513857774216,True
2025-11-29T16:53:55.201301,Jeniffer,7.7767323594199285,True
2025-11-29T16:53:55.237762,Jeniffer,7.802309990728504,True
2025-11-29T16:53:55.274282,Jeniffer,7.828113568028644,True
2025-11-29T16:53:55.308017,Jeniffer,7.854138205039543,True
2025-11-29T16:53:55.343098,Jeniffer,7.880379219125507,True
2025-11-29T16:53:55.377968,Jeniffer,7.890017484747949,True
2025-11-29T16:53:55.415045,Jeniffer,7.900309485852115,True
2025-11-29T16:53:55.449883,Jeniffer,7.900309485852115,True
2025-11-29T16:53:55.485560,Jeniffer,7.926762385699253,True
2025-11-29T16:53:55.520815,Jeniffer,7.953422859957784,True
2025-11-29T16:53:55.555745,Jeniffer,7.980286766757856,True
2025-11-29T16:53:55.590294,Jeniffer,8.00735012401711,True
2025-11-29T16:53:55.627420,Jeniffer,8.034609100467154,True
2025-11-29T16:53:55.661058,Jeniffer,8.022995336885966,True
2025-11-29T16:53:55.697176,Jeniffer,8.015617031868144,True
2025-11-29T16:53:55.733797,Jeniffer,7.944393846296542,True
2025-11-29T16:53:55.768660,Jeniffer,7.971844753163357,True
2025-11-29T16:53:55.807657,Jeniffer,7.999484036443535,True
2025-11-29T16:53:55.842954,Jeniffer,8.017016268620141,True
2025-11-29T16:53:55.877587,Jeniffer,8.017016268620141,True
2025-11-29T16:53:55.911701,Jeniffer,8.045022146396482,True
2025-11-29T16:53:55.946266,Jeniffer,8.031313527031337,True
2025-11-29T16:53:55.984542,Jeniffer,8.05055253275318,True
2025-11-29T16:53:56.019079,Jeniffer,8.070703646806406,True
2025-11-29T16:53:56.052963,Jeniffer,8.070703646806406,True
2025-11-29T16:53:56.088436,Jeniffer,8.070703646806406,True
2025-11-29T16:53:56.123256,Jeniffer,8.070703646806406,True
2025-11-29T16:53:56.161225,Jeniffer,8.070703646806406,True
2025-11-29T16:53:56.198742,Jeniffer,8.05055253275318,True
2025-11-29T16:53:56.234567,Jeniffer,8.031313527031337,True
2025-11-29T16:53:56.268223,Jeniffer,8.012945914877438,True
2025-11-29T16:53:56.305881,Jeniffer,7.995413682700833,True
2025-11-29T16:53:56.340214,Jeniffer,7.978684863809855,True
2025-11-29T16:53:56.376277,Jeniffer,7.967774399420655,True
2025-11-29T16:53:56.410252,Jeniffer,7.957482398316489,True
2025-11-29T16:53:56.445608,Jeniffer,7.957482398316489,True
2025-11-29T16:53:56.481362,Jeniffer,7.9300314914496735,True
2025-11-29T16:53:56.517284,Jeniffer,7.902772514999628,True
2025-11-29T16:53:56.551632,Jeniffer,7.893134249377186,True
2025-11-29T16:53:56.589171,Jeniffer,7.866070892117932,True
2025-11-29T16:53:57.441081,Jeniffer,7.857125566392968,True
2025-11-29T16:53:57.478467,Jeniffer,7.857125566392968,True
2025-11-29T16:53:57.515385,Jeniffer,7.830261659592896,True
2025-11-29T16:53:57.552946,Jeniffer,7.822053070484632,True
2025-11-29T16:53:57.594518,Jeniffer,7.814630417691412,True
2025-11-29T16:53:57.633599,Jeniffer,7.808049309378974,True
2025-11-29T16:53:57.672480,Jeniffer,7.80237302287213,True
2025-11-29T16:53:57.711744,Jeniffer,7.79767410431335,True
2025-11-29T16:53:57.749920,Jeniffer,7.794036425479196,True
2025-11-29T16:53:57.788630,Jeniffer,7.818421774527064,True
2025-11-29T16:53:57.825338,Jeniffer,7.844281146819231,True
2025-11-29T16:53:57.860005,Jeniffer,7.844281146819231,True
2025-11-29T16:53:57.897476,Jeniffer,7.844281146819231,True
2025-11-29T16:53:57.933398,Jeniffer,7.844281146819231,True
2025-11-29T16:53:57.968494,Jeniffer,7.871748546372535,True
2025-11-29T16:53:58.001824,Jeniffer,7.900987149639644,True
2025-11-29T16:53:58.035662,Jeniffer,7.900987149639644,True
2025-11-29T16:53:58.071731,Jeniffer,7.900987149639644,True
2025-11-29T16:53:58.106646,Jeniffer,7.900987149639644,True
2025-11-29T16:53:58.143199,Jeniffer,7.900987149639644,True
2025-11-29T16:53:58.178545,Jeniffer,7.900987149639644,True
2025-11-29T16:53:58.214980,Jeniffer,7.900987149639644,True
2025-11-29T16:53:58.249397,Jeniffer,7.900987149639644,True
2025-11-29T16:53:58.285400,Jeniffer,7.932696786662525,True
2025-11-29T16:53:58.320030,Jeniffer,7.932696786662525,True
2025-11-29T16:53:58.354808,Jeniffer,7.967899324961119,True
2025-11-29T16:53:58.388591,Jeniffer,7.967899324961119,True
2025-11-29T16:53:58.425395,Jeniffer,7.967899324961119,True
2025-11-29T16:53:58.459423,Jeniffer,7.967899324961119,True
2025-11-29T16:53:58.495346,Jeniffer,7.967899324961119,True
2025-11-29T16:53:58.530839,Jeniffer,7.967899324961119,True
2025-11-29T16:53:58.565589,Jeniffer,8.00751896631865,True
2025-11-29T16:53:58.602283,Jeniffer,8.053041703112644,True
2025-11-29T16:53:58.636347,Jeniffer,8.152624591845736,True
2025-11-29T16:53:58.671364,Jeniffer,8.152624591845736,True
2025-11-29T16:53:58.709933,Jeniffer,8.152624591845736,True
2025-11-29T16:53:58.744872,Jeniffer,8.206888947232512,True
2025-11-29T16:53:58.782119,Jeniffer,8.176569154470021,True
2025-11-29T16:53:58.815880,Jeniffer,8.148001028205273,True
2025-11-29T16:53:58.851958,Jeniffer,8.119816696758466,True
2025-11-29T16:53:58.887433,Jeniffer,8.091810818982124,True
2025-11-29T16:53:58.922262,Jeniffer,8.063986585701352,True
2025-11-29T16:53:58.958606,Jeniffer,8.036347302421175,True
2025-11-29T16:53:58.993335,Jeniffer,8.036555725524433,True
2025-11-29T16:53:59.032586,Jeniffer,8.038343421924727,True
2025-11-29T16:53:59.069207,Jeniffer,8.04191569194228,True
2025-11-29T16:53:59.103438,Jeniffer,8.047529964147433,True
2025-11-29T16:53:59.138117,Jeniffer,8.020079057280617,True
2025-11-29T16:53:59.173389,Jeniffer,8.0280655031987,True
2025-11-29T16:53:59.209543,Jeniffer,8.000806526748656,True
2025-11-29T16:53:59.244957,Jeniffer,7.973743169489402,True
2025-11-29T16:54:01.628341,Jeniffer,7.94687926268933,True
2025-11-29T16:54:01.666072,Jeniffer,7.920218788430799,True
2025-11-29T16:54:01.701778,Jeniffer,7.893765888583661,True
2025-11-29T16:54:01.738156,Jeniffer,7.867524874497698,True
2025-11-29T16:54:01.774390,Jeniffer,7.841500237486798,True
2025-11-29T16:54:01.808685,Jeniffer,7.815696660186658,True
2025-11-29T16:54:01.844837,Jeniffer,7.790119028878083,True
2025-11-29T16:54:01.880883,Jeniffer,7.764772446879754,True
2025-11-29T16:54:01.916191,Jeniffer,7.739662249127924,True
2025-11-29T16:54:01.952164,Jeniffer,7.714794018076195,True
2025-11-29T16:54:01.987245,Jeniffer,7.6901736010667445,True
2025-11-29T16:54:02.022960,Jeniffer,7.66580712934544,True
2025-11-29T16:54:02.060476,Jeniffer,7.641701038917978,True
2025-11-29T16:54:02.094888,Jeniffer,7.617862093472907,True
2025-11-29T16:54:02.131239,Jeniffer,7.628655928104066,True
2025-11-29T16:54:02.169280,Jeniffer,7.64285054168351,True
2025-11-29T16:54:02.206020,Jeniffer,7.64285054168351,True
2025-11-29T16:54:02.242151,Jeniffer,7.619285857841849,True
2025-11-29T16:54:02.278292,Jeniffer,7.596002933032729,True
2025-11-29T16:54:02.317249,Jeniffer,7.573009676341565,True
2025-11-29T16:54:02.353587,Jeniffer,7.550314442733031,True
2025-11-29T16:54:02.387492,Jeniffer,7.527926071117578,True
2025-11-29T16:54:02.424752,Jeniffer,7.567763859574101,True
2025-11-29T16:54:02.461265,Jeniffer,7.638987045145703,True
2025-11-29T16:54:02.497689,Jeniffer,8.498352046841967,True
2025-11-29T16:54:02.537763,Jeniffer,8.476279902534172,True
2025-11-29T16:54:02.572725,Jeniffer,8.454533924746784,True
2025-11-29T16:54:02.610492,Jeniffer,8.4331246798798,True
2025-11-29T16:54:02.645866,Marvel,9.564929222241446,True
2025-11-29T16:54:02.681601,Jeniffer,8.412063421503946,True
2025-11-29T16:54:02.719973,Jeniffer,8.391362158108885,True
2025-11-29T16:54:02.756180,Jeniffer,9.25072715980515,True
2025-11-29T16:54:02.802268,Jeniffer,9.230398731592372,True
2025-11-29T16:54:02.837797,Jeniffer,9.210456897851401,True
2025-11-29T16:54:02.873273,Jeniffer,9.190916436779107,True
2025-11-29T16:54:02.910682,Jeniffer,9.171793260003163,True
2025-11-29T16:54:02.958715,Jeniffer,9.153104544575736,True
2025-11-29T16:54:02.995209,Jeniffer,9.134868885843455,True
2025-11-29T16:54:03.030870,Jeniffer,9.153308691025417,True
2025-11-29T16:54:03.067111,Jeniffer,9.17726444917832,True
2025-11-29T16:54:03.103947,Jeniffer,9.208800394302692,True
2025-11-29T16:54:03.138917,Jeniffer,9.25166376224707,True
2025-11-29T16:54:03.175570,Jeniffer,9.313986433971408,True
2025-11-29T16:54:03.211506,Jeniffer,9.313986433971408,True
2025-11-29T16:54:03.248545,Jeniffer,9.313986433971408,True
2025-11-29T16:54:03.286222,Jeniffer,9.313986433971408,True
2025-11-29T16:54:03.322144,Jeniffer,9.313986433971408,True
2025-11-29T16:54:03.360909,Jeniffer,9.313986433971408,True
2025-11-29T16:54:03.398278,Jeniffer,9.313986433971408,True
2025-11-29T16:54:03.432633,Jeniffer,9.313986433971408,True
2025-11-29T16:54:03.469009,Jeniffer,9.313986433971408,True
2025-11-29T16:54:03.505678,Jeniffer,9.313986433971408,True
2025-11-29T16:54:03.543028,Jeniffer,9.25166376224707,True
2025-11-29T16:54:03.580109,Jeniffer,9.208800394302692,True
2025-11-29T16:54:03.616361,Jeniffer,9.208800394302692,True
2025-11-29T16:54:03.656894,Jeniffer,9.17726444917832,True
2025-11-29T16:54:03.696574,Jeniffer,9.153308691025417,True
2025-11-29T16:54:03.735793,Jeniffer,9.134868885843455,True
2025-11-29T16:54:03.774561,Jeniffer,9.120674272264012,True
2025-11-29T16:54:03.812188,Jeniffer,9.1029118618381,True
2025-11-29T16:54:03.850916,Jeniffer,9.074850861310786,True
2025-11-29T16:54:03.889649,Jeniffer,9.074850861310786,True
2025-11-29T16:54:03.927687,Jeniffer,9.05810298615172,True
2025-11-29T16:54:03.967364,Jeniffer,9.041900788761005,True
2025-11-29T16:54:04.004533,Jeniffer,9.026273344129354,True
2025-11-29T16:54:04.043036,Jeniffer,9.011252832660999,True
2025-11-29T16:54:04.082314,Jeniffer,8.99687504630643,True
2025-11-29T16:54:04.121129,Jeniffer,8.975193561779072,True
2025-11-29T16:54:04.161053,Jeniffer,8.962226289004299,True
2025-11-29T16:54:04.199363,Jeniffer,8.94442347824439,True
2025-11-29T16:54:04.237007,Jeniffer,8.94442347824439,True
2025-11-29T16:54:04.277347,Jeniffer,8.929499528866979,True
2025-11-29T16:54:04.314898,Jeniffer,8.917263837923429,True
2025-11-29T16:54:04.354533,Jeniffer,8.917263837923429,True
2025-11-29T16:54:04.393368,Jeniffer,8.917263837923429,True
2025-11-29T16:54:04.430417,Jeniffer,8.907588636844267,True
2025-11-29T16:54:04.468557,Jeniffer,8.907588636844267,True
2025-11-29T16:54:04.504375,Jeniffer,8.907588636844267,True
2025-11-29T16:54:04.544468,Jeniffer,8.900397946150143,True
2025-11-29T16:54:04.583251,Jeniffer,8.900397946150143,True
2025-11-29T16:54:04.623473,Jeniffer,8.900397946150143,True
2025-11-29T16:54:04.662382,Jeniffer,8.900397946150143,True
2025-11-29T16:54:04.701839,Jeniffer,8.900397946150143,True
2025-11-29T16:54:04.739660,Jeniffer,8.895661731735718,True
2025-11-29T16:54:04.779718,Jeniffer,8.895661731735718,True
2025-11-29T16:54:04.818359,Jeniffer,8.893394150994833,True
2025-11-29T16:54:04.860971,Jeniffer,8.893394150994833,True
2025-11-29T16:54:04.898772,Jeniffer,8.893394150994833,True
2025-11-29T16:54:04.939516,Jeniffer,8.893394150994833,True
2025-11-29T16:54:04.977638,Jeniffer,8.898093069553614,True
2025-11-29T16:54:05.015994,Jeniffer,8.903769356060456,True
2025-11-29T16:54:05.053322,Jeniffer,8.909674615635495,True
2025-11-29T16:54:05.094240,Jeniffer,8.916889387802124,True
2025-11-29T16:54:05.131420,Jeniffer,8.923470496114563,True
2025-11-29T16:54:05.169785,Jeniffer,8.931865171775774,True
2025-11-29T16:54:05.210030,Jeniffer,8.941331949751676,True
2025-11-29T16:54:05.251914,Jeniffer,8.951779944294932,True
2025-11-29T16:54:05.293287,Jeniffer,8.95920259708815,True
2025-11-29T16:54:05.333742,Jeniffer,8.970554276448011,True
2025-11-29T16:54:05.373331,Jeniffer,8.978762865556275,True
2025-11-29T16:54:05.411998,Jeniffer,8.990951404111032,True
2025-11-29T16:54:05.448574,Jeniffer,8.999896729835996,True
2025-11-29T16:54:05.486732,Jeniffer,9.012864002610769,True
2025-11-29T16:54:05.524695,Jeniffer,9.022502268233211,True
2025-11-29T16:54:05.564410,Jeniffer,9.032794269337376,True
2025-11-29T16:54:05.604316,Jeniffer,9.043704733726576,True
2025-11-29T16:54:05.642692,Jeniffer,9.055201779087884,True
2025-11-29T16:54:05.680240,Jeniffer,9.067256463697674,True
2025-11-29T16:54:05.717181,Jeniffer,9.067256463697674,True
2025-11-29T16:54:05.754813,Jeniffer,9.07984241135745,True
2025-11-29T16:54:05.793891,Jeniffer,9.07984241135745,True
2025-11-29T16:54:05.832821,Jeniffer,9.07984241135745,True
2025-11-29T16:54:05.873193,Jeniffer,9.07984241135745,True
2025-11-29T16:54:05.911488,Jeniffer,9.07984241135745,True
2025-11-29T16:54:05.950484,Jeniffer,9.07984241135745,True
2025-11-29T16:54:05.989015,Jeniffer,9.07984241135745,True
2025-11-29T16:54:06.028173,Jeniffer,9.07984241135745,True
2025-11-29T16:54:06.065114,Jeniffer,9.07984241135745,True
2025-11-29T16:54:06.103378,Jeniffer,9.07984241135745,True
2025-11-29T16:54:06.142429,Jeniffer,9.07984241135745,True
2025-11-29T16:54:06.181852,Jeniffer,9.07984241135745,True
2025-11-29T16:54:06.218914,Jeniffer,9.07984241135745,True
2025-11-29T16:54:06.257501,Jeniffer,9.07984241135745,True
2025-11-29T16:54:06.297238,Jeniffer,9.07984241135745,True
2025-11-29T16:54:06.335436,Jeniffer,9.07984241135745,True
2025-11-29T16:54:06.373863,Jeniffer,9.07984241135745,True
2025-11-29T16:54:06.412213,Jeniffer,9.07984241135745,True
2025-11-29T16:54:06.450103,Jeniffer,9.07984241135745,True
2025-11-29T16:54:06.488789,Jeniffer,9.07984241135745,True
2025-11-29T16:54:06.527167,Jeniffer,9.07984241135745,True
2025-11-29T16:54:06.565017,Jeniffer,9.07984241135745,True
2025-11-29T16:54:06.606893,Jeniffer,9.07984241135745,True
2025-11-29T16:54:06.644519,Jeniffer,9.07984241135745,True
2025-11-29T16:54:06.681849,Jeniffer,9.07984241135745,True
2025-11-29T16:54:06.720081,Jeniffer,9.07984241135745,True
2025-11-29T16:54:06.756777,Jeniffer,9.07984241135745,True
2025-11-29T16:54:06.793436,Jeniffer,9.07984241135745,True
2025-11-29T16:54:06.832462,Jeniffer,9.07984241135745,True
2025-11-29T16:54:06.870819,Jeniffer,9.07984241135745,True
2025-11-29T16:54:06.909023,Jeniffer,9.07984241135745,True
2025-11-29T16:54:06.946687,Jeniffer,9.07984241135745,True
2025-11-29T16:54:06.984705,Jeniffer,9.07984241135745,True
2025-11-29T16:54:07.035367,Jeniffer,9.07984241135745,True
2025-11-29T16:54:07.168664,Jeniffer,9.07984241135745,True
2025-11-29T16:54:07.205721,Jeniffer,9.07984241135745,True
2025-11-29T16:54:07.246593,Jeniffer,9.07984241135745,True
2025-11-29T16:54:07.283583,Jeniffer,9.07984241135745,True
2025-11-29T16:54:07.321661,Jeniffer,9.07984241135745,True
2025-11-29T16:54:07.359508,Jeniffer,9.07984241135745,True
2025-11-29T16:54:07.398765,Jeniffer,9.07984241135745,True
2025-11-29T16:54:07.435656,Jeniffer,9.07984241135745,True
2025-11-29T16:54:07.473069,Jeniffer,9.07984241135745,True
2025-11-29T16:54:07.511332,Jeniffer,9.067256463697674,True
2025-11-29T16:54:07.551087,Jeniffer,9.055201779087884,True
2025-11-29T16:54:07.587172,Jeniffer,9.055201779087884,True
2025-11-29T16:54:07.627460,Jeniffer,9.055201779087884,True
2025-11-29T16:54:07.664809,Jeniffer,9.055201779087884,True
2025-11-29T16:54:07.701857,Jeniffer,9.043704733726576,True
2025-11-29T16:54:07.738303,Jeniffer,9.032794269337376,True
2025-11-29T16:54:07.775422,Jeniffer,9.032794269337376,True
2025-11-29T16:54:07.813296,Jeniffer,9.032794269337376,True
2025-11-29T16:54:07.851011,Jeniffer,9.030737460951803,True
2025-11-29T16:54:07.888287,Jeniffer,9.030737460951803,True
2025-11-29T16:54:07.926271,Jeniffer,9.030737460951803,True
2025-11-29T16:54:07.962783,Jeniffer,9.030737460951803,True
2025-11-29T16:54:08.000941,Jeniffer,9.030737460951803,True
2025-11-29T16:54:08.041204,Jeniffer,9.030737460951803,True
2025-11-29T16:54:08.078770,Jeniffer,9.019826996562603,True
2025-11-29T16:54:08.117512,Jeniffer,9.019826996562603,True
2025-11-29T16:54:08.155608,Jeniffer,9.019826996562603,True
2025-11-29T16:54:08.190157,Jeniffer,9.007638458007849,True
2025-11-29T16:54:08.223170,Jeniffer,8.997346456903683,True
2025-11-29T16:54:08.257099,Jeniffer,8.987708191281241,True
