{
    "age": 28,
    "region": {
        "x": 252,
        "y": 155,
        "w": 76,
        "h": 107,
        "left_eye": [
            311,
            192
        ],
        "right_eye": [
            278,
            202
        ],
        "nose": [
            303,
            218
        ],
        "mouth_left": [
            315,
            232
        ],
        "mouth_right": [
            289,
            239
        ]
    },
    "face_confidence": 1.0,
    "gender": {
        "Woman": 94.46100616455078,
        "Man": 5.53898811340332
    },
    "dominant_gender": "Woman",
    "emotion": {
        "angry": 0.00012707378482446074,
        "disgust": 1.4490081357010354e-10,
        "fear": 9.728497616379173e-07,
        "happy": 97.91307830810547,
        "sad": 7.853232091292739e-05,
        "surprise": 3.5822919016936794e-05,
        "neutral": 2.0866804122924805
    },
    "dominant_emotion": "happy",
    "race": {
        "asian": 27.69798469543457,
        "indian": 6.334437847137451,
        "black": 2.798146963119507,
        "white": 23.6722354888916,
        "middle eastern": 13.774687767028809,
        "latino hispanic": 25.722496032714844
    },
    "dominant_race": "asian"
}