{
    "age": 37,
    "region": {
        "x": 539,
        "y": 264,
        "w": 43,
        "h": 48,
        "left_eye": [
            569,
            285
        ],
        "right_eye": [
            550,
            281
        ],
        "nose": [
            556,
            290
        ],
        "mouth_left": [
            563,
            300
        ],
        "mouth_right": [
            547,
            297
        ]
    },
    "face_confidence": 1.0,
    "gender": {
        "Woman": 9.356115341186523,
        "Man": 90.64388275146484
    },
    "dominant_gender": "Man",
    "emotion": {
        "angry": 1.6996825991100195e-07,
        "disgust": 1.2410483805069816e-06,
        "fear": 0.01576460339128971,
        "happy": 99.90802001953125,
        "sad": 0.007543070241808891,
        "surprise": 4.489047328304352e-11,
        "neutral": 0.0686759501695633
    },
    "dominant_emotion": "happy",
    "race": {
        "asian": 98.71733856201172,
        "indian": 0.043734852224588394,
        "black": 0.0037387057673186064,
        "white": 0.861487627029419,
        "middle eastern": 0.0161530040204525,
        "latino hispanic": 0.357553631067276
    },
    "dominant_race": "asian"
}