{
    "age": 33,
    "region": {
        "x": 2458,
        "y": 1515,
        "w": 541,
        "h": 679,
        "left_eye": [
            2754,
            1759
        ],
        "right_eye": [
            2541,
            1724
        ],
        "nose": [
            2570,
            1872
        ],
        "mouth_left": [
            2672,
            2031
        ],
        "mouth_right": [
            2517,
            2003
        ]
    },
    "face_confidence": 1.0,
    "gender": {
        "Woman": 3.389822006225586,
        "Man": 96.61018371582031
    },
    "dominant_gender": "Man",
    "emotion": {
        "angry": 15.310680389404297,
        "disgust": 3.673053527997183e-11,
        "fear": 1.0828397535078693e-05,
        "happy": 0.0013493120204657316,
        "sad": 0.10584300756454468,
        "surprise": 3.960041539130543e-08,
        "neutral": 84.58211517333984
    },
    "dominant_emotion": "neutral",
    "race": {
        "asian": 90.90184783935547,
        "indian": 0.027851875871419907,
        "black": 0.011566558852791786,
        "white": 8.508795738220215,
        "middle eastern": 0.2637077569961548,
        "latino hispanic": 0.2862222492694855
    },
    "dominant_race": "asian"
}